facility_id,facility_name,facility_street,facility_city,facility_postal,state,country,region,website_link,website_short,contact,featured,bar,food,lessons,leagues,24hrs,bays,notes,details_desc,facility_img,facility_img2,facility_img3,facility_img4,map_link,active,facility_slug,rating,reviews,keyword
loaded,3D Golf Performance,137 Glacier St #103,,,bc,can,,,,,0,,,,,,,"""If you want to take your game to the next level, this is the place to be!""",,uploads/no_image.jpg,uploads/no_image.jpg,uploads/no_image.jpg,uploads/no_image.jpg,,1,,4.7,7,Golf club
loaded,Ace Performance center,5660 Cedarbridge Way #120,,,bc,can,,,,,0,,,,,,,"""Widest selection of club and shaft combinations.""",,uploads/no_image.jpg,uploads/no_image.jpg,uploads/no_image.jpg,uploads/no_image.jpg,,1,,4.7,7,Indoor golf course
loaded,Ambition Sports Academy,13120 76 Ave,,,bc,can,,,,,0,,,,,,,"""Very clean and well maintained equipment.""",,uploads/no_image.jpg,uploads/no_image.jpg,uploads/no_image.jpg,uploads/no_image.jpg,,1,,5,61,Indoor golf course
loaded,Anytime Sim Golf,889 Vaughan Ave #103,,,bc,can,,,,,0,,,,,,,"""They have a ton of different course selections and a driving range option.""",,uploads/no_image.jpg,uploads/no_image.jpg,uploads/no_image.jpg,uploads/no_image.jpg,,1,,4.4,66,Indoor golf course
loaded,Atlas Performance and Golf Academy,41894 Yale Rd,,,bc,can,,,,,0,,,,,,,Onsite services,,uploads/no_image.jpg,uploads/no_image.jpg,uploads/no_image.jpg,uploads/no_image.jpg,,1,,5,39,Golf instructor
loaded,Axe & Grind,910 Government St #107,,,bc,can,,,,,0,,,,,,,"""Axes, golf, arcade, VR, darts and karaoke!!""",,uploads/no_image.jpg,uploads/no_image.jpg,uploads/no_image.jpg,uploads/no_image.jpg,,1,,4.8,524,Indoor golf course
loaded,Backspins,953 Hodgin St,,,bc,can,,,,,0,,,,,,,Dine-in,,uploads/no_image.jpg,uploads/no_image.jpg,uploads/no_image.jpg,uploads/no_image.jpg,,1,,4.5,31,Indoor golf course
loaded,Birdie Indoor Golf Center,4280 Number 3 Rd,,,bc,can,,,,,0,,,,,,,Onsite services,,uploads/no_image.jpg,uploads/no_image.jpg,uploads/no_image.jpg,uploads/no_image.jpg,,1,,4.7,88,Indoor golf course
loaded,Birdies & Buckets Family Golf Centre,5228 King George Blvd,,,bc,can,,,,,0,,,,,,,Onsite services,,uploads/no_image.jpg,uploads/no_image.jpg,uploads/no_image.jpg,uploads/no_image.jpg,,1,,4.2,408,Golf course
loaded,Blenkinsop Mini Golf,4239 Blenkinsop Rd,,,bc,can,,,,,0,,,,,,,"""There were 18 holes and for $10 is a steal.""",,uploads/no_image.jpg,uploads/no_image.jpg,uploads/no_image.jpg,uploads/no_image.jpg,,1,,4.5,284,Miniature golf course
loaded,Bogey's Indoor Golf,3806 166th Pl NE Unit B-2,,,bc,can,,,,,0,,,,,,,,,uploads/no_image.jpg,uploads/no_image.jpg,uploads/no_image.jpg,uploads/no_image.jpg,,1,,,0,Indoor golf course
loaded,Breaking Par Golf Inc.,2400A Ord Rd,,,bc,can,,,,,0,,,,,,,"""The facility has three open bays, one private bay, and a practice bay.""",,uploads/no_image.jpg,uploads/no_image.jpg,uploads/no_image.jpg,uploads/no_image.jpg,,1,,4.8,61,Indoor golf course
loaded,CanadaPGA Golf,4239 Blenkinsop Rd,,,bc,can,,,,,0,,,,,,,,,uploads/no_image.jpg,uploads/no_image.jpg,uploads/no_image.jpg,uploads/no_image.jpg,,1,,5,1,Golf instructor
loaded,Castle Fun Park,36165 N Parallel Rd,,,bc,can,,,,,0,,,,,,,"""You can have a great date for $50 (",,uploads/no_image.jpg,uploads/no_image.jpg,uploads/no_image.jpg,uploads/no_image.jpg,,1,,4.4,"5,834",Golf course
loaded,Central City Fun Park,11125 124 St,,,bc,can,,,,,0,,,,,,,"""It’s got a wide set of arcade games, bowling,",,uploads/no_image.jpg,uploads/no_image.jpg,uploads/no_image.jpg,uploads/no_image.jpg,,1,,4.4,"1,211",Miniature golf course
loaded,Central Golf Club,5960 Minoru Blvd #100,,,bc,can,,,,,0,,,,,,,Onsite services not available,,uploads/no_image.jpg,uploads/no_image.jpg,uploads/no_image.jpg,uploads/no_image.jpg,,1,,5,1,Indoor golf course
loaded,Central Park Pitch & Putt,3883 Imperial St,,,bc,can,,,,,0,,,,,,,Onsite services,,uploads/no_image.jpg,uploads/no_image.jpg,uploads/no_image.jpg,uploads/no_image.jpg,,1,,4.5,470,Golf course
loaded,Chippi Golf,1585 Broadway St #108,,,bc,can,,,,,0,,,,,,,,,uploads/no_image.jpg,uploads/no_image.jpg,uploads/no_image.jpg,uploads/no_image.jpg,,1,,,0,Indoor golf course
loaded,Clubhouse Indoor Golf,12060 Bridgeport Rd,,,bc,can,,,,,0,,,,,,,"""Very efficient and well equipped indoor golf court.""",,uploads/no_image.jpg,uploads/no_image.jpg,uploads/no_image.jpg,uploads/no_image.jpg,,1,,4.6,116,Indoor golf course
loaded,Crash Crawly's,1300 Woolridge St #1,,,bc,can,,,,,0,,,,,,,Onsite services,,uploads/no_image.jpg,uploads/no_image.jpg,uploads/no_image.jpg,uploads/no_image.jpg,,1,,3.6,"1,037",Indoor playground
loaded,Dante's Golf Lounge,8800 Rising View Way,,,bc,can,,,,,0,,,,,,,"""That is, of course, until you learn of Dante’s Golf Lounge.""",,uploads/no_image.jpg,uploads/no_image.jpg,uploads/no_image.jpg,uploads/no_image.jpg,,1,,5,2,Indoor golf course
loaded,David Leadbetter Golf Academy - Whistler,"Practice Facility, 4612 Blackcomb Wy",,,bc,can,,,,,0,,,,,,,"""10/10 would recommend to any golfer.""",,uploads/no_image.jpg,uploads/no_image.jpg,uploads/no_image.jpg,uploads/no_image.jpg,,1,,5,4,Golf instructor
loaded,Deception Pass Golf Center,597 Ducken Rd,,,bc,can,,,,,0,,,,,,,Onsite services,,uploads/no_image.jpg,uploads/no_image.jpg,uploads/no_image.jpg,uploads/no_image.jpg,,1,,4.5,176,Golf course
loaded,Drive Golf Academy,1293B 56 St,,,bc,can,,,,,0,,,,,,,"""Imagine playing 18 holes of great courses in 1 hour!""",,uploads/no_image.jpg,uploads/no_image.jpg,uploads/no_image.jpg,uploads/no_image.jpg,,1,,5,9,Golf instructor
loaded,Eaglequest Golf,1001 United Blvd,,,bc,can,,,,,0,,,,,,,"""The",,uploads/no_image.jpg,uploads/no_image.jpg,uploads/no_image.jpg,uploads/no_image.jpg,,1,,3.8,847,Golf course
loaded,EB Golf Tech,5166 264 St,,,bc,can,,,,,0,,,,,,,"""Renting the simulator is great practice on a cold rainy day!""",,uploads/no_image.jpg,uploads/no_image.jpg,uploads/no_image.jpg,uploads/no_image.jpg,,1,,4.5,25,Indoor golf course
loaded,Elite Golf Club,4551 Number 3 Rd Unit 170,,,bc,can,,,,,0,,,,,,,"""The grounds are large with plenty of professional indoor golf simulators.""",,uploads/no_image.jpg,uploads/no_image.jpg,uploads/no_image.jpg,uploads/no_image.jpg,,1,,4.5,73,Indoor golf course
loaded,Flatstick Pub - Bellingham,902 N State St Suite 105,,,bc,can,,,,,0,,,,,,,"""The free games are nice and the",,uploads/no_image.jpg,uploads/no_image.jpg,uploads/no_image.jpg,uploads/no_image.jpg,,1,,4.6,213,Miniature golf course
loaded,Fraserview Driving Range,7800 Vivian Dr,,,bc,can,,,,,0,,,,,,,"""Good range with two levels and a decent number of stalls.""",,uploads/no_image.jpg,uploads/no_image.jpg,uploads/no_image.jpg,uploads/no_image.jpg,,1,,4.1,166,Golf driving range
loaded,Game Deck Golf & Multi-Sport Simulator,6501 Sprott St,,,bc,can,,,,,0,,,,,,,"""Golf Sim is a beauty 40$/hour can't beat it""",,uploads/no_image.jpg,uploads/no_image.jpg,uploads/no_image.jpg,uploads/no_image.jpg,,1,,3.7,3,Indoor golf course
loaded,GoGo Academy @ Clubhouse,12060 Bridgeport Rd,,,bc,can,,,,,0,,,,,,,"""Uses rungolf software and is pretty accurate.""",,uploads/no_image.jpg,uploads/no_image.jpg,uploads/no_image.jpg,uploads/no_image.jpg,,1,,5,2,Golf instructor
loaded,GoGo Golf Academy Surrey,5228 King George Blvd,,,bc,can,,,,,0,,,,,,,,,uploads/no_image.jpg,uploads/no_image.jpg,uploads/no_image.jpg,uploads/no_image.jpg,,1,,5,1,Golf instructor
loaded,Golf Evolution,2544 Enterprise Way,,,bc,can,,,,,0,,,,,,,,,uploads/no_image.jpg,uploads/no_image.jpg,uploads/no_image.jpg,uploads/no_image.jpg,,1,,4.9,90,Indoor golf course
loaded,Happy Gilmore Golf Lounge,4172 Lougheed Hwy. #232,,,bc,can,,,,,0,,,,,,,,,uploads/no_image.jpg,uploads/no_image.jpg,uploads/no_image.jpg,uploads/no_image.jpg,,1,,,0,Indoor golf course
loaded,Iron & Wood Golf Simulators,3453 Saanich Rd,,,bc,can,,,,,0,,,,,,,"""So much fun and a wonderful top notch facility.""",,uploads/no_image.jpg,uploads/no_image.jpg,uploads/no_image.jpg,uploads/no_image.jpg,,1,,4.9,135,Indoor golf course
loaded,J.Y.'s Indoor Golf,1449 Prairie Ave #6,,,bc,can,,,,,0,,,,,,,"""Two separate good sized rooms with golf simulators and seating.""",,uploads/no_image.jpg,uploads/no_image.jpg,uploads/no_image.jpg,uploads/no_image.jpg,,1,,4.9,60,Indoor golf course
loaded,Jack's Indoor Golf Lounge,45966 Yale Rd Unit #2,,,bc,can,,,,,0,,,,,,,"""We made it through 4 holes in the 1.5 hours but it was a blast.""",,uploads/no_image.jpg,uploads/no_image.jpg,uploads/no_image.jpg,uploads/no_image.jpg,,1,,4.2,32,Indoor golf course
loaded,JSquared Golf,4320 Gallaghers Dr W,,,bc,can,,,,,0,,,,,,,"""Look nowhere else for the best simulator experience in Kelowna!""",,uploads/no_image.jpg,uploads/no_image.jpg,uploads/no_image.jpg,uploads/no_image.jpg,,1,,5,3,Indoor golf course
loaded,Kamloops Virtual Golf,141 Lorne St,,,bc,can,,,,,0,,,,,,,Onsite services,,uploads/no_image.jpg,uploads/no_image.jpg,uploads/no_image.jpg,uploads/no_image.jpg,,1,,5,37,Indoor golf course
loaded,Kelowna Driving Range | Okanagan's Premier Practice Facility,3810 Casorso Rd,,,bc,can,,,,,0,,,,,,,"""The",,uploads/no_image.jpg,uploads/no_image.jpg,uploads/no_image.jpg,uploads/no_image.jpg,,1,,3.8,82,Golf driving range
loaded,Lago Golf Academy,1630 Parkway Blvd,,,bc,can,,,,,0,,,,,,,Onsite services,,uploads/no_image.jpg,uploads/no_image.jpg,uploads/no_image.jpg,uploads/no_image.jpg,,1,,4.8,174,Golf instructor
loaded,Lumberjacks Indoor Golf,"4159 Hannegan Rd, WA",,,bc,can,,,,,0,,,,,,,"""Really great to have a space like this in Whatcom County.""",,uploads/no_image.jpg,uploads/no_image.jpg,uploads/no_image.jpg,uploads/no_image.jpg,,1,,4.7,3,Indoor golf course
loaded,Mammoth Mini Golf,1 Bellis Fair Pkwy Suite 345,,,bc,can,,,,,0,,,,,,,"""My son and I had so much fun, we can't wait to go back.""",,uploads/no_image.jpg,uploads/no_image.jpg,uploads/no_image.jpg,uploads/no_image.jpg,,1,,4,5,Miniature golf course
loaded,McCleery Driving Range,7188 Macdonald St,,,bc,can,,,,,0,,,,,,,Onsite services,,uploads/no_image.jpg,uploads/no_image.jpg,uploads/no_image.jpg,uploads/no_image.jpg,,1,,4.1,236,Golf driving range
loaded,Modern Golf Surrey/Langley,20121 Willowbrook Dr Unit #105,,,bc,can,,,,,0,,,,,,,Onsite services,,uploads/no_image.jpg,uploads/no_image.jpg,uploads/no_image.jpg,uploads/no_image.jpg,,1,,4.9,133,Golf instructor
loaded,Modern Golf Vancouver,12553 Bridgeport Rd #130,,,bc,can,,,,,0,,,,,,,In-store shopping,,uploads/no_image.jpg,uploads/no_image.jpg,uploads/no_image.jpg,uploads/no_image.jpg,,1,,4.9,446,Golf instructor
loaded,Mulligans on 4th,405 Victoria St,,,bc,can,,,,,0,,,,,,,Dine-in,,uploads/no_image.jpg,uploads/no_image.jpg,uploads/no_image.jpg,uploads/no_image.jpg,,1,,4.1,9,Indoor golf course
loaded,Musqueam Golf & Learning Academy,3904 W 51st Ave,,,bc,can,,,,,0,,,,,,,Onsite services,,uploads/no_image.jpg,uploads/no_image.jpg,uploads/no_image.jpg,uploads/no_image.jpg,,1,,4.1,309,Golf driving range
loaded,NV Tour Golf,2052B Quilchena Ave,,,bc,can,,,,,0,,,,,,,"""Great crew and shot tracking is true!""",,uploads/no_image.jpg,uploads/no_image.jpg,uploads/no_image.jpg,uploads/no_image.jpg,,1,,5,2,Indoor golf course
loaded,OK Screen Golf,106-2971 Viking Way,,,bc,can,,,,,0,,,,,,,"""There are snacks and drinks you can purchase, and they allow food delivery.""",,uploads/no_image.jpg,uploads/no_image.jpg,uploads/no_image.jpg,uploads/no_image.jpg,,1,,4.5,81,Indoor golf course
loaded,Okanagan Golf School,6228 Miltimore Ave,,,bc,can,,,,,0,,,,,,,,,uploads/no_image.jpg,uploads/no_image.jpg,uploads/no_image.jpg,uploads/no_image.jpg,,1,,,0,Golf instructor
loaded,Okanagan Virtual Golf,310 Main St,,,bc,can,,,,,0,,,,,,,"""Inclusive space and very welcoming to all level of players !""",,uploads/no_image.jpg,uploads/no_image.jpg,uploads/no_image.jpg,uploads/no_image.jpg,,1,,5,33,Indoor golf course
loaded,One Under,476 Granville St,,,bc,can,,,,,0,,,,,,,Dine-in,,uploads/no_image.jpg,uploads/no_image.jpg,uploads/no_image.jpg,uploads/no_image.jpg,,1,,4.4,747,Golf course
loaded,Orcas Island Mini Golf,2171 Orcas Rd,,,bc,can,,,,,0,,,,,,,"""All of the greens in good shape, lots of fun, creative holes.""",,uploads/no_image.jpg,uploads/no_image.jpg,uploads/no_image.jpg,uploads/no_image.jpg,,1,,4.9,60,Miniature golf course
loaded,Pacific Adventure Golf,3200 E Hastings St,,,bc,can,,,,,0,,,,,,,"""I found the Putts a bit repetitive, but not a bad course.""",,uploads/no_image.jpg,uploads/no_image.jpg,uploads/no_image.jpg,uploads/no_image.jpg,,1,,3.2,9,Miniature golf course
loaded,Pacific Golf Academy,12191 Hammersmith Way #1155,,,bc,can,,,,,0,,,,,,,Onsite services,,uploads/no_image.jpg,uploads/no_image.jpg,uploads/no_image.jpg,uploads/no_image.jpg,,1,,4.8,14,Golf instructor
loaded,Pacific Northwest Golf Centers,115 E Homestead Blvd,,,bc,can,,,,,0,,,,,,,,,uploads/no_image.jpg,uploads/no_image.jpg,uploads/no_image.jpg,uploads/no_image.jpg,,1,,,0,Golf instructor
loaded,Par4 Kitchen & Bar,5580 152 St,,,bc,can,,,,,0,,,,,,,Dine-in,,uploads/no_image.jpg,uploads/no_image.jpg,uploads/no_image.jpg,uploads/no_image.jpg,,1,,4.3,354,Indoor golf course
loaded,Paradise Mini Golf and Fun Park,375 Island Hwy W,,,bc,can,,,,,0,,,,,,,Onsite services,,uploads/no_image.jpg,uploads/no_image.jpg,uploads/no_image.jpg,uploads/no_image.jpg,,1,,4.3,"1,406",Miniature golf course
loaded,Par-Tee Putt,670 Smithe St,,,bc,can,,,,,0,,,,,,,"""",,uploads/no_image.jpg,uploads/no_image.jpg,uploads/no_image.jpg,uploads/no_image.jpg,,1,,3.3,261,Bar
loaded,PGC(Performance Golf Center),5785 200 St #101,,,bc,can,,,,,0,,,,,,,"""It was very easy to use these systems as there are tutorials on the website.""",,uploads/no_image.jpg,uploads/no_image.jpg,uploads/no_image.jpg,uploads/no_image.jpg,,1,,5,6,Indoor golf course
loaded,Portal Putt Miniature Golf,296 W Laurel St,,,bc,can,,,,,0,,,,,,,"""The course was perfect for all age ranges.""",,uploads/no_image.jpg,uploads/no_image.jpg,uploads/no_image.jpg,uploads/no_image.jpg,,1,,4.4,17,Miniature golf course
loaded,Precision Golf Academy,12128 Horseshoe Way #165,,,bc,can,,,,,0,,,,,,,Onsite services,,uploads/no_image.jpg,uploads/no_image.jpg,uploads/no_image.jpg,uploads/no_image.jpg,,1,,5,19,Golf instructor
loaded,Prime Golf,4750 Rutherford Rd #249,,,bc,can,,,,,0,,,,,,,Onsite services,,uploads/no_image.jpg,uploads/no_image.jpg,uploads/no_image.jpg,uploads/no_image.jpg,,1,,4.9,74,Indoor golf course
loaded,Prime Golf Studio,11788 River Rd #112,,,bc,can,,,,,0,,,,,,,"""The facility is well decorated, and it is always kept clean and neat""",,uploads/no_image.jpg,uploads/no_image.jpg,uploads/no_image.jpg,uploads/no_image.jpg,,1,,5,78,Golf instructor
loaded,Project Golf,7388 No 6 Rd,,,bc,can,,,,,0,,,,,,,Onsite services,,uploads/no_image.jpg,uploads/no_image.jpg,uploads/no_image.jpg,uploads/no_image.jpg,,1,,5,15,Golf instructor
loaded,Puget Sound Golf Club,210 SE Pioneer Way Suite 1,,,bc,can,,,,,0,,,,,,,"""State of the art technology and very well done inside.""",,uploads/no_image.jpg,uploads/no_image.jpg,uploads/no_image.jpg,uploads/no_image.jpg,,1,,4.7,12,Indoor golf course
loaded,Putters Mini Golf Course,4800 Marine Ave,,,bc,can,,,,,0,,,,,,,"""The course was clean, tidy and the holes were reasonably fun.""",,uploads/no_image.jpg,uploads/no_image.jpg,uploads/no_image.jpg,uploads/no_image.jpg,,1,,4.5,77,Miniature golf course
loaded,RG Golf Simulator Showroom 如歌高尔夫模拟器北美,9151 Van Horne Way,,,bc,can,,,,,0,,,,,,,"""Excellent golf simulator within the badminton club.""",,uploads/no_image.jpg,uploads/no_image.jpg,uploads/no_image.jpg,uploads/no_image.jpg,,1,,5,1,Indoor golf course
loaded,Richmond Driving Range,4880 No 6 Rd,,,bc,can,,,,,0,,,,,,,Onsite services,,uploads/no_image.jpg,uploads/no_image.jpg,uploads/no_image.jpg,uploads/no_image.jpg,,1,,4.2,293,Golf driving range
loaded,Riptide Lagoon Adventure Golf,1000 Resort Dr,,,bc,can,,,,,0,,,,,,,"""great",,uploads/no_image.jpg,uploads/no_image.jpg,uploads/no_image.jpg,uploads/no_image.jpg,,1,,4.6,728,Miniature golf course
loaded,Savage Creek Golf Course & Driving Range,7388 No 6 Rd,,,bc,can,,,,,0,,,,,,,"""60 balls for $8 for",,uploads/no_image.jpg,uploads/no_image.jpg,uploads/no_image.jpg,uploads/no_image.jpg,,1,,4.5,890,Golf course
loaded,Scandia Golf & Games,2898 Hwy 97 N,,,bc,can,,,,,0,,,,,,,"""",,uploads/no_image.jpg,uploads/no_image.jpg,uploads/no_image.jpg,uploads/no_image.jpg,,1,,4.1,"2,081",Amusement center
loaded,Scratch Indoor Golf and Academy | Golf Lessons | Golf Clubs Accessories Apparel | GCHawk and EyeXO Simulators | Puttview,641 Lougheed Hwy. #100,,,bc,can,,,,,0,,,,,,,Onsite services,,uploads/no_image.jpg,uploads/no_image.jpg,uploads/no_image.jpg,uploads/no_image.jpg,,1,,4.8,73,Golf instructor
loaded,Second Golf Shop,11220 Voyageur Way #8,,,bc,can,,,,,0,,,,,,,Onsite services,,uploads/no_image.jpg,uploads/no_image.jpg,uploads/no_image.jpg,uploads/no_image.jpg,,1,,4.9,39,Indoor golf course
loaded,Seymour Creek Golf Centre,315 Seymour Blvd,,,bc,can,,,,,0,,,,,,,"""Loved",,uploads/no_image.jpg,uploads/no_image.jpg,uploads/no_image.jpg,uploads/no_image.jpg,,1,,4.1,299,Golf driving range
loaded,Shop Birdie Juice,916 E 20th Ave,,,bc,can,,,,,0,,,,,,,,,uploads/no_image.jpg,uploads/no_image.jpg,uploads/no_image.jpg,uploads/no_image.jpg,,1,,,0,Golf instructor
loaded,Sim Suite Sports,2677 192 St #101,,,bc,can,,,,,0,,,,,,,,,uploads/no_image.jpg,uploads/no_image.jpg,uploads/no_image.jpg,uploads/no_image.jpg,,1,,,0,Indoor golf course
loaded,SIMBAY240,3810 Casorso Rd,,,bc,can,,,,,0,,,,,,,,,uploads/no_image.jpg,uploads/no_image.jpg,uploads/no_image.jpg,uploads/no_image.jpg,,1,,,0,Golf course
loaded,Simplex Sportszone,2600 Enterprise Way #200,,,bc,can,,,,,0,,,,,,,"""Lots of fun but really expensive.""",,uploads/no_image.jpg,uploads/no_image.jpg,uploads/no_image.jpg,uploads/no_image.jpg,,1,,4.7,93,Indoor golf course
loaded,Squamish golf simulators,1201 Commercial Way Unit #401,,,bc,can,,,,,0,,,,,,,"""So much fun.This is my new favourite place""",,uploads/no_image.jpg,uploads/no_image.jpg,uploads/no_image.jpg,uploads/no_image.jpg,,1,,5,2,Indoor golf course
loaded,Sun Peaks Indoor Golf,1130 Sun Peaks Rd,,,bc,can,,,,,0,,,,,,,,,uploads/no_image.jpg,uploads/no_image.jpg,uploads/no_image.jpg,uploads/no_image.jpg,,1,,,0,Indoor golf course
loaded,Surrey Golf Academy | Golf Lessons in Surrey BC,7778 152 St,,,bc,can,,,,,0,,,,,,,,,uploads/no_image.jpg,uploads/no_image.jpg,uploads/no_image.jpg,uploads/no_image.jpg,,1,,,0,Golf instructor
loaded,Swingers Golf Victoria,910 Government St #107,,,bc,can,,,,,0,,,,,,,"""Great space and super friendly staff!""",,uploads/no_image.jpg,uploads/no_image.jpg,uploads/no_image.jpg,uploads/no_image.jpg,,1,,5,23,Indoor golf course
loaded,Swinomish Golf Links,12518 Christianson Rd,,,bc,can,,,,,0,,,,,,,Onsite services,,uploads/no_image.jpg,uploads/no_image.jpg,uploads/no_image.jpg,uploads/no_image.jpg,,1,,4.1,110,Golf course
loaded,Tap-Ins Putting Course,4000a Columbia Valley Rd,,,bc,can,,,,,0,,,,,,,"""It was well-maintained with challenging holes but still enjoyable.""",,uploads/no_image.jpg,uploads/no_image.jpg,uploads/no_image.jpg,uploads/no_image.jpg,,1,,4.7,213,Public golf course
loaded,TDL Custom Golf Simulators,1193 Seymour Blvd,,,bc,can,,,,,0,,,,,,,,,uploads/no_image.jpg,uploads/no_image.jpg,uploads/no_image.jpg,uploads/no_image.jpg,,1,,5,1,Interior designer
loaded,Tee It Up Virtual Golf,1402 Bay Ave,,,bc,can,,,,,0,,,,,,,"""Simulator works great and the staff is very friendly and helpful!""",,uploads/no_image.jpg,uploads/no_image.jpg,uploads/no_image.jpg,uploads/no_image.jpg,,1,,5,21,Indoor golf course
loaded,The Cabin at Nicklaus North G.C.,8080 Nicklaus N Blvd,,,bc,can,,,,,0,,,,,,,"""Double bogey golfer turned bogey golfer fairly quickly.""",,uploads/no_image.jpg,uploads/no_image.jpg,uploads/no_image.jpg,uploads/no_image.jpg,,1,,5,64,Indoor golf course
loaded,The Final hazard. Brady's indoor golf and games,7375 2 St,,,bc,can,,,,,0,,,,,,,"""Two bays, tons of courses, righty or lefty, and top notch graphics and tech.""",,uploads/no_image.jpg,uploads/no_image.jpg,uploads/no_image.jpg,uploads/no_image.jpg,,1,,5,2,Indoor golf course
loaded,The Golf Centre Kelowna Driving Range,2650 Benvoulin Rd,,,bc,can,,,,,0,,,,,,,"""Great place to go for beginners and all skill levels""",,uploads/no_image.jpg,uploads/no_image.jpg,uploads/no_image.jpg,uploads/no_image.jpg,,1,,4.5,175,Golf driving range
loaded,The Golf Den Langley,20218 Fraser Hwy #108,,,bc,can,,,,,0,,,,,,,"""Cool place tucked in the corner with a taco stand at the front.""",,uploads/no_image.jpg,uploads/no_image.jpg,uploads/no_image.jpg,uploads/no_image.jpg,,1,,4.1,58,Indoor golf course
loaded,The Golf Park Company,1970 155 St,,,bc,can,,,,,0,,,,,,,Onsite services not available,,uploads/no_image.jpg,uploads/no_image.jpg,uploads/no_image.jpg,uploads/no_image.jpg,,1,,5,2,Miniature golf course
loaded,The Golf Performance Project,540 Marsett Pl,,,bc,can,,,,,0,,,,,,,Onsite services,,uploads/no_image.jpg,uploads/no_image.jpg,uploads/no_image.jpg,uploads/no_image.jpg,,1,,5,76,Golf instructor
loaded,The Haus of Golf,6286A 203 St Unit A130,,,bc,can,,,,,0,,,,,,,Onsite services,,uploads/no_image.jpg,uploads/no_image.jpg,uploads/no_image.jpg,uploads/no_image.jpg,,1,,4.7,59,Indoor golf course
loaded,The Links Times,1400 Derby Rd,,,bc,can,,,,,0,,,,,,,,,uploads/no_image.jpg,uploads/no_image.jpg,uploads/no_image.jpg,uploads/no_image.jpg,,1,,,0,Golf course
loaded,The Tee Box - Cowichan Valley Golf Simulators,5869 York Rd,,,bc,can,,,,,0,,,,,,,"""Great simulator setup large screens and nice setup around""",,uploads/no_image.jpg,uploads/no_image.jpg,uploads/no_image.jpg,uploads/no_image.jpg,,1,,4.9,7,Indoor golf course
loaded,TopSpin Golf Lounge Abbotsford,33445 Maclure Rd #102,,,bc,can,,,,,0,,,,,,,Dine-in,,uploads/no_image.jpg,uploads/no_image.jpg,uploads/no_image.jpg,uploads/no_image.jpg,,1,,4.7,3,Indoor golf course
loaded,Toptracer Lounge at Cultus,4000 Columbia Valley Rd,,,bc,can,,,,,0,,,,,,,"""The",,uploads/no_image.jpg,uploads/no_image.jpg,uploads/no_image.jpg,uploads/no_image.jpg,,1,,4.8,79,Lounge
loaded,Tru-Fit Golf Studio,12060 Bridgeport Rd,,,bc,can,,,,,0,,,,,,,In-store pickup,,uploads/no_image.jpg,uploads/no_image.jpg,uploads/no_image.jpg,uploads/no_image.jpg,,1,,5,6,Golf instructor
loaded,Ultimate Golf Lounge,1050 W Broadway,,,bc,can,,,,,0,,,,,,,"""State of the art technology, friendly staff, clean rooms that smell good.""",,uploads/no_image.jpg,uploads/no_image.jpg,uploads/no_image.jpg,uploads/no_image.jpg,,1,,4.9,312,Indoor golf course
loaded,Vancouver Golf Simulators,580 Seaborne Ave #1120,,,bc,can,,,,,0,,,,,,,"""Great customer service , awesome setup""",,uploads/no_image.jpg,uploads/no_image.jpg,uploads/no_image.jpg,uploads/no_image.jpg,,1,,5,4,Indoor golf course
loaded,Velocity Lounge & Driving Range,700 Petersen Rd,,,bc,can,,,,,0,,,,,,,Dine-in,,uploads/no_image.jpg,uploads/no_image.jpg,uploads/no_image.jpg,uploads/no_image.jpg,,1,,4.7,148,Golf driving range
loaded,West Coast Mini Putt,7391 Elmbridge Way,,,bc,can,,,,,0,,,,,,,Onsite services,,uploads/no_image.jpg,uploads/no_image.jpg,uploads/no_image.jpg,uploads/no_image.jpg,,1,,4.5,626,Miniature golf course
loaded,Zone Golf Academy,4880 No 6 Rd,,,bc,can,,,,,0,,,,,,,"""This allows the golfer to understand to allow them to improve.""",,uploads/no_image.jpg,uploads/no_image.jpg,uploads/no_image.jpg,uploads/no_image.jpg,,1,,5,88,Golf instructor
loaded,Golf Lounge,3000 12e Avenue N suite 200,Sherbrook,,qc,can,sherbrook,http://www.golfloungesherbrooke.com/,golfloungesherbrooke.com,,0,,,,,,,,,uploads/no_image.jpg,uploads/no_image.jpg,uploads/no_image.jpg,uploads/no_image.jpg,,1,,4.7,31,Indoor golf course
loaded,Golf 18 Laval,2854 Boul. le Corbusier,Laval,H7L 3S1,qc,can,montreal,http://www.golf18.ca/,golf18.ca,,0,,,,,,,,,uploads/no_image.jpg,uploads/no_image.jpg,uploads/no_image.jpg,uploads/no_image.jpg,,1,,4.5,117,Indoor golf course
loaded,Golf IN Brossard,6200 Taschereau Blvd,,,qc,can,,,,,0,,,,,,,,,uploads/no_image.jpg,uploads/no_image.jpg,uploads/no_image.jpg,uploads/no_image.jpg,,1,,4.7,80,Indoor golf course
loaded,King Golf Club,965 Bd du Curé-Labelle,,,qc,can,,,,,0,,,,,,,,,uploads/no_image.jpg,uploads/no_image.jpg,uploads/no_image.jpg,uploads/no_image.jpg,,1,,4.9,17,Indoor golf course
loaded,OB Golf,1356 Bd du Curé-Labelle local 248,,,qc,can,,,,,0,,,,,,,,,uploads/no_image.jpg,uploads/no_image.jpg,uploads/no_image.jpg,uploads/no_image.jpg,,1,,5,26,Indoor golf course
loaded,Golf intérieur Le Birdie,"Entrée porte de gauche via stationnement, 2520 Bd Saint-Joseph E #204",,,qc,can,,,,,0,,,,,,,,,uploads/no_image.jpg,uploads/no_image.jpg,uploads/no_image.jpg,uploads/no_image.jpg,,1,,4.9,31,Indoor golf course
loaded,Golf 1600 Inc.,1600 Trans Canada Route,,,qc,can,,,,,0,,,,,,,,,uploads/no_image.jpg,uploads/no_image.jpg,uploads/no_image.jpg,uploads/no_image.jpg,,1,,5,19,Indoor golf course
loaded,T-Golf,746 Mnt Montarville,,,qc,can,,,,,0,,,,,,,,,uploads/no_image.jpg,uploads/no_image.jpg,uploads/no_image.jpg,uploads/no_image.jpg,,1,,5,21,Indoor golf course
loaded,Golf 365 Quebec,670 Bd Industriel,,,qc,can,,,,,0,,,,,,,,,uploads/no_image.jpg,uploads/no_image.jpg,uploads/no_image.jpg,uploads/no_image.jpg,,1,,4.8,33,Indoor golf course
loaded,Muni,1750 Rue Saint-Patrick Suite R110,,,qc,can,,,,,0,,,,,,,,,uploads/no_image.jpg,uploads/no_image.jpg,uploads/no_image.jpg,uploads/no_image.jpg,,1,,4.8,41,Indoor golf course
loaded,Le Golf Club,5832 De la Côte-de-Liesse Rd,,,qc,can,,,,,0,,,,,,,,,uploads/no_image.jpg,uploads/no_image.jpg,uploads/no_image.jpg,uploads/no_image.jpg,,1,,4.7,124,Indoor golf course
loaded,Golf Expérience,289 Rue St Marc,,,qc,can,,,,,0,,,,,,,,,uploads/no_image.jpg,uploads/no_image.jpg,uploads/no_image.jpg,uploads/no_image.jpg,,1,,4.9,44,Indoor golf course
loaded,VGolf Lounge Québec,5050 Bd Wilfrid-Hamel local 200,,,qc,can,,,,,0,,,,,,,,,uploads/no_image.jpg,uploads/no_image.jpg,uploads/no_image.jpg,uploads/no_image.jpg,,1,,4.7,265,Indoor golf course
loaded,Le Golf Club - Golfin Dorion,83 Rte de Lotbinière,,,qc,can,,,,,0,,,,,,,,,uploads/no_image.jpg,uploads/no_image.jpg,uploads/no_image.jpg,uploads/no_image.jpg,,1,,4.9,54,Indoor golf course
loaded,VGolf Laval,379 Bd du Curé-Labelle,,,qc,can,,,,,0,,,,,,,,,uploads/no_image.jpg,uploads/no_image.jpg,uploads/no_image.jpg,uploads/no_image.jpg,,1,,4.6,136,Indoor golf course
loaded,Centre de Golf Le Foursome,200A R. Dubois,,,qc,can,,,,,0,,,,,,,,,uploads/no_image.jpg,uploads/no_image.jpg,uploads/no_image.jpg,uploads/no_image.jpg,,1,,4.9,92,Indoor golf course
loaded,Simulation Sports Laurentides- simulateur de golf intérieur et plus,1185 Bd des Laurentides,,,qc,can,,,,,0,,,,,,,,,uploads/no_image.jpg,uploads/no_image.jpg,uploads/no_image.jpg,uploads/no_image.jpg,,1,,5,55,Indoor golf course
loaded,GOLF VIRTUEL CARLO BLANCHARD,6245 Boulevard Métropolitain E,,,qc,can,,,,,0,,,,,,,,,uploads/no_image.jpg,uploads/no_image.jpg,uploads/no_image.jpg,uploads/no_image.jpg,,1,,4.1,59,Indoor golf course
loaded,King Golf Club,11841 Pierrefonds Blvd.,,,qc,can,,,,,0,,,,,,,,,uploads/no_image.jpg,uploads/no_image.jpg,uploads/no_image.jpg,uploads/no_image.jpg,,1,,4.7,3,Indoor golf course
loaded,Golf O Max Boucherville,"20 De, Bd de Mortagne",,,qc,can,,,,,0,,,,,,,,,uploads/no_image.jpg,uploads/no_image.jpg,uploads/no_image.jpg,uploads/no_image.jpg,,1,,4.6,143,Indoor golf course
loaded,Pavillon de golf Ahuntsic,1750 Rue Sauriol East,,,qc,can,,,,,0,,,,,,,,,uploads/no_image.jpg,uploads/no_image.jpg,uploads/no_image.jpg,uploads/no_image.jpg,,1,,4.4,25,Indoor golf course
loaded,Pur Golf - simulateurs de golf - golf intérieur,169 Chem. Saint-François-Xavier,,,qc,can,,,,,0,,,,,,,,,uploads/no_image.jpg,uploads/no_image.jpg,uploads/no_image.jpg,uploads/no_image.jpg,,1,,4.4,44,Indoor golf course
loaded,Dickson Golf,2000 QC-138,,,qc,can,,,,,0,,,,,,,,,uploads/no_image.jpg,uploads/no_image.jpg,uploads/no_image.jpg,uploads/no_image.jpg,,1,,5,7,Indoor golf course
loaded,LE CLUBHOUSE - Café & Golf,4705 Chem. du Crépuscule Local 100,,,qc,can,,,,,0,,,,,,,,,uploads/no_image.jpg,uploads/no_image.jpg,uploads/no_image.jpg,uploads/no_image.jpg,,1,,4.9,28,Indoor golf course
loaded,KING GOLF CLUB LAVAL,Center St-Martin,,,qc,can,,,,,0,,,,,,,,,uploads/no_image.jpg,uploads/no_image.jpg,uploads/no_image.jpg,uploads/no_image.jpg,,1,,5,8,Indoor golf course
loaded,Putting Edge Downtown,1259 Guy St,,,qc,can,,,,,0,,,,,,,,,uploads/no_image.jpg,uploads/no_image.jpg,uploads/no_image.jpg,uploads/no_image.jpg,,1,,4,"1,276",Indoor golf course
loaded,Golf Virtuel Saguenay,763 Rue d'Alma,,,qc,can,,,,,0,,,,,,,,,uploads/no_image.jpg,uploads/no_image.jpg,uploads/no_image.jpg,uploads/no_image.jpg,,1,,5,11,Indoor golf course
loaded,Saison Golf - Simulateur de golf intérieur à Saint-Jérôme,1085 Boul Jean-Baptiste-Rolland O,,,qc,can,,,,,0,,,,,,,,,uploads/no_image.jpg,uploads/no_image.jpg,uploads/no_image.jpg,uploads/no_image.jpg,,1,,4.7,90,Indoor golf course
loaded,Golf O-Max Chateauguay,301 Boulevard d'Anjou,,,qc,can,,,,,0,,,,,,,,,uploads/no_image.jpg,uploads/no_image.jpg,uploads/no_image.jpg,uploads/no_image.jpg,,1,,3.8,31,Indoor golf course
loaded,GENERATION GOLF MIRABEL,11695 Mnt Sainte-Marianne Suite 306,,,qc,can,,,,,0,,,,,,,,,uploads/no_image.jpg,uploads/no_image.jpg,uploads/no_image.jpg,uploads/no_image.jpg,,1,,4.3,216,Indoor golf course
loaded,Meilleure Balle - Golf intérieur Longueuil,550 Boulevard Curé-Poirier O,,,qc,can,,,,,0,,,,,,,,,uploads/no_image.jpg,uploads/no_image.jpg,uploads/no_image.jpg,uploads/no_image.jpg,,1,,5,4,Indoor golf course
loaded,Zone GolfIn Sherbrooke,3025 Rue King Ouest #79,,,qc,can,,,,,0,,,,,,,,,uploads/no_image.jpg,uploads/no_image.jpg,uploads/no_image.jpg,uploads/no_image.jpg,,1,,4.7,26,Indoor golf course
loaded,GENERATION GOLF PIERREFONDS,11841 Pierrefonds Blvd.,,,qc,can,,,,,0,,,,,,,,,uploads/no_image.jpg,uploads/no_image.jpg,uploads/no_image.jpg,uploads/no_image.jpg,,1,,4.3,6,Indoor golf course
loaded,Golf Virtuel Agmm,1930 Rue Bellefeuille,,,qc,can,,,,,0,,,,,,,,,uploads/no_image.jpg,uploads/no_image.jpg,uploads/no_image.jpg,uploads/no_image.jpg,,1,,4.6,31,Indoor golf course
loaded,GOLF 18 Repentigny,591 Iberville Blvd,,,qc,can,,,,,0,,,,,,,,,uploads/no_image.jpg,uploads/no_image.jpg,uploads/no_image.jpg,uploads/no_image.jpg,,1,,4.6,101,Indoor golf course
loaded,Golf Virtuel Nxt Generation (sur réservation seulement) - Simulateur de golf à Saint-Henri (Montreal),4800 Rue Saint-Ambroise #112G,,,qc,can,,,,,0,,,,,,,,,uploads/no_image.jpg,uploads/no_image.jpg,uploads/no_image.jpg,uploads/no_image.jpg,,1,,5,4,Indoor golf course
loaded,INTERGOLF 2022 inc,1586 Rue Principale,,,qc,can,,,,,0,,,,,,,,,uploads/no_image.jpg,uploads/no_image.jpg,uploads/no_image.jpg,uploads/no_image.jpg,,1,,4.3,47,Indoor golf course
loaded,Golf chez Didi,17 Mnt du Lac,,,qc,can,,,,,0,,,,,,,,,uploads/no_image.jpg,uploads/no_image.jpg,uploads/no_image.jpg,uploads/no_image.jpg,,1,,5,4,Indoor golf course
loaded,Saison Golf Lachute,505 Av. Béthany,,,qc,can,,,,,0,,,,,,,,,uploads/no_image.jpg,uploads/no_image.jpg,uploads/no_image.jpg,uploads/no_image.jpg,,1,,4.3,23,Indoor golf course
loaded,Putting Edge Spheretech,3500 Boulevard Cote Vertu Ouest Suite 140,,,qc,can,,,,,0,,,,,,,,,uploads/no_image.jpg,uploads/no_image.jpg,uploads/no_image.jpg,uploads/no_image.jpg,,1,,4.2,556,Indoor golf course
loaded,Le Club B2golf,710 Rue Bouvier #155,,,qc,can,,,,,0,,,,,,,,,uploads/no_image.jpg,uploads/no_image.jpg,uploads/no_image.jpg,uploads/no_image.jpg,,1,,4.9,34,Indoor golf course
loaded,Centre De Golf Jacques Côté Inc,400 Bd Armand-Paris,,,qc,can,,,,,0,,,,,,,,,uploads/no_image.jpg,uploads/no_image.jpg,uploads/no_image.jpg,uploads/no_image.jpg,,1,,4.3,24,Indoor golf course
loaded,Golf ME,442 Rue St Paul,,,qc,can,,,,,0,,,,,,,,,uploads/no_image.jpg,uploads/no_image.jpg,uploads/no_image.jpg,uploads/no_image.jpg,,1,,5,3,Indoor golf course
loaded,Putting Edge Centropolis,105 Prom. Du Centropolis,,,qc,can,,,,,0,,,,,,,,,uploads/no_image.jpg,uploads/no_image.jpg,uploads/no_image.jpg,uploads/no_image.jpg,,1,,4.1,890,Indoor golf course
loaded,Golf In Joliette,945 Rue Nicoletti,,,qc,can,,,,,0,,,,,,,,,uploads/no_image.jpg,uploads/no_image.jpg,uploads/no_image.jpg,uploads/no_image.jpg,,1,,4.4,7,Indoor golf course
loaded,Le Veston Vert,265 Rue Saint-Joseph,,,qc,can,,,,,0,,,,,,,,,uploads/no_image.jpg,uploads/no_image.jpg,uploads/no_image.jpg,uploads/no_image.jpg,,1,,4.9,18,Indoor golf course
loaded,Golf-O-Max Victoriaville,450 Boul. des Bois-Francs N,,,qc,can,,,,,0,,,,,,,,,uploads/no_image.jpg,uploads/no_image.jpg,uploads/no_image.jpg,uploads/no_image.jpg,,1,,4,4,Indoor golf course
loaded,"Golf O Max, Candiac",19 Bd Montcalm N,,,qc,can,,,,,0,,,,,,,,,uploads/no_image.jpg,uploads/no_image.jpg,uploads/no_image.jpg,uploads/no_image.jpg,,1,,4,4,Indoor golf course
loaded,Woodstock Indoor Golf,337 Connell St,,,qc,can,,,,,0,,,,,,,,,uploads/no_image.jpg,uploads/no_image.jpg,uploads/no_image.jpg,uploads/no_image.jpg,,1,,,0,Golf driving range
loaded,Goplex e-karting +,8505 Taschereau Blvd,,,qc,can,,,,,0,,,,,,,,,uploads/no_image.jpg,uploads/no_image.jpg,uploads/no_image.jpg,uploads/no_image.jpg,,1,,4.6,771,Indoor golf course
loaded,Dooly's Bromont,1381 Rue Shefford,,,qc,can,,,,,0,,,,,,,,,uploads/no_image.jpg,uploads/no_image.jpg,uploads/no_image.jpg,uploads/no_image.jpg,,1,,4.2,231,Indoor golf course
loaded,Golf en Ville,5674 Sherbrooke St E,,,qc,can,,,,,0,,,,,,,,,uploads/no_image.jpg,uploads/no_image.jpg,uploads/no_image.jpg,uploads/no_image.jpg,,1,,,0,Indoor golf course
loaded,Golf Exécutif Montréal,999 Bd de la Forêt,,,qc,can,,,,,0,,,,,,,,,uploads/no_image.jpg,uploads/no_image.jpg,uploads/no_image.jpg,uploads/no_image.jpg,,1,,4.1,192,Golf course
loaded,Coffee Bistro Le Virtuel,230 Boulevard Saint-Joseph O #400,,,qc,can,,,,,0,,,,,,,,,uploads/no_image.jpg,uploads/no_image.jpg,uploads/no_image.jpg,uploads/no_image.jpg,,1,,4.4,7,Indoor golf course
loaded,7 IRON Golf Simulator 24/7,2069 Hammonds Plains Rd,,,mtm,can,,,,,0,,,,,,,,,uploads/no_image.jpg,uploads/no_image.jpg,uploads/no_image.jpg,uploads/no_image.jpg,,1,,,,Indoor golf course
loaded,7 IRON Golf Simulator 24/7,1898 St Margarets Bay Rd,,,mtm,can,,,,,0,,,,,,,"""Good price point compared to other indoor spots too.""",,uploads/no_image.jpg,uploads/no_image.jpg,uploads/no_image.jpg,uploads/no_image.jpg,,1,,4.9,16,Indoor golf course
loaded,Admiral's Green,460 Allandale Rd,,,mtm,can,,,,,0,,,,,,,,,uploads/no_image.jpg,uploads/no_image.jpg,uploads/no_image.jpg,uploads/no_image.jpg,,1,,4.4,43,Golf course
loaded,All About Golf Sports Bar,172 Queen St,,,mtm,can,,,,,0,,,,,,,,,uploads/no_image.jpg,uploads/no_image.jpg,uploads/no_image.jpg,uploads/no_image.jpg,,1,,4.8,15,Indoor golf course
loaded,Backyard Links Virtual Golf Studio,412 NL-80,,,mtm,can,,,,,0,,,,,,,,,uploads/no_image.jpg,uploads/no_image.jpg,uploads/no_image.jpg,uploads/no_image.jpg,,1,,,0,Indoor golf course
loaded,Bally Haly Country Club,100 Golf Course Rd,,,mtm,can,,,,,0,,,,,,,,,uploads/no_image.jpg,uploads/no_image.jpg,uploads/no_image.jpg,uploads/no_image.jpg,,1,,4.3,127,Golf course
loaded,Belvedere Golf Club Inc,1 Greensview Dr,,,mtm,can,,,,,0,,,,,,,,,uploads/no_image.jpg,uploads/no_image.jpg,uploads/no_image.jpg,uploads/no_image.jpg,,1,,4.2,99,Golf club
loaded,Better Golf Bedford,1438 Hammonds Plains Rd,,,mtm,can,,,,,0,,,,,,,"""Great indoor facility.""",,uploads/no_image.jpg,uploads/no_image.jpg,uploads/no_image.jpg,uploads/no_image.jpg,,1,,4.2,28,Indoor golf course
loaded,Better Golf Fall River,414 Windsor Junction Rd,,,mtm,can,,,,,0,,,,,,,,,uploads/no_image.jpg,uploads/no_image.jpg,uploads/no_image.jpg,uploads/no_image.jpg,,1,,4.3,4,Indoor golf course
loaded,BR8KING PAR GOLF,1 Bishops Rd,,,mtm,can,,,,,0,,,,,,,,,uploads/no_image.jpg,uploads/no_image.jpg,uploads/no_image.jpg,uploads/no_image.jpg,,1,,,0,Indoor golf course
loaded,Brian Affleck Golf Academy,19 Bridge Ave,,,mtm,can,,,,,0,,,,,,,,,uploads/no_image.jpg,uploads/no_image.jpg,uploads/no_image.jpg,uploads/no_image.jpg,,1,,3.5,4,Golf instructor
loaded,Cavendish Beach Adventure Zone,18 Moore Rd,,,mtm,can,,,,,0,,,,,,,,,uploads/no_image.jpg,uploads/no_image.jpg,uploads/no_image.jpg,uploads/no_image.jpg,,1,,4.3,62,Miniature golf course
loaded,Clubhouse 24/7 Golf Simulators,219 Waverley Rd,,,mtm,can,,,,,0,,,,,,,,,uploads/no_image.jpg,uploads/no_image.jpg,uploads/no_image.jpg,uploads/no_image.jpg,,1,,5,94,Indoor golf course
loaded,Clubhouse 24/7 Golf Simulators,299 Rocky Lake Dr #3,,,mtm,can,,,,,0,,,,,,,,,uploads/no_image.jpg,uploads/no_image.jpg,uploads/no_image.jpg,uploads/no_image.jpg,,1,,5,139,Indoor golf course
loaded,Coastal Drive Indoor Simulators,5140 Hwy a a MacDonald,,,mtm,can,,,,,0,,,,,,,,,uploads/no_image.jpg,uploads/no_image.jpg,uploads/no_image.jpg,uploads/no_image.jpg,,1,,5,7,Indoor golf course
loaded,Coastal Golf Canada,224 Dorchester St,,,mtm,can,,,,,0,,,,,,,,,uploads/no_image.jpg,uploads/no_image.jpg,uploads/no_image.jpg,uploads/no_image.jpg,,1,,4.5,13,Indoor golf course
loaded,Condors Golf Lounge Inc.,487 John Black Rd,,,mtm,can,,,,,0,,,,,,,,,uploads/no_image.jpg,uploads/no_image.jpg,uploads/no_image.jpg,uploads/no_image.jpg,,1,,5,2,Indoor golf course
loaded,Cube'n Links Golf,30 Behrent Ct,,,mtm,can,,,,,0,,,,,,,,,uploads/no_image.jpg,uploads/no_image.jpg,uploads/no_image.jpg,uploads/no_image.jpg,,1,,5,92,Indoor golf course
loaded,Dormston Indoor Golf,171 W Valley Rd,,,mtm,can,,,,,0,,,,,,,,,uploads/no_image.jpg,uploads/no_image.jpg,uploads/no_image.jpg,uploads/no_image.jpg,,1,,5,25,Indoor golf course
loaded,Double Eagle Indoor Golf Inc.,30 Greenwood Dr,,,mtm,can,,,,,0,,,,,,,,,uploads/no_image.jpg,uploads/no_image.jpg,uploads/no_image.jpg,uploads/no_image.jpg,,1,,5,9,Indoor golf course
loaded,Eastern Golf Academy,83 Dewars Ln,,,mtm,can,,,,,0,,,,,,,,,uploads/no_image.jpg,uploads/no_image.jpg,uploads/no_image.jpg,uploads/no_image.jpg,,1,,5,3,Golf instructor
loaded,Ellsworth Indoor Golf & Grill,25 Eastward Ln Ste 8,,,mtm,can,,,,,0,,,,,,,,,uploads/no_image.jpg,uploads/no_image.jpg,uploads/no_image.jpg,uploads/no_image.jpg,,1,,5,3,Indoor golf course
loaded,Felte Like Golfing,1 Indian River Rd,,,mtm,can,,,,,0,,,,,,,,,uploads/no_image.jpg,uploads/no_image.jpg,uploads/no_image.jpg,uploads/no_image.jpg,,1,,5,1,Golf driving range
loaded,FIREDRIVE Indoor Golf & Lounge,80 Millennium Dr Unit 402B,,,mtm,can,,,,,0,,,,,,,,,uploads/no_image.jpg,uploads/no_image.jpg,uploads/no_image.jpg,uploads/no_image.jpg,,1,,4.9,11,Recreation center
loaded,Gander Golf Club,251 Trans-Canada Hwy,,,mtm,can,,,,,0,,,,,,,,,uploads/no_image.jpg,uploads/no_image.jpg,uploads/no_image.jpg,uploads/no_image.jpg,,1,,4.6,67,Golf club
loaded,Golf Driving Range,61 Rue Roitelet,,,mtm,can,,,,,0,,,,,,,,,uploads/no_image.jpg,uploads/no_image.jpg,uploads/no_image.jpg,uploads/no_image.jpg,,1,,4.5,12,Golf course
loaded,Golfzon Sackville,512 Sackville Dr,,,mtm,can,,,,,0,,,,,,,,,uploads/no_image.jpg,uploads/no_image.jpg,uploads/no_image.jpg,uploads/no_image.jpg,,1,,3.9,33,Indoor golf course
loaded,Good Guys Golf,100 Woodside Ln,,,mtm,can,,,,,0,,,,,,,,,uploads/no_image.jpg,uploads/no_image.jpg,uploads/no_image.jpg,uploads/no_image.jpg,,1,,4.7,87,Indoor golf course
loaded,GreyRock Golf,Rue Mowin St,,,mtm,can,,,,,0,,,,,,,,,uploads/no_image.jpg,uploads/no_image.jpg,uploads/no_image.jpg,uploads/no_image.jpg,,1,,5,6,Indoor golf course
loaded,Halifax Putting Edge,182 Chain Lake Dr,,,mtm,can,,,,,0,,,,,,,,,uploads/no_image.jpg,uploads/no_image.jpg,uploads/no_image.jpg,uploads/no_image.jpg,,1,,4.4,853,Indoor golf course
loaded,Hidden Meadows Golf Course and Discount Pro Shop,240 W Old Town Rd,,,mtm,can,,,,,0,,,,,,,,,uploads/no_image.jpg,uploads/no_image.jpg,uploads/no_image.jpg,uploads/no_image.jpg,,1,,4,43,Golf course
loaded,Hillside Athletics Indoor Golf,69 Hillside Ave,,,mtm,can,,,,,0,,,,,,,,,uploads/no_image.jpg,uploads/no_image.jpg,uploads/no_image.jpg,uploads/no_image.jpg,,1,,5,12,Indoor golf course
loaded,Hole9Golf,3667 Strawberry Hill St #220,,,mtm,can,,,,,0,,,,,,,,,uploads/no_image.jpg,uploads/no_image.jpg,uploads/no_image.jpg,uploads/no_image.jpg,,1,,5,91,Golf instructor
loaded,JH Sports,254 Main St,,,mtm,can,,,,,0,,,,,,,,,uploads/no_image.jpg,uploads/no_image.jpg,uploads/no_image.jpg,uploads/no_image.jpg,,1,,4.9,20,Indoor golf course
loaded,JMacK Golf Studio,31 Glendale Ave,,,mtm,can,,,,,0,,,,,,,,,uploads/no_image.jpg,uploads/no_image.jpg,uploads/no_image.jpg,uploads/no_image.jpg,,1,,5,4,Golf instructor
loaded,JR's Parlore Golf,47 Nelson Rd,,,mtm,can,,,,,0,,,,,,,,,uploads/no_image.jpg,uploads/no_image.jpg,uploads/no_image.jpg,uploads/no_image.jpg,,1,,5,14,Indoor golf course
loaded,King of Clubs Golf Shop,330 University Ave,,,mtm,can,,,,,0,,,,,,,,,uploads/no_image.jpg,uploads/no_image.jpg,uploads/no_image.jpg,uploads/no_image.jpg,,1,,4.7,34,Indoor golf course
loaded,Kingswood Entertainment Centre,1700 Kingswood Way,,,mtm,can,,,,,0,,,,,,,,,uploads/no_image.jpg,uploads/no_image.jpg,uploads/no_image.jpg,uploads/no_image.jpg,,1,,4.1,"1,030",Indoor playground
loaded,LBC Sports,210 Aberdeen Rd,,,mtm,can,,,,,0,,,,,,,,,uploads/no_image.jpg,uploads/no_image.jpg,uploads/no_image.jpg,uploads/no_image.jpg,,1,,5,3,Indoor golf course
loaded,Let it Snow Golf,26172 PE-2,,,mtm,can,,,,,0,,,,,,,,,uploads/no_image.jpg,uploads/no_image.jpg,uploads/no_image.jpg,uploads/no_image.jpg,,1,,4.9,9,Indoor golf course
loaded,Links Lounge Premium Golf Suites,622 Sackville Dr #4,,,mtm,can,,,,,0,,,,,,,,,uploads/no_image.jpg,uploads/no_image.jpg,uploads/no_image.jpg,uploads/no_image.jpg,,1,,4.9,47,Indoor golf course
loaded,LOUIS MELANSON GOLF COACH,211 Mill Rd,,,mtm,can,,,,,0,,,,,,,,,uploads/no_image.jpg,uploads/no_image.jpg,uploads/no_image.jpg,uploads/no_image.jpg,,1,,,0,Golf instructor
loaded,Marcel West Fitness and Coaching,560 University Ave,,,mtm,can,,,,,0,,,,,,,"""Great prices, best place in PEI for indoor golf""",,uploads/no_image.jpg,uploads/no_image.jpg,uploads/no_image.jpg,uploads/no_image.jpg,,1,,5,11,Indoor golf course
loaded,Par 94 Golf Fredericton,320 Queen St,,,mtm,can,,,,,0,,,,,,,,,uploads/no_image.jpg,uploads/no_image.jpg,uploads/no_image.jpg,uploads/no_image.jpg,,1,,4.7,55,Indoor golf course
loaded,Par 94 Golf Halifax,5475 Clyde St,,,mtm,can,,,,,0,,,,,,,,,uploads/no_image.jpg,uploads/no_image.jpg,uploads/no_image.jpg,uploads/no_image.jpg,,1,,4.4,22,Indoor golf course
loaded,RJS Custom Clubs c/o Bob Spicer,261 Lewis Lake Terrace,,,mtm,can,,,,,0,,,,,,,,,uploads/no_image.jpg,uploads/no_image.jpg,uploads/no_image.jpg,uploads/no_image.jpg,,1,,5,21,Indoor golf course
loaded,Saltwater Golf,192 Hwy 2 Unit B,,,mtm,can,,,,,0,,,,,,,,,uploads/no_image.jpg,uploads/no_image.jpg,uploads/no_image.jpg,uploads/no_image.jpg,,1,,5,3,Indoor golf course
loaded,Simcity indoor golf simulator,930 Stillwater Ave,,,mtm,can,,,,,0,,,,,,,,,uploads/no_image.jpg,uploads/no_image.jpg,uploads/no_image.jpg,uploads/no_image.jpg,,1,,5,3,Indoor golf course
loaded,Simply Golf,1269 Drummond Rd,,,mtm,can,,,,,0,,,,,,,"""Great location and very good golf simulators""",,uploads/no_image.jpg,uploads/no_image.jpg,uploads/no_image.jpg,uploads/no_image.jpg,,1,,5,10,Indoor golf course
loaded,Sonny's Driving Range & Training,130 Cove Rd,,,mtm,can,,,,,0,,,,,,,,,uploads/no_image.jpg,uploads/no_image.jpg,uploads/no_image.jpg,uploads/no_image.jpg,,1,,4.7,27,Golf driving range
loaded,SPADE MASHIE,375 Pleasant St Suite 200,,,mtm,can,,,,,0,,,,,,,,,uploads/no_image.jpg,uploads/no_image.jpg,uploads/no_image.jpg,uploads/no_image.jpg,,1,,4.8,19,Indoor golf course
loaded,Swing Circuit Golf Simulators Inc.,1562 Newcombe Blvd,,,mtm,can,,,,,0,,,,,,,"""Love that it's 24/7 and that I can play my favourite courses.""",,uploads/no_image.jpg,uploads/no_image.jpg,uploads/no_image.jpg,uploads/no_image.jpg,,1,,4.3,23,Indoor golf course
loaded,Swing In Golf Lounge,1155 Shediac Rd #103,,,mtm,can,,,,,0,,,,,,,,,uploads/no_image.jpg,uploads/no_image.jpg,uploads/no_image.jpg,uploads/no_image.jpg,,1,,4.6,16,Indoor golf course
loaded,Tee Box,340 Freshwater Rd,,,mtm,can,,,,,0,,,,,,,,,uploads/no_image.jpg,uploads/no_image.jpg,uploads/no_image.jpg,uploads/no_image.jpg,,1,,5,42,Indoor golf course
loaded,The Boardwalk Magnetic Hill,2800 Mountain Rd,,,mtm,can,,,,,0,,,,,,,,,uploads/no_image.jpg,uploads/no_image.jpg,uploads/no_image.jpg,uploads/no_image.jpg,,1,,4.2,568,Golf driving range
loaded,The Bunker,961 Main St,,,mtm,can,,,,,0,,,,,,,,,uploads/no_image.jpg,uploads/no_image.jpg,uploads/no_image.jpg,uploads/no_image.jpg,,1,,4.4,62,Indoor golf course
loaded,The Sand Trap Indoor Golf Simulator,353 Main St,,,mtm,can,,,,,0,,,,,,,,,uploads/no_image.jpg,uploads/no_image.jpg,uploads/no_image.jpg,uploads/no_image.jpg,,1,,,0,Indoor golf course
loaded,The Trap,730 Williams Point Rd,,,mtm,can,,,,,0,,,,,,,,,uploads/no_image.jpg,uploads/no_image.jpg,uploads/no_image.jpg,uploads/no_image.jpg,,1,,5,1,Indoor golf course
loaded,T-off Indoor Golf,63 Peter Dugas Rd,,,mtm,can,,,,,0,,,,,,,,,uploads/no_image.jpg,uploads/no_image.jpg,uploads/no_image.jpg,uploads/no_image.jpg,,1,,5,3,Indoor golf course
loaded,Top Shots Golf,370 Rothesay Ave,,,mtm,can,,,,,0,,,,,,,,,uploads/no_image.jpg,uploads/no_image.jpg,uploads/no_image.jpg,uploads/no_image.jpg,,1,,4.7,40,Indoor golf course
loaded,Traditions Golf Club and Learning Center,1 Main Rd,,,mtm,can,,,,,0,,,,,,,"""Ridiculously long, fun, challenging and entertaining",,uploads/no_image.jpg,uploads/no_image.jpg,uploads/no_image.jpg,uploads/no_image.jpg,,1,,4.3,158,Golf driving range
loaded,Under Par Golf & Academy,400 Main St,,,mtm,can,,,,,0,,,,,,,,,uploads/no_image.jpg,uploads/no_image.jpg,uploads/no_image.jpg,uploads/no_image.jpg,,1,,4.6,10,Indoor golf course
loaded,Windsor Golf Center,1699 King St Unit 105,,,mtm,can,,,,,0,,,,,,,"""Highly recommend""",,uploads/no_image.jpg,uploads/no_image.jpg,uploads/no_image.jpg,uploads/no_image.jpg,,1,,4.8,5,Indoor golf course
loaded,Winter Golf at New London Carriage House - Golf Simulators,10686 PE-6,,,mtm,can,,,,,0,,,,,,,,,uploads/no_image.jpg,uploads/no_image.jpg,uploads/no_image.jpg,uploads/no_image.jpg,,1,,5,2,Indoor golf course
loaded,Wojos Golf And Beverage,1289 Maclellans Brook Rd,,,mtm,can,,,,,0,,,,,,,,,uploads/no_image.jpg,uploads/no_image.jpg,uploads/no_image.jpg,uploads/no_image.jpg,,1,,5,6,Indoor golf course
loaded,1 Putt Virtual Golf,6816 178 Ave NW,Edmonton,T5E 5S7,ab,can,edmonton,https://1putt.ca/,can,,0,,,,,,,"""Nice air-conditioned facility and comfortable seating.""",,uploads/no_image.jpg,uploads/no_image.jpg,uploads/no_image.jpg,uploads/no_image.jpg,,1,,4.9,78,Indoor golf course
loaded,365 GOLF,445 Na'a Common SW,,,ab,can,,,,,0,,,,,,,,,uploads/no_image.jpg,uploads/no_image.jpg,uploads/no_image.jpg,uploads/no_image.jpg,,1,,5,169,Golf instructor
loaded,Aurora Golf + Bar Olds,4513 52 Ave #16b,,,ab,can,,,,,0,,,,,,,,,uploads/no_image.jpg,uploads/no_image.jpg,uploads/no_image.jpg,uploads/no_image.jpg,,1,,4.8,29,Indoor golf course
loaded,Aurora Golf + Bar Red Deer,6320 50 Ave #38,,,ab,can,,,,,0,,,,,,,"""Great atmosphere, great staff and equipment.""",,uploads/no_image.jpg,uploads/no_image.jpg,uploads/no_image.jpg,uploads/no_image.jpg,,1,,4.5,107,Indoor golf course
loaded,Ballistic Indoor Golf,2323 32 Ave NE Unit#121,,,ab,can,,,,,0,,,,,,,,,uploads/no_image.jpg,uploads/no_image.jpg,uploads/no_image.jpg,uploads/no_image.jpg,,1,,4.7,60,Indoor golf course
loaded,Battle River Indoor Golf,"260054, Township Rd 425A",,,ab,can,,,,,0,,,,,,,,,uploads/no_image.jpg,uploads/no_image.jpg,uploads/no_image.jpg,uploads/no_image.jpg,,1,,5,4,Indoor golf course
loaded,BiGG Golf Academy - Optimize Your Golf Game,48447 Range Rd 10,,,ab,can,,,,,0,,,,,,,,,uploads/no_image.jpg,uploads/no_image.jpg,uploads/no_image.jpg,uploads/no_image.jpg,,1,,5,4,Golf instructor
loaded,Bill Dreger - nonstopGOLF,2000 8 Ave,,,ab,can,,,,,0,,,,,,,,,uploads/no_image.jpg,uploads/no_image.jpg,uploads/no_image.jpg,uploads/no_image.jpg,,1,,5,1,Golf instructor
loaded,Blue Devil Golf Club,2300 194 Ave SE,,,ab,can,,,,,0,,,,,,,,,uploads/no_image.jpg,uploads/no_image.jpg,uploads/no_image.jpg,uploads/no_image.jpg,,1,,4.2,523,Golf course
loaded,Bogey's Indoor Golf,1231 Township Rd 391,,,ab,can,,,,,0,,,,,,,,,uploads/no_image.jpg,uploads/no_image.jpg,uploads/no_image.jpg,uploads/no_image.jpg,,1,,,0,Indoor golf course
loaded,Calgary Golf Academy,110 Point McKay Crescent NW,,,ab,can,,,,,0,,,,,,,,,uploads/no_image.jpg,uploads/no_image.jpg,uploads/no_image.jpg,uploads/no_image.jpg,,1,,4.4,13,Golf club
loaded,Calgary Golfplex,401 33 St NE Unit #6,,,ab,can,,,,,0,,,,,,,"""Great setup, and I'm excited to see what they add in the future!""",,uploads/no_image.jpg,uploads/no_image.jpg,uploads/no_image.jpg,uploads/no_image.jpg,,1,,5,7,Indoor golf course
loaded,CanGOLF,306 Bow Valley Trail #125B,,,ab,can,,,,,0,,,,,,,,,uploads/no_image.jpg,uploads/no_image.jpg,uploads/no_image.jpg,uploads/no_image.jpg,,1,,4.9,409,Golf club
loaded,Chipped In Golf School,402 Railway St W Suite 11,,,ab,can,,,,,0,,,,,,,,,uploads/no_image.jpg,uploads/no_image.jpg,uploads/no_image.jpg,uploads/no_image.jpg,,1,,,0,Golf instructor
loaded,Cottonwood Coulee Golf Course,3245 10 Ave SW,,,ab,can,,,,,0,,,,,,,"""The course is in great shape and it's October!""",,uploads/no_image.jpg,uploads/no_image.jpg,uploads/no_image.jpg,uploads/no_image.jpg,,1,,4.5,150,Golf course
loaded,DINOS Centre Inc.,6500 Cottonwood Rd,,,ab,can,,,,,0,,,,,,,"""We also enjoyed the",,uploads/no_image.jpg,uploads/no_image.jpg,uploads/no_image.jpg,uploads/no_image.jpg,,1,,4.1,225,Golf driving range
loaded,Drop Zone Golf Centre,561 41 St N #2,,,ab,can,,,,,0,,,,,,,,,uploads/no_image.jpg,uploads/no_image.jpg,uploads/no_image.jpg,uploads/no_image.jpg,,1,,4.9,49,Indoor golf course
loaded,Dustin Risdon School of Golf,999 Country Hills Blvd NE,,,ab,can,,,,,0,,,,,,,,,uploads/no_image.jpg,uploads/no_image.jpg,uploads/no_image.jpg,uploads/no_image.jpg,,1,,4.4,8,Golf instructor
loaded,Dynamic Motion Golf Performance,5240 1a St SE Bay 103,,,ab,can,,,,,0,,,,,,,"""The facility is well suited and all of the staff were very knowledgeable.""",,uploads/no_image.jpg,uploads/no_image.jpg,uploads/no_image.jpg,uploads/no_image.jpg,,1,,5,37,Indoor golf course
loaded,Eaglequest Golf Dome,1025 32 Ave NE,,,ab,can,,,,,0,,,,,,,"""Good",,uploads/no_image.jpg,uploads/no_image.jpg,uploads/no_image.jpg,uploads/no_image.jpg,,1,,3.5,135,Golf driving range
loaded,Eaglequest Golf Driving Range,45 Douglasbank Way SE,,,ab,can,,,,,0,,,,,,,"""Great cost for the balls, range requires you to bring tees""",,uploads/no_image.jpg,uploads/no_image.jpg,uploads/no_image.jpg,uploads/no_image.jpg,,1,,4.3,90,Golf driving range
loaded,Evergreen Golf Centre,5225 24 Ave S,,,ab,can,,,,,0,,,,,,,,,uploads/no_image.jpg,uploads/no_image.jpg,uploads/no_image.jpg,uploads/no_image.jpg,,1,,4.5,128,Golf course
loaded,Fore Seasons Indoor Golf Centre,9645 116 St,,,ab,can,,,,,0,,,,,,,"""Excellent facility, clean, modern  & very impressive.""",,uploads/no_image.jpg,uploads/no_image.jpg,uploads/no_image.jpg,uploads/no_image.jpg,,1,,4.8,48,Indoor golf course
loaded,Freestyle Social Club,119 12 Ave SW,,,ab,can,,,,,0,,,,,,,,,uploads/no_image.jpg,uploads/no_image.jpg,uploads/no_image.jpg,uploads/no_image.jpg,,1,,4.4,26,Indoor golf course
loaded,GO GO GOLF,10135 Southport Rd SW,,,ab,can,,,,,0,,,,,,,,,uploads/no_image.jpg,uploads/no_image.jpg,uploads/no_image.jpg,uploads/no_image.jpg,,1,,4.8,86,Indoor golf course
loaded,Golf Biz Canada Virtual Golf,101 N Park Dr,,,ab,can,,,,,0,,,,,,,"""Great facility with lots of space and really nice private simulator rooms.""",,uploads/no_image.jpg,uploads/no_image.jpg,uploads/no_image.jpg,uploads/no_image.jpg,,1,,4.6,19,Indoor golf course
loaded,Golf Dome /National Golf Academy,4816 Centre St S W,,,ab,can,,,,,0,,,,,,,"""New range balls and the golf simulators are fantastic.""",,uploads/no_image.jpg,uploads/no_image.jpg,uploads/no_image.jpg,uploads/no_image.jpg,,1,,4.5,98,Indoor golf course
loaded,Golf Fanatics (formerly Golf Future),7100 15 St SE,,,ab,can,,,,,0,,,,,,,"""The simulators are high quality and the prices are super reasonable.""",,uploads/no_image.jpg,uploads/no_image.jpg,uploads/no_image.jpg,uploads/no_image.jpg,,1,,4.3,406,Golf driving range
loaded,Golf It,101 Highland Park Common NE #1007,,,ab,can,,,,,0,,,,,,,"""There are 4 bays and 2 private rooms.""",,uploads/no_image.jpg,uploads/no_image.jpg,uploads/no_image.jpg,uploads/no_image.jpg,,1,,5,44,Indoor golf course
loaded,Golf Park - Airdrie,2880 Main St S #1009,,,ab,can,,,,,0,,,,,,,,,uploads/no_image.jpg,uploads/no_image.jpg,uploads/no_image.jpg,uploads/no_image.jpg,,1,,4.9,62,Indoor golf course
loaded,Golf Park - Brentwood,3630 Brentwood Rd NW unit 230,,,ab,can,,,,,0,,,,,,,,,uploads/no_image.jpg,uploads/no_image.jpg,uploads/no_image.jpg,uploads/no_image.jpg,,1,,4.8,104,Indoor golf course
loaded,Golf Park - Signal Hill,5466 Signal Hill Centre S W unit d,,,ab,can,,,,,0,,,,,,,"""the spacious room offers very large screens and comfortable seating.""",,uploads/no_image.jpg,uploads/no_image.jpg,uploads/no_image.jpg,uploads/no_image.jpg,,1,,4.6,39,Indoor golf course
loaded,Golf Sweet Indoor Golf,335 Sage Vly Cmn NW #114,,,ab,can,,,,,0,,,,,,,,,uploads/no_image.jpg,uploads/no_image.jpg,uploads/no_image.jpg,uploads/no_image.jpg,,1,,4.8,31,Indoor golf course
loaded,Golf Traders Indoor Golf Center,3865 99 St NW,,,ab,can,,,,,0,,,,,,,,,uploads/no_image.jpg,uploads/no_image.jpg,uploads/no_image.jpg,uploads/no_image.jpg,,1,,4.6,16,Indoor golf course
loaded,GOLF360,6031 Andrews Way SW,,,ab,can,,,,,0,,,,,,,"""Always very clean and the couches are very comfy!""",,uploads/no_image.jpg,uploads/no_image.jpg,uploads/no_image.jpg,uploads/no_image.jpg,,1,,4.5,79,Indoor golf course
loaded,GolfSim,279 Tuscany Estates Rise NW,,,ab,can,,,,,0,,,,,,,,,uploads/no_image.jpg,uploads/no_image.jpg,uploads/no_image.jpg,uploads/no_image.jpg,,1,,5,14,Indoor golf course
loaded,GOLFTEC Calgary Beacon Hill,11877 Sarcee Trail NW Unit 370,,,ab,can,,,,,0,,,,,,,,,uploads/no_image.jpg,uploads/no_image.jpg,uploads/no_image.jpg,uploads/no_image.jpg,,1,,4.8,60,Golf instructor
loaded,GOLFTEC Calgary Blackfoot,8838 Blackfoot Trl SE Suite 117,,,ab,can,,,,,0,,,,,,,"""I found the technology and the instruction at Golftec perfect for my needs.""",,uploads/no_image.jpg,uploads/no_image.jpg,uploads/no_image.jpg,uploads/no_image.jpg,,1,,4,24,Golf instructor
loaded,Golfzon South Indoor Virtual Golf Lounge,5431 Gateway Blvd NW,,,ab,can,,,,,0,,,,,,,"""Private rooms, the awesome self serve coolers and friendly staff.""",,uploads/no_image.jpg,uploads/no_image.jpg,uploads/no_image.jpg,uploads/no_image.jpg,,1,,4.6,104,Indoor golf course
loaded,Golfzon West,15354 111 Ave NW,,,ab,can,,,,,0,,,,,,,"""Love the automatic ball setter and the technology in your private room.""",,uploads/no_image.jpg,uploads/no_image.jpg,uploads/no_image.jpg,uploads/no_image.jpg,,1,,4.4,132,Indoor golf course
loaded,Golfzone - Eat~Drink~Play,6852 66 St Unit 1201,,,ab,can,,,,,0,,,,,,,,,uploads/no_image.jpg,uploads/no_image.jpg,uploads/no_image.jpg,uploads/no_image.jpg,,1,,4.7,81,Indoor golf course
loaded,GTR Golf Calgary,3181 32 St NE #8,,,ab,can,,,,,0,,,,,,,"""The facility is very well kept, comfortable and spacious.""",,uploads/no_image.jpg,uploads/no_image.jpg,uploads/no_image.jpg,uploads/no_image.jpg,,1,,4.6,39,Indoor golf course
loaded,Hawks Alley,4500 Fountain Dr,,,ab,can,,,,,0,,,,,,,,,uploads/no_image.jpg,uploads/no_image.jpg,uploads/no_image.jpg,uploads/no_image.jpg,,1,,,0,Golf instructor
loaded,High Level Indoor Golf,9904 100 Ave,,,ab,can,,,,,0,,,,,,,,,uploads/no_image.jpg,uploads/no_image.jpg,uploads/no_image.jpg,uploads/no_image.jpg,,1,,4.8,5,Indoor golf course
loaded,Hitz Sportscentre,64062 393 Ave E,,,ab,can,,,,,0,,,,,,,,,uploads/no_image.jpg,uploads/no_image.jpg,uploads/no_image.jpg,uploads/no_image.jpg,,1,,4.7,141,Indoor golf course
loaded,Hooplas Family Entertainment Centre,1072 7th St SW,,,ab,can,,,,,0,,,,,,,"""The courses range in skill levels, from easy to slightly challenging.""",,uploads/no_image.jpg,uploads/no_image.jpg,uploads/no_image.jpg,uploads/no_image.jpg,,1,,4.5,140,Miniature golf course
loaded,Indoor Golf Canada Head office,5510 3 St SE #5,,,ab,can,,,,,0,,,,,,,,,uploads/no_image.jpg,uploads/no_image.jpg,uploads/no_image.jpg,uploads/no_image.jpg,,1,,,0,Indoor golf course
loaded,JJ Golf,7825 Flint Rd SE,,,ab,can,,,,,0,,,,,,,,,uploads/no_image.jpg,uploads/no_image.jpg,uploads/no_image.jpg,uploads/no_image.jpg,,1,,4.9,201,Indoor golf course
loaded,K INDOOR GOLF,11850 Sarcee Trail NW,,,ab,can,,,,,0,,,,,,,,,uploads/no_image.jpg,uploads/no_image.jpg,uploads/no_image.jpg,uploads/no_image.jpg,,1,,4.9,177,Indoor golf course
loaded,Kootenay Indoor Golf,600 Cranbrook St N,,,ab,can,,,,,0,,,,,,,,,uploads/no_image.jpg,uploads/no_image.jpg,uploads/no_image.jpg,uploads/no_image.jpg,,1,,4.7,17,Indoor golf course
loaded,LaunchPad Golf Heritage Pointe,31 Heritage Pointe Dr,,,ab,can,,,,,0,,,,,,,,,uploads/no_image.jpg,uploads/no_image.jpg,uploads/no_image.jpg,uploads/no_image.jpg,,1,,4.7,"1,702",Indoor golf course
loaded,LaunchPad Golf Mickelson National,34133 E Harmony Cir,,,ab,can,,,,,0,,,,,,,,,uploads/no_image.jpg,uploads/no_image.jpg,uploads/no_image.jpg,uploads/no_image.jpg,,1,,4.7,"1,017",Indoor golf course
loaded,Luxe Golf,220 12a St N,,,ab,can,,,,,0,,,,,,,"""Great facilities, super clean, and amazing friendly staff!""",,uploads/no_image.jpg,uploads/no_image.jpg,uploads/no_image.jpg,uploads/no_image.jpg,,1,,4.6,41,Indoor golf course
loaded,LUXE Indoor Golf,4612 99 St NW,,,ab,can,,,,,0,,,,,,,"""Great simulators,  spacious rooms,  very good price""",,uploads/no_image.jpg,uploads/no_image.jpg,uploads/no_image.jpg,uploads/no_image.jpg,,1,,4.7,91,Indoor golf course
loaded,Lynx Ridge Golf Club,8 Lynx Ridge Blvd,,,ab,can,,,,,0,,,,,,,,,uploads/no_image.jpg,uploads/no_image.jpg,uploads/no_image.jpg,uploads/no_image.jpg,,1,,4.5,327,Indoor golf course
loaded,Maximus Indoor Golf,13502 99 St Bay#6,,,ab,can,,,,,0,,,,,,,"""Large, relatively private rooms.""",,uploads/no_image.jpg,uploads/no_image.jpg,uploads/no_image.jpg,uploads/no_image.jpg,,1,,4.9,29,Indoor golf course
loaded,Metro Fairway Indoor Golfing,5220 4 St NE #10,,,ab,can,,,,,0,,,,,,,,,uploads/no_image.jpg,uploads/no_image.jpg,uploads/no_image.jpg,uploads/no_image.jpg,,1,,4.5,206,Indoor golf course
loaded,MFlex Golf & Lounge,26 Strachan Ct SE,,,ab,can,,,,,0,,,,,,,,,uploads/no_image.jpg,uploads/no_image.jpg,uploads/no_image.jpg,uploads/no_image.jpg,,1,,4.7,34,Indoor golf course
loaded,Ok Golf,3138 Glenmore Ct SE,,,ab,can,,,,,0,,,,,,,"""Great facility with lots of cool playing options.""",,uploads/no_image.jpg,uploads/no_image.jpg,uploads/no_image.jpg,uploads/no_image.jpg,,1,,4.8,67,Indoor golf course
loaded,On Par Golf and Lounge,485 South Ave Unit 144,,,ab,can,,,,,0,,,,,,,"""Bring indoor shoes and be ready to have a blast.""",,uploads/no_image.jpg,uploads/no_image.jpg,uploads/no_image.jpg,uploads/no_image.jpg,,1,,4.7,79,Indoor golf course
loaded,Paradise Indoor Golf,6109 45 St #1,,,ab,can,,,,,0,,,,,,,"""Multi rooms are great for kids too.""",,uploads/no_image.jpg,uploads/no_image.jpg,uploads/no_image.jpg,uploads/no_image.jpg,,1,,4.8,34,Indoor golf course
loaded,Rad Golf,511 42 Ave SE,,,ab,can,,,,,0,,,,,,,,,uploads/no_image.jpg,uploads/no_image.jpg,uploads/no_image.jpg,uploads/no_image.jpg,,1,,4.9,134,Indoor golf course
loaded,Rad Golf,6143 48 Ave #100,,,ab,can,,,,,0,,,,,,,,,uploads/no_image.jpg,uploads/no_image.jpg,uploads/no_image.jpg,uploads/no_image.jpg,,1,,4.9,77,Indoor golf course
loaded,Riverside Golf Centre,110 Point McKay Crescent NW,,,ab,can,,,,,0,,,,,,,,,uploads/no_image.jpg,uploads/no_image.jpg,uploads/no_image.jpg,uploads/no_image.jpg,,1,,4.5,89,Indoor golf course
loaded,Screen Golf Inc.,4950 McCall Way NE #113,,,ab,can,,,,,0,,,,,,,"""Great equipment, private rooms are large and very nice.""",,uploads/no_image.jpg,uploads/no_image.jpg,uploads/no_image.jpg,uploads/no_image.jpg,,1,,4.7,104,Indoor golf course
loaded,SimSmith Golf Simulators,437 Country Hills Pl NW,,,ab,can,,,,,0,,,,,,,"""Great simulator, very real golf experience even the putting is realistic!""",,uploads/no_image.jpg,uploads/no_image.jpg,uploads/no_image.jpg,uploads/no_image.jpg,,1,,5,21,Golf shop
loaded,Sportech Indoor Golf,1642 10 Ave SW #120,,,ab,can,,,,,0,,,,,,,,,uploads/no_image.jpg,uploads/no_image.jpg,uploads/no_image.jpg,uploads/no_image.jpg,,1,,4.5,71,Indoor golf course
loaded,Studio Fore Indoor Golf,753 6 St SE,,,ab,can,,,,,0,,,,,,,,,uploads/no_image.jpg,uploads/no_image.jpg,uploads/no_image.jpg,uploads/no_image.jpg,,1,,4.8,65,Indoor golf course
loaded,Tee Time Golf,3920 91 St NW,,,ab,can,,,,,0,,,,,,,"""The rooms are spacious and comfy, drink selection is great.""",,uploads/no_image.jpg,uploads/no_image.jpg,uploads/no_image.jpg,uploads/no_image.jpg,,1,,5,44,Indoor golf course
loaded,The 19th Hole,1800 Pne Plz Rd,,,ab,can,,,,,0,,,,,,,,,uploads/no_image.jpg,uploads/no_image.jpg,uploads/no_image.jpg,uploads/no_image.jpg,,1,,,0,Indoor golf course
loaded,The Bunker Golf Simulators,401 33 St NE Unit 8,,,ab,can,,,,,0,,,,,,,"""Most realistic and accurate simulators that I have played on in calgary.""",,uploads/no_image.jpg,uploads/no_image.jpg,uploads/no_image.jpg,uploads/no_image.jpg,,1,,4.1,10,Indoor golf course
loaded,The Golf Den Inc.,975 Ordze Rd,,,ab,can,,,,,0,,,,,,,"""Great atmosphere, great selection of courses to play to any handicap""",,uploads/no_image.jpg,uploads/no_image.jpg,uploads/no_image.jpg,uploads/no_image.jpg,,1,,4.3,54,Indoor golf course
loaded,THE GOLF FACTORY,10457 184 St NW,,,ab,can,,,,,0,,,,,,,"""Big, open, no more claustrophobic hitting booths.""",,uploads/no_image.jpg,uploads/no_image.jpg,uploads/no_image.jpg,uploads/no_image.jpg,,1,,4.7,70,Indoor golf course
loaded,The Range Virtual Golf,4714 Hwy 2A,,,ab,can,,,,,0,,,,,,,,,uploads/no_image.jpg,uploads/no_image.jpg,uploads/no_image.jpg,uploads/no_image.jpg,,1,,4.8,15,Indoor golf course
loaded,The Rec Room Deerfoot,1180-901 64 Ave NE,,,ab,can,,,,,0,,,,,,,,,uploads/no_image.jpg,uploads/no_image.jpg,uploads/no_image.jpg,uploads/no_image.jpg,,1,,4.1,"5,523",Indoor golf course
loaded,The Turn Indoor Golf and Lounge,5011 52 Ave,,,ab,can,,,,,0,,,,,,,"""The soft top couches behind the play area are great as are the cocktails.""",,uploads/no_image.jpg,uploads/no_image.jpg,uploads/no_image.jpg,uploads/no_image.jpg,,1,,5,4,Indoor golf course
loaded,The Village Golf Course Inc.,5427 Township Rd 494,,,ab,can,,,,,0,,,,,,,"""Unbelievably fun & scenic course at a very affordable price.""",,uploads/no_image.jpg,uploads/no_image.jpg,uploads/no_image.jpg,uploads/no_image.jpg,,1,,4.2,64,Golf club
loaded,Towne Centre Golf,9845 99 Ave #8,,,ab,can,,,,,0,,,,,,,"""Amazing facility.""",,uploads/no_image.jpg,uploads/no_image.jpg,uploads/no_image.jpg,uploads/no_image.jpg,,1,,4.8,44,Indoor golf course
loaded,True Swing Indoor Golf,1303 Mayor Magrath Dr S,,,ab,can,,,,,0,,,,,,,"""You can bring your own food and drink.""",,uploads/no_image.jpg,uploads/no_image.jpg,uploads/no_image.jpg,uploads/no_image.jpg,,1,,3.9,36,Indoor golf course
loaded,UDR Indoor Golf - Royal Oak,4 Royal Vista Way NW #2200,,,ab,can,,,,,0,,,,,,,,,uploads/no_image.jpg,uploads/no_image.jpg,uploads/no_image.jpg,uploads/no_image.jpg,,1,,4.8,119,Indoor golf course
loaded,VIP GOLF INC.,210 Bear St,,,ab,can,,,,,0,,,,,,,"""It would be nice to see winter savings from",,uploads/no_image.jpg,uploads/no_image.jpg,uploads/no_image.jpg,uploads/no_image.jpg,,1,,2.4,19,Golf club
loaded,Virtual Tee Up Indoor Golf,4146 99 St NW,,,ab,can,,,,,0,,,,,,,"""Excellent AC, snacks and the rooms are spacious and clean.""",,uploads/no_image.jpg,uploads/no_image.jpg,uploads/no_image.jpg,uploads/no_image.jpg,,1,,4.9,144,Indoor golf course
loaded,WizGolf Okotoks,100 Stockton Ave,,,ab,can,,,,,0,,,,,,,,,uploads/no_image.jpg,uploads/no_image.jpg,uploads/no_image.jpg,uploads/no_image.jpg,,1,,4.7,73,Indoor golf course
loaded,X Factor Indoor Golf (South),5334 72 Ave SE #182,,,ab,can,,,,,0,,,,,,,,,uploads/no_image.jpg,uploads/no_image.jpg,uploads/no_image.jpg,uploads/no_image.jpg,,1,,4.9,31,Indoor golf course
loaded,YYC Indoor Golf,4710 80 Ave S E,,,ab,can,,,,,0,,,,,,,"""Nice staff, great price, great simulator setup.""",,uploads/no_image.jpg,uploads/no_image.jpg,uploads/no_image.jpg,uploads/no_image.jpg,,1,,3,2,Golf course
loaded,Birdies Indoor Golf,504 Iroquois Shore Rd Unit 8,Oakville,L6H 3K4,ont,can,gta_west,https://www.birdiesindoorgolf.ca/,birdiesindoorgolf.ca,info@birdiesindoorgolf.ca,0,0,0,0,1,1,8,,,uploads/no_image.jpg,uploads/no_image.jpg,uploads/no_image.jpg,uploads/no_image.jpg,https://www.google.com/maps/embed?pb=!1m18!1m12!1m3!1d2895.6291571604215!2d-79.6796774!3d43.4683388!2m3!1f0!2f0!3f0!3m2!1i1024!2i768!4f13.1!3m3!1m2!1s0x882b5dde3e5579cb%3A0xb01eeec1442948ca!2sBirdies%20Indoor%20Golf!5e0!3m2!1sen!2sca!4v1741731623161!5m2!1sen!2sca,1,,4.9,-18,Indoor golf course
loaded,Birdies Indoor Golf,117-2465 Cawthra Rd,Mississauga,L5A 3P2,ont,can,gta_west,https://www.birdiesindoorgolf.ca/,birdiesindoorgolf.ca,info@birdiesindoorgolf.ca,0,0,0,0,1,1,4,,"""Everything is fully automated, and the facility is new and clean.""",uploads/no_image.jpg,uploads/no_image.jpg,uploads/no_image.jpg,uploads/no_image.jpg,https://www.google.com/maps/embed?pb=!1m18!1m12!1m3!1d5779.340197149932!2d-79.595722!3d43.5925875!2m3!1f0!2f0!3f0!3m2!1i1024!2i768!4f13.1!3m3!1m2!1s0x882b47619925ccf7%3A0x8e4bfe524caa6ec5!2sBirdies%20Indoor%20Golf!5e0!3m2!1sen!2sca!4v1741732212544!5m2!1sen!2sca,1,,4.7,-133,Indoor golf course
loaded,Birdies Indoor Golf,1450 Headon Rd Unit 24-25,Burlington,L7M 3Z5,ont,can,gta_west,https://www.birdiesindoorgolf.ca/,birdiesindoorgolf.ca,burlington@birdiesindoorgolf.ca,0,0,0,0,1,1,9,,"""Vip rooms with 3 ways cameras and automatic tees are pretty neat features""",uploads/no_image.jpg,uploads/no_image.jpg,uploads/no_image.jpg,uploads/no_image.jpg,https://www.google.com/maps/embed?pb=!1m18!1m12!1m3!1d2900.1783558692246!2d-79.8097514!3d43.3732946!2m3!1f0!2f0!3f0!3m2!1i1024!2i768!4f13.1!3m3!1m2!1s0x882b610053f6bc6f%3A0x745ded65d7df35!2sBirdies%20Indoor%20Golf!5e0!3m2!1sen!2sca!4v1741732287917!5m2!1sen!2sca,1,,4.7,-87,Indoor golf course
loaded,Born to Golf,7691 Yonge St,Thornhill,L3T 2C3,ont,can,gta_north,http://borntogolf.ca/,borntogolf.ca,info@borntogolf.ca,0,1,1,1,0,1,8,,"""Your indoor golf facility is exceptional for both playing and practicing.""",uploads/no_image.jpg,uploads/no_image.jpg,uploads/no_image.jpg,uploads/no_image.jpg,https://www.google.com/maps/embed?pb=!1m18!1m12!1m3!1d2878.964772792474!2d-79.4236907!3d43.8150901!2m3!1f0!2f0!3f0!3m2!1i1024!2i768!4f13.1!3m3!1m2!1s0x882b2d0e5f2988d3%3A0xfd74b280f277d126!2sBorn%20to%20Golf!5e0!3m2!1sen!2sca!4v1741732653388!5m2!1sen!2sca,1,,5,-459,Indoor golf course
loaded,Bunkers Indoor Golf - Beaverdale,"1171 Kossuth Road, R.R. #21",Cambridge,N3H 4R6,ont,can,ont_southwest,http://www.golfnorth.ca/bunkers,golfnorth.ca/bunkers,bunkers.beaverdale@golfnorth.ca,0,1,1,1,1,0,3,,,uploads/no_image.jpg,uploads/no_image.jpg,uploads/no_image.jpg,uploads/no_image.jpg,https://www.google.com/maps/embed?pb=!1m18!1m12!1m3!1d4870.274095152978!2d-80.344346953783!3d43.46305432022316!2m3!1f0!2f0!3f0!3m2!1i1024!2i768!4f13.1!3m3!1m2!1s0x882b8fc13435bf85%3A0x24ed43c326868139!2sBunkers%20Indoor%20Golf%20-%20Beaverdale!5e0!3m2!1sen!2sca!4v1741903604451!5m2!1sen!2sca,1,,4.8,-6,Indoor golf course
loaded,Bunkers Indoor Golf - Dundee,1801 Queen Street,New Dundee,N0B 2EO,ont,can,ont_southwest,https://golfnorth.ca/bunkers/,golfnorth.ca/bunkers/dundee,bunkers.dundee@golfnorth.ca,0,1,1,1,1,0,4,,,uploads/no_image.jpg,uploads/no_image.jpg,uploads/no_image.jpg,uploads/no_image.jpg,https://www.google.com/maps/embed?pb=!1m18!1m12!1m3!1d13794.851066634195!2d-80.57517834312327!3d43.37681071044295!2m3!1f0!2f0!3f0!3m2!1i1024!2i768!4f13.1!3m3!1m2!1s0x882c0b06ef631869%3A0xb7f5aa523f3bcffc!2sBunkers%20Indoor%20Golf%20-%20Dundee!5e0!3m2!1sen!2sca!4v1741903772526!5m2!1sen!2sca,1,,,,Indoor golf course
loaded,Bunkers Indoor Golf - Kingswellglen,4300 Garden Cres.,Petrolia,N0N 1R0,ont,can,ont_southwest,https://golfnorth.ca/bunkers/,golfnorth.ca/bunkers/kingswllglen,manager.kingswellglen@golfnorth.ca,0,1,1,1,1,0,2,,,uploads/no_image.jpg,uploads/no_image.jpg,uploads/no_image.jpg,uploads/no_image.jpg,https://www.google.com/maps/embed?pb=!1m18!1m12!1m3!1d66145.28831360878!2d-82.24087310396152!3d42.88895949227463!2m3!1f0!2f0!3f0!3m2!1i1024!2i768!4f13.1!3m3!1m2!1s0x882f81f455732a27%3A0xf81fecaf26f40d03!2sBunkers%20Indoor%20Golf%20-%20Kingswell%20Glen!5e0!3m2!1sen!2sca!4v1741903677343!5m2!1sen!2sca,1,,,,Indoor golf course
loaded,Burloak Indoor Golf,"3527 Wyecroft Rd., Unit K3G",Oakville,L6L 0B6,ont,can,gta_west,http://www.burloakindoorgolf.com/,burloakindoorgolf.com,burloakindoorgolf@gmail.com,0,1,1,1,0,0,17,,"Our facility is unlike any other. With 13,000 square feet, 17 hitting bays, 10 with TrackMan, 2 putting greens,fitness area,club repair shopand alicensed lounge, you won't find another golf facility like ours that offers everything under one roof.",uploads/BurloakMain.webp,uploads/Burloak2.webp,uploads/Burloak3.webp,uploads/Burloak4.webp,https://www.google.com/maps/embed?pb=!1m18!1m12!1m3!1d2898.994713917463!2d-79.751907!3d43.39803990000001!2m3!1f0!2f0!3f0!3m2!1i1024!2i768!4f13.1!3m3!1m2!1s0x882b61050feb610b%3A0xda55988a81a39af3!2sBurloak%20Indoor%20Golf!5e0!3m2!1sen!2sca!4v1741904350416!5m2!1sen!2sca,1,,4.9,-77,Indoor golf course
loaded,Caledon's Indoor Golf - Caledon Country Club,2121 Olde Base Line Rd,Inglewood,L7C 0J3,ont,can,gta_north,https://www.golfcaledon.com/golfsimulators,golfcaledon.com,info@golfcaledon.com,0,1,1,1,1,0,5,,"""There is a tiny cosy restaurant in there!""",uploads/CaledonMain.jpeg,uploads/Caledon2.jpeg,uploads/Caledon3.jpeg,uploads/Caledon4.jpeg,https://www.google.com/maps/embed?pb=!1m18!1m12!1m3!1d19375.433962553572!2d-79.95213520827508!3d43.789971438639746!2m3!1f0!2f0!3f0!3m2!1i1024!2i768!4f13.1!3m3!1m2!1s0x882b0f92591bc6cb%3A0xeaa55fb40cc16915!2sCaledon&#39;s%20Indoor%20Golf%20-%20Caledon%20Country%20Club!5e0!3m2!1sen!2sca!4v1741904933037!5m2!1sen!2sca,1,,5,-2,Indoor golf course
loaded,Club X Indoor Golf,"15230 Yonge St., #2f",Aurora,L4G 1L9,ont,can,gta_north,http://clubxindoorgolf.com/,clubxindoorgolf.com,Info@clubxindoorgolf.com,0,1,1,1,1,0,3,,"""Quick booking system, easy access and private rooms are a bonus.""",uploads/no_image.jpg,uploads/no_image.jpg,uploads/no_image.jpg,uploads/no_image.jpg,https://www.google.com/maps/embed?pb=!1m18!1m12!1m3!1d5739.916693662246!2d-79.47301575025269!3d44.001586964506615!2m3!1f0!2f0!3f0!3m2!1i1024!2i768!4f13.1!3m3!1m2!1s0x882ad3f4882c3daf%3A0x7e6dae184153131a!2sClub%20X%20Indoor%20Golf!5e0!3m2!1sen!2sca!4v1741905312779!5m2!1sen!2sca,1,,4.8,-38,Indoor golf course
loaded,Clubhouse Indoor Golf,1 Stone Mason Dr,,,ont,can,,,,,0,,,,,,,"""The clubhouse indoor golf simulator is great—clean, modern, and fun.""",,uploads/no_image.jpg,uploads/no_image.jpg,uploads/no_image.jpg,uploads/no_image.jpg,,1,,4.7,184,Indoor golf course
loaded,Clubhouse Indoor Golf,29 The Links Rd,,,ont,can,,,,,0,,,,,,,"""Brand new interior, great location and advanced system""",,uploads/no_image.jpg,uploads/no_image.jpg,uploads/no_image.jpg,uploads/no_image.jpg,,1,,4.6,257,Indoor golf course
loaded,DBLCRS Sim Lounge,589 Hanlon Creek Boulevard Units 36 and 37,,,ont,can,,,,,0,,,,,,,"""It’s a great spot to hang out, host an event, get a lesson or practice!""",,uploads/no_image.jpg,uploads/no_image.jpg,uploads/no_image.jpg,uploads/no_image.jpg,,1,,5,65,Indoor golf course
loaded,Dogleg Left Golf,250 Eglinton Ave W,,,ont,can,,,,,0,,,,,,,"""There are 3 bays and each one is very private.""",,uploads/no_image.jpg,uploads/no_image.jpg,uploads/no_image.jpg,uploads/no_image.jpg,,1,,4.8,22,Indoor golf course
loaded,Dream Golf,190 Mostar St Unit B106,,,ont,can,,,,,0,,,,,,,"""Projectors, screens and computers are high quality.""",,uploads/no_image.jpg,uploads/no_image.jpg,uploads/no_image.jpg,uploads/no_image.jpg,,1,,5,18,Indoor golf course
loaded,Driver Zone Golf,115 East Dr #5,,,ont,can,,,,,0,,,,,,,"""Lots of bays and private rooms with the most modern tech.""",,uploads/no_image.jpg,uploads/no_image.jpg,uploads/no_image.jpg,uploads/no_image.jpg,,1,,5,110,Indoor golf course
loaded,Dundas Indoor Golf,22 Head St,,,ont,can,,,,,0,,,,,,,,,uploads/no_image.jpg,uploads/no_image.jpg,uploads/no_image.jpg,uploads/no_image.jpg,,1,,5,15,Indoor golf course
loaded,EZ Golf,1450 Clark Ave W Unit 1 C,,,ont,can,,,,,0,,,,,,,Onsite services not available,,uploads/no_image.jpg,uploads/no_image.jpg,uploads/no_image.jpg,uploads/no_image.jpg,,1,,4.7,133,Indoor golf course
loaded,FarAway Greens Indoor Golf,3070 Mainway,,,ont,can,,,,,0,,,,,,,"""Great sized playing bays with a ton of room.""",,uploads/no_image.jpg,uploads/no_image.jpg,uploads/no_image.jpg,uploads/no_image.jpg,,1,,4.9,162,Indoor golf course
loaded,FORE!,12 Drummond St suite 1,,,ont,can,,,,,0,,,,,,,"""Great set-up, nice clean space, easy to use.""",,uploads/no_image.jpg,uploads/no_image.jpg,uploads/no_image.jpg,uploads/no_image.jpg,,1,,5,41,Indoor golf course
loaded,FORE!,21 D Carlaw Ave,,,ont,can,,,,,0,,,,,,,"""Amazing indoor simulator spot close to downtown.""",,uploads/no_image.jpg,uploads/no_image.jpg,uploads/no_image.jpg,uploads/no_image.jpg,,1,,4.8,79,Indoor golf course
loaded,Fore! Everyone Golf - Stratford's #1 Indoor Golf Experience,1060 Ontario St,,,ont,can,,,,,0,,,,,,,"""It’s a bonus that it serves food and drinks too!""",,uploads/no_image.jpg,uploads/no_image.jpg,uploads/no_image.jpg,uploads/no_image.jpg,,1,,5,27,Indoor golf course
loaded,Foreplay Indoor Golf,9390 Woodbine Ave 2nd Floor #2D21,,,ont,can,,,,,0,,,,,,,"""Really nice, big and comfortable rooms with trackman system.""",,uploads/no_image.jpg,uploads/no_image.jpg,uploads/no_image.jpg,uploads/no_image.jpg,,1,,4.9,58,Indoor golf course
loaded,Gamer Golf,1400 O'Connor Dr,,,ont,can,,,,,0,,,,,,,"""Nice, clean facility with tvs in each bay to watch the game.""",,uploads/no_image.jpg,uploads/no_image.jpg,uploads/no_image.jpg,uploads/no_image.jpg,,1,,4.9,126,Indoor golf course
loaded,Golf Almighty,3 Chapel St,,,ont,can,,,,,0,,,,,,,"""They have an amazing interior and a super precise playing experience.""",,uploads/no_image.jpg,uploads/no_image.jpg,uploads/no_image.jpg,uploads/no_image.jpg,,1,,4.8,53,Indoor golf course
loaded,Golf Heaven,482 South Service Rd E Unit 59,,,ont,can,,,,,0,,,,,,,,,uploads/no_image.jpg,uploads/no_image.jpg,uploads/no_image.jpg,uploads/no_image.jpg,,1,,4.8,31,Indoor golf course
loaded,Golf Home & Lounge,4040 Palladium Way unit 11-13,,,ont,can,,,,,0,,,,,,,Dine-in,,uploads/no_image.jpg,uploads/no_image.jpg,uploads/no_image.jpg,uploads/no_image.jpg,,1,,5,41,Indoor golf course
loaded,GOLF IT UP,2910 Steeles Ave E,,,ont,can,,,,,0,,,,,,,"""Private room: unique golf + kareoke + snacks and drinks (whiskey!).""",,uploads/no_image.jpg,uploads/no_image.jpg,uploads/no_image.jpg,uploads/no_image.jpg,,1,,4.5,82,Indoor golf course
loaded,Golf Live Health & Fitness Club,5875 Hwy 7 unit10,,,ont,can,,,,,0,,,,,,,Onsite services,,uploads/no_image.jpg,uploads/no_image.jpg,uploads/no_image.jpg,uploads/no_image.jpg,,1,,4.8,113,Indoor golf course
loaded,GOLF ON,2225 Erin Mills Pkwy #47,,,ont,can,,,,,0,,,,,,,Dine-in,,uploads/no_image.jpg,uploads/no_image.jpg,uploads/no_image.jpg,uploads/no_image.jpg,,1,,5,141,Indoor golf course
loaded,GOLF6iX,10 East Wilmot St Unit 16,,,ont,can,,,,,0,,,,,,,"""The place is very clean and almost all of their equipment are brand new.""",,uploads/no_image.jpg,uploads/no_image.jpg,uploads/no_image.jpg,uploads/no_image.jpg,,1,,4.8,63,Indoor golf course
loaded,Golfers Creek - Indoor Golf Simulators,3345 N Service Rd Unit 101,,,ont,can,,,,,0,,,,,,,,,uploads/no_image.jpg,uploads/no_image.jpg,uploads/no_image.jpg,uploads/no_image.jpg,,1,,4.9,393,Indoor golf course
loaded,Golfplay,80 Lodge St Suite 5 & 6,,,ont,can,,,,,0,,,,,,,Dine-in,,uploads/no_image.jpg,uploads/no_image.jpg,uploads/no_image.jpg,uploads/no_image.jpg,,1,,4.6,99,Indoor golf course
loaded,Golfplay,4500 King St E #6,,,ont,can,,,,,0,,,,,,,"""The VIP room is amazing for events.""",,uploads/no_image.jpg,uploads/no_image.jpg,uploads/no_image.jpg,uploads/no_image.jpg,,1,,4.6,389,Indoor golf course
loaded,Golfzon North,2501 Rutherford Rd #15,,,ont,can,,,,,0,,,,,,,"""Went all through the winter and it is really showing on the tracks outside!""",,uploads/no_image.jpg,uploads/no_image.jpg,uploads/no_image.jpg,uploads/no_image.jpg,,1,,4.9,35,Indoor golf course
loaded,Greenside Indoor Golf - Exclusive Unique Golf Room,521 North Service Rd E #2C,,,ont,can,,,,,0,,,,,,,,,uploads/no_image.jpg,uploads/no_image.jpg,uploads/no_image.jpg,uploads/no_image.jpg,,1,,5,14,Indoor golf course
loaded,Hiller Golf,3527 Wyecroft Rd Unit K02A,,,ont,can,,,,,0,,,,,,,"""Sims are spectacular.""",,uploads/no_image.jpg,uploads/no_image.jpg,uploads/no_image.jpg,uploads/no_image.jpg,,1,,5,6,Indoor golf course
loaded,Indoor Pro Golf,1283 Matheson Blvd E,,,ont,can,,,,,0,,,,,,,,,uploads/no_image.jpg,uploads/no_image.jpg,uploads/no_image.jpg,uploads/no_image.jpg,,1,,5,60,Indoor golf course
loaded,KStadium Golf,3705 Chesswood Dr,,,ont,can,,,,,0,,,,,,,"""very nice facilities, very clean, wonderful staff, 100% recommend""",,uploads/no_image.jpg,uploads/no_image.jpg,uploads/no_image.jpg,uploads/no_image.jpg,,1,,4.9,97,Indoor golf course
loaded,Kudos Golf,55 Winges Rd Unit #4,,,ont,can,,,,,0,,,,,,,"""Awesome software, large wide screens, plenty of room, and nice turf.""",,uploads/no_image.jpg,uploads/no_image.jpg,uploads/no_image.jpg,uploads/no_image.jpg,,1,,4.8,460,Indoor golf course
loaded,Kudos Golf,2172 Wyecroft Rd Unit# 7,,,ont,can,,,,,0,,,,,,,"""Nice to be able to practice",,uploads/no_image.jpg,uploads/no_image.jpg,uploads/no_image.jpg,uploads/no_image.jpg,,1,,4.9,54,Golf driving range
loaded,Maple Indoor Golf,4161 Sladeview Crescent Unit 4,,,ont,can,,,,,0,,,,,,,,,uploads/no_image.jpg,uploads/no_image.jpg,uploads/no_image.jpg,uploads/no_image.jpg,,1,,4.9,70,Indoor golf course
loaded,Master Golf,289 Horner Ave Suite C,,,ont,can,,,,,0,,,,,,,"""Great facilities, technology, and prices.""",,uploads/no_image.jpg,uploads/no_image.jpg,uploads/no_image.jpg,uploads/no_image.jpg,,1,,3.9,71,Indoor golf course
loaded,Midtown Golf,874 Sinclair Rd #105,,,ont,can,,,,,0,,,,,,,"""Great set up, super wide bays, awesome staff and great tech.""",,uploads/no_image.jpg,uploads/no_image.jpg,uploads/no_image.jpg,uploads/no_image.jpg,,1,,4.9,24,Indoor golf course
loaded,MJD's Golf Social,895 Langs Dr Unit 6,,,ont,can,,,,,0,,,,,,,"""No walking and the weather is always perfect indoors!""",,uploads/no_image.jpg,uploads/no_image.jpg,uploads/no_image.jpg,uploads/no_image.jpg,,1,,4.6,39,Indoor golf course
loaded,Moho Golf,5027 Spectrum Way Unit C4,,,ont,can,,,,,0,,,,,,,Onsite services,,uploads/no_image.jpg,uploads/no_image.jpg,uploads/no_image.jpg,uploads/no_image.jpg,,1,,4.9,76,Indoor golf course
loaded,Next Golf,1864 Dundas St E,,,ont,can,,,,,0,,,,,,,Onsite services,,uploads/no_image.jpg,uploads/no_image.jpg,uploads/no_image.jpg,uploads/no_image.jpg,,1,,4.9,187,Indoor golf course
loaded,Next Golf,1333 Kennedy Rd,,,ont,can,,,,,0,,,,,,,Onsite services,,uploads/no_image.jpg,uploads/no_image.jpg,uploads/no_image.jpg,uploads/no_image.jpg,,1,,4.9,101,Indoor golf course
loaded,Next Golf Guelph,105 Silvercreek Pkwy N,,,ont,can,,,,,0,,,,,,,Onsite services,,uploads/no_image.jpg,uploads/no_image.jpg,uploads/no_image.jpg,uploads/no_image.jpg,,1,,4.9,55,Indoor golf course
loaded,Nexus Golf,9688 Leslie St Unit 1-3,,,ont,can,,,,,0,,,,,,,"""Clean, Easy to use equipment.""",,uploads/no_image.jpg,uploads/no_image.jpg,uploads/no_image.jpg,uploads/no_image.jpg,,1,,5,20,Indoor golf course
loaded,Niagara Golf Vacations & Lounge,6400 Lundy's Ln,,,ont,can,,,,,0,,,,,,,"""Great management, super accommodating, cheap beers.""",,uploads/no_image.jpg,uploads/no_image.jpg,uploads/no_image.jpg,uploads/no_image.jpg,,1,,4.8,21,Indoor golf course
loaded,Niagara Indoor Golf,2255 RR 20 Unit 6,,,ont,can,,,,,0,,,,,,,"""And the price to play is great as well!""",,uploads/no_image.jpg,uploads/no_image.jpg,uploads/no_image.jpg,uploads/no_image.jpg,,1,,5,4,Indoor golf course
loaded,Obraleigh Golf,9661 Jane St,,,ont,can,,,,,0,,,,,,,"""Equipment is pretty accurate, and I love that there are comfy benches here.""",,uploads/no_image.jpg,uploads/no_image.jpg,uploads/no_image.jpg,uploads/no_image.jpg,,1,,4.7,44,Indoor golf course
loaded,Orangeville Golf House,150 First St Unit G8B,,,ont,can,,,,,0,,,,,,,"""Plus, they have a pool table, which adds a fun element to the experience!""",,uploads/no_image.jpg,uploads/no_image.jpg,uploads/no_image.jpg,uploads/no_image.jpg,,1,,4.9,56,Indoor golf course
loaded,Pace of Play - Indoor Golf,2110 Dundas St E #5,,,ont,can,,,,,0,,,,,,,,,uploads/no_image.jpg,uploads/no_image.jpg,uploads/no_image.jpg,uploads/no_image.jpg,,1,,4.9,150,Indoor golf course
loaded,Par Golf,15301 ON-48 Unit 15,,,ont,can,,,,,0,,,,,,,"""Great space with state of the art Trackman and projection system.""",,uploads/no_image.jpg,uploads/no_image.jpg,uploads/no_image.jpg,uploads/no_image.jpg,,1,,4.9,21,Indoor golf course
loaded,PARfect Swing Golf Academy,2061 Cornwall Rd Units 5-7,,,ont,can,,,,,0,,,,,,,Onsite services,,uploads/no_image.jpg,uploads/no_image.jpg,uploads/no_image.jpg,uploads/no_image.jpg,,1,,4.9,102,Indoor golf course
loaded,Parluxe Indoor Golf,2157 Royal Windsor Dr,,,ont,can,,,,,0,,,,,,,,,uploads/no_image.jpg,uploads/no_image.jpg,uploads/no_image.jpg,uploads/no_image.jpg,,1,,4.9,131,Indoor golf course
loaded,Pin High Golf,500 Lake St,,,ont,can,,,,,0,,,,,,,"""The golf simulator is amazing.""",,uploads/no_image.jpg,uploads/no_image.jpg,uploads/no_image.jpg,uploads/no_image.jpg,,1,,4.1,16,Indoor golf course
loaded,Players Indoor Golf & Sports Bar,7-1373 Victoria St N,,,ont,can,,,,,0,,,,,,,Dine-in,,uploads/no_image.jpg,uploads/no_image.jpg,uploads/no_image.jpg,uploads/no_image.jpg,,1,,4.6,313,Indoor golf course
loaded,Players Indoor Golf & Sports Bar,49 Dalkeith Dr,,,ont,can,,,,,0,,,,,,,Dine-in,,uploads/no_image.jpg,uploads/no_image.jpg,uploads/no_image.jpg,uploads/no_image.jpg,,1,,4.6,291,Indoor golf course
loaded,Polair Golf - Halton Indoor Golf,12 Wallace St Unit 1,,,ont,can,,,,,0,,,,,,,"""I had a great time, friendly staff, nice facilities.""",,uploads/no_image.jpg,uploads/no_image.jpg,uploads/no_image.jpg,uploads/no_image.jpg,,1,,4.9,29,Indoor golf course
loaded,Pure Golf,7755 Warden Ave. Unit 3,,,ont,can,,,,,0,,,,,,,"""New place
Clean and have air filter inside

Still at $20 per hour!""",,uploads/no_image.jpg,uploads/no_image.jpg,uploads/no_image.jpg,uploads/no_image.jpg,,1,,4.5,71,Indoor golf course
loaded,Pure Golf Simulators,76 Howard Ave Unit D,,,ont,can,,,,,0,,,,,,,"""Terrific facility and a great place to step up your golf game.""",,uploads/no_image.jpg,uploads/no_image.jpg,uploads/no_image.jpg,uploads/no_image.jpg,,1,,5,11,Indoor golf course
loaded,Putt In Glow,2085 Winston Park Dr,,,ont,can,,,,,0,,,,,,,Onsite services,,uploads/no_image.jpg,uploads/no_image.jpg,uploads/no_image.jpg,uploads/no_image.jpg,,1,,3.9,795,Indoor golf course
loaded,Puttstop Indoor Golf,3305 Harvester Rd Unit 6,,,ont,can,,,,,0,,,,,,,,,uploads/no_image.jpg,uploads/no_image.jpg,uploads/no_image.jpg,uploads/no_image.jpg,,1,,4.7,71,Indoor golf course
loaded,SBF.GOLF - Second Ball First Golf - Indoor Golf,55 Sinclair Ave Unit 12Back,,,ont,can,,,,,0,,,,,,,"""Private, great people running it.""",,uploads/no_image.jpg,uploads/no_image.jpg,uploads/no_image.jpg,uploads/no_image.jpg,,1,,5,19,Golf driving range
loaded,Scarborough Putting Edge,410 Progress Ave Unit D6A,,,ont,can,,,,,0,,,,,,,"""Sweaty tho, AC at entrance but gets hotter inside.""",,uploads/no_image.jpg,uploads/no_image.jpg,uploads/no_image.jpg,uploads/no_image.jpg,,1,,4.3,618,Indoor golf course
loaded,SGreenGolf,1377 The Queensway,,,ont,can,,,,,0,,,,,,,"""Best Indoor Golf with auto tee, new software and unbeatable price.""",,uploads/no_image.jpg,uploads/no_image.jpg,uploads/no_image.jpg,uploads/no_image.jpg,,1,,4.8,61,Indoor golf course
loaded,SGreenGolf,7500 Hwy 27 Unit 24,,,ont,can,,,,,0,,,,,,,"""Only thing is that it’s really hot inside so bring a fan or extra water.""",,uploads/no_image.jpg,uploads/no_image.jpg,uploads/no_image.jpg,uploads/no_image.jpg,,1,,4.6,91,Indoor golf course
loaded,Shotgun Golf North York,3240 Dufferin St #8,,,ont,can,,,,,0,,,,,,,"""great equipment, great vibes, great location.""",,uploads/no_image.jpg,uploads/no_image.jpg,uploads/no_image.jpg,uploads/no_image.jpg,,1,,4.9,58,Indoor golf course
loaded,Simulinks Indoor Golf,920 Brant St Suite 22,,,ont,can,,,,,0,,,,,,,,,uploads/no_image.jpg,uploads/no_image.jpg,uploads/no_image.jpg,uploads/no_image.jpg,,1,,5,69,Indoor golf course
loaded,Speedy Golf,8425 Woodbine Ave b,,,ont,can,,,,,0,,,,,,,"""The Mats are good and the simulators are clean""",,uploads/no_image.jpg,uploads/no_image.jpg,uploads/no_image.jpg,uploads/no_image.jpg,,1,,4.8,39,Indoor golf course
loaded,Swang Golf,450 Matheson Blvd E #58,,,ont,can,,,,,0,,,,,,,"""Clean, easy to use simulators.""",,uploads/no_image.jpg,uploads/no_image.jpg,uploads/no_image.jpg,uploads/no_image.jpg,,1,,4.8,123,Golf driving range
loaded,Swing Golf Lounge,1 Westside Dr Unit 2,,,ont,can,,,,,0,,,,,,,"""They have about 10 screens, bar, lounge area and a few eating tables.""",,uploads/no_image.jpg,uploads/no_image.jpg,uploads/no_image.jpg,uploads/no_image.jpg,,1,,4.8,274,Indoor golf course
loaded,Swing Space Golf,3603 Langstaff Rd #2,,,ont,can,,,,,0,,,,,,,Onsite services,,uploads/no_image.jpg,uploads/no_image.jpg,uploads/no_image.jpg,uploads/no_image.jpg,,1,,5,40,Indoor golf course
loaded,Swing Zone Hamilton - All Private Golf Simulator,1290 Arvin Ave. Unit 6,,,ont,can,,,,,0,,,,,,,"""Private rooms, good equipment (tracman) and friendly staff.""",,uploads/no_image.jpg,uploads/no_image.jpg,uploads/no_image.jpg,uploads/no_image.jpg,,1,,4.8,332,Indoor golf course
loaded,Swing Zone Mississauga - All Private Golf Simulator,2273 Dundas St W #4,,,ont,can,,,,,0,,,,,,,"""Affordable, quality mats and very private bays with wide walls!""",,uploads/no_image.jpg,uploads/no_image.jpg,uploads/no_image.jpg,uploads/no_image.jpg,,1,,4.9,197,Indoor golf course
loaded,TARGET Indoor Golf,1410 Speers Rd Unit 1 & 2,,,ont,can,,,,,0,,,,,,,Onsite services,,uploads/no_image.jpg,uploads/no_image.jpg,uploads/no_image.jpg,uploads/no_image.jpg,,1,,4.8,37,Indoor golf course
loaded,TARGET Indoor Golf,100 Nipissing Rd #11,,,ont,can,,,,,0,,,,,,,"""New and great place, very clean with professional indoor golf simulators""",,uploads/no_image.jpg,uploads/no_image.jpg,uploads/no_image.jpg,uploads/no_image.jpg,,1,,4.2,90,Indoor golf course
loaded,TARGET Indoor Golf,2390 Cawthra Rd #3,,,ont,can,,,,,0,,,,,,,"""You need to book first and receive a code to enter.""",,uploads/no_image.jpg,uploads/no_image.jpg,uploads/no_image.jpg,uploads/no_image.jpg,,1,,3.8,53,Indoor golf course
loaded,TARGET Indoor Golf,2094 Lawrence Ave E Unit 3,,,ont,can,,,,,0,,,,,,,"""Convenient local location,  open 24hrs
Don't forget to bring your own clubs""",,uploads/no_image.jpg,uploads/no_image.jpg,uploads/no_image.jpg,uploads/no_image.jpg,,1,,4.4,15,Indoor golf course
loaded,TARGET INDOOR GOLF - BELLEVILLE,610 Dundas St E Unit 5,,,ont,can,,,,,0,,,,,,,"""The pricing is very good for both public and private bays.""",,uploads/no_image.jpg,uploads/no_image.jpg,uploads/no_image.jpg,uploads/no_image.jpg,,1,,4.9,16,Indoor golf course
loaded,Tee Up Social,700 Kipling Ave suite 1200,Etobicoke,M8Z 5G3,ont,can,,http://www.teeup.social/,"teeup.social,com",,0,,,,,,,No dine-in,,uploads/no_image.jpg,uploads/no_image.jpg,uploads/no_image.jpg,uploads/no_image.jpg,,1,,4.7,149,Indoor golf course
loaded,Tees Indoor Golf,3400 Ridgeway Dr #9,,,ont,can,,,,,0,,,,,,,"""Ryan keeps the place clean and functional.""",,uploads/no_image.jpg,uploads/no_image.jpg,uploads/no_image.jpg,uploads/no_image.jpg,,1,,4.3,60,Indoor golf course
loaded,The Argyle - Bar & Golf,304 Ottawa St N,,,ont,can,,,,,0,,,,,,,Dine-in,,uploads/no_image.jpg,uploads/no_image.jpg,uploads/no_image.jpg,uploads/no_image.jpg,,1,,4.9,268,Indoor golf course
loaded,The BIG Lounge,3527 Wyecroft Rd Unit K3H,Oakville,L6L 0B6,ont,can,,https://burloakindoorgolf.com/the-big-lounge,burloakindoorgolf.com,,0,,,,,,,No delivery,,uploads/no_image.jpg,uploads/no_image.jpg,uploads/no_image.jpg,uploads/no_image.jpg,,1,,5,22,Indoor golf course
loaded,The Clubhouse by Hampton Inn & Suites,1215 Appleby Line,,,ont,can,,,,,0,,,,,,,"""All round great experience!""",,uploads/no_image.jpg,uploads/no_image.jpg,uploads/no_image.jpg,uploads/no_image.jpg,,1,,5,1,Indoor golf course
loaded,The Golf Barn,194 Bethel Rd,,,ont,can,,,,,0,,,,,,,"""Modern, clean and fairly priced.""",,uploads/no_image.jpg,uploads/no_image.jpg,uploads/no_image.jpg,uploads/no_image.jpg,,1,,5,21,Indoor golf course
loaded,The Golf House & Sports Bar,650 Woodlawn Rd W Unit 11 & 12 B,,,ont,can,,,,,0,,,,,,,Onsite services,,uploads/no_image.jpg,uploads/no_image.jpg,uploads/no_image.jpg,uploads/no_image.jpg,,1,,5,264,Indoor golf course
loaded,The Golf Lounge - Golf Simulator Richmond Hill - Indoor Golf,115 York Blvd Unit 10,,,ont,can,,,,,0,,,,,,,Onsite services,,uploads/no_image.jpg,uploads/no_image.jpg,uploads/no_image.jpg,uploads/no_image.jpg,,1,,4.5,72,Indoor golf course
loaded,The Golfers Academy - Indoor Golf,2392 Industrial St,,,ont,can,,,,,0,,,,,,,Onsite services,,uploads/no_image.jpg,uploads/no_image.jpg,uploads/no_image.jpg,uploads/no_image.jpg,,1,,4.8,162,Indoor golf course
loaded,The Golfers Edge- Indoor Golf,472 Taunton Rd W Unit 1,,,ont,can,,,,,0,,,,,,,Onsite services,,uploads/no_image.jpg,uploads/no_image.jpg,uploads/no_image.jpg,uploads/no_image.jpg,,1,,5,113,Indoor golf course
loaded,The Launch Zone,370 Ontario St unit 1,,,ont,can,,,,,0,,,,,,,,,uploads/no_image.jpg,uploads/no_image.jpg,uploads/no_image.jpg,uploads/no_image.jpg,,1,,5,3,Indoor golf course
loaded,The Links Golf & Sports Academy,840 Queenston Rd Unit 3,,,ont,can,,,,,0,,,,,,,Onsite services,,uploads/no_image.jpg,uploads/no_image.jpg,uploads/no_image.jpg,uploads/no_image.jpg,,1,,4.7,41,Indoor golf course
loaded,The Range,225 Industrial Pkwy S suite 6,,,ont,can,,,,,0,,,,,,,"""Easy access, reasonable price, clean place well kept""",,uploads/no_image.jpg,uploads/no_image.jpg,uploads/no_image.jpg,uploads/no_image.jpg,,1,,4.2,103,Indoor golf course
loaded,The Real Golf,883 16th Ave Unit 1,,,ont,can,,,,,0,,,,,,,Onsite services,,uploads/no_image.jpg,uploads/no_image.jpg,uploads/no_image.jpg,uploads/no_image.jpg,,1,,4.8,80,Indoor golf course
loaded,The Sand Trap Golf Simulator & Lounge,1306 King St W,,,ont,can,,,,,0,,,,,,,"""The place is clean with good drinks, atmosphere, and music.""",,uploads/no_image.jpg,uploads/no_image.jpg,uploads/no_image.jpg,uploads/no_image.jpg,,1,,4.7,138,Indoor golf course
loaded,The Virtual Golf Club,3455 Landmark Rd Unit 1,,,ont,can,,,,,0,,,,,,,"""👍I’ve used workout area and hitting bays for 2 months now.""",,uploads/no_image.jpg,uploads/no_image.jpg,uploads/no_image.jpg,uploads/no_image.jpg,,1,,5,7,Indoor golf course
loaded,TKGA Golf Simulator,93 Michener Crescent,,,ont,can,,,,,0,,,,,,,"""Killer sound system and screens galore.""",,uploads/no_image.jpg,uploads/no_image.jpg,uploads/no_image.jpg,uploads/no_image.jpg,,1,,5,22,Indoor golf course
loaded,Top Shot Golf - Largest Private Bays in Canada,360 Lewis Rd,,,ont,can,,,,,0,,,,,,,,,uploads/no_image.jpg,uploads/no_image.jpg,uploads/no_image.jpg,uploads/no_image.jpg,,1,,5,179,Indoor golf course
loaded,Tracer Golf Driving Range,212 Wyecroft Rd #21 & 22,,,ont,can,,,,,0,,,,,,,"""Facility is clean, equipment is excellent.""",,uploads/no_image.jpg,uploads/no_image.jpg,uploads/no_image.jpg,uploads/no_image.jpg,,1,,4.5,93,Indoor golf course
loaded,Tracer Golf Driving Range,5980 McLaughlin Rd Unit 2A,,,ont,can,,,,,0,,,,,,,"""Some indoor facilities have this for free but it is a nice touch.""",,uploads/no_image.jpg,uploads/no_image.jpg,uploads/no_image.jpg,uploads/no_image.jpg,,1,,4.6,231,Indoor golf course
loaded,Tracer Golf Driving Range,501 Alliance Ave Suite 3,,,ont,can,,,,,0,,,,,,,"""Booking online is easy and everything inside is new and clean.""",,uploads/no_image.jpg,uploads/no_image.jpg,uploads/no_image.jpg,uploads/no_image.jpg,,1,,4.6,139,Indoor golf course
loaded,Transcend Golf,2180 Dunwin Dr Unit 4,,,ont,can,,,,,0,,,,,,,"""Great size private bays, amazing cleanliness and top of the line equipment.""",,uploads/no_image.jpg,uploads/no_image.jpg,uploads/no_image.jpg,uploads/no_image.jpg,,1,,4.8,113,Indoor golf course
loaded,Transcend Golf,2480 Homer Watson Blvd B9 and B10,,,ont,can,,,,,0,,,,,,,"""Clean, amazing equipment and helpful staff.""",,uploads/no_image.jpg,uploads/no_image.jpg,uploads/no_image.jpg,uploads/no_image.jpg,,1,,4.7,115,Indoor golf course
loaded,Transition Golf,2045 Dundas St E Unit 5,,,ont,can,,,,,0,,,,,,,,,uploads/no_image.jpg,uploads/no_image.jpg,uploads/no_image.jpg,uploads/no_image.jpg,,1,,5,79,Indoor golf course
loaded,Triple Eagle Golf - Bar & Lounge,760 Pacific Rd Unit 13,,,ont,can,,,,,0,,,,,,,"""This indoor golf course is truly amazing!""",,uploads/no_image.jpg,uploads/no_image.jpg,uploads/no_image.jpg,uploads/no_image.jpg,,1,,4.9,62,Indoor golf course
loaded,TT Indoor Golf,1 Raymerville Dr #1,,,ont,can,,,,,0,,,,,,,"""The best indoor in the neighborhood with auto tee and  camera.""",,uploads/no_image.jpg,uploads/no_image.jpg,uploads/no_image.jpg,uploads/no_image.jpg,,1,,4.6,75,Indoor golf course
loaded,Vaughan Putting Edge,7621 Weston Rd,,,ont,can,,,,,0,,,,,,,"""Only $14 for a ticket and it’s still fun as an adult.""",,uploads/no_image.jpg,uploads/no_image.jpg,uploads/no_image.jpg,uploads/no_image.jpg,,1,,4.5,"1,248",Indoor golf course
loaded,VTL Indoor Golf & Academy,547 Main St E Unit 17,,,ont,can,,,,,0,,,,,,,"""The facility is always kept clean and is very accessible.""",,uploads/no_image.jpg,uploads/no_image.jpg,uploads/no_image.jpg,uploads/no_image.jpg,,1,,4.8,21,Indoor golf course
loaded,VTL Indoor Golf & Academy,8575 Keele St #9,,,ont,can,,,,,0,,,,,,,"""VTL Golf is the premier indoor golf that's leagues above everyone else.""",,uploads/no_image.jpg,uploads/no_image.jpg,uploads/no_image.jpg,uploads/no_image.jpg,,1,,5,56,Indoor golf course
