hfpxzc href,qBF1Pd,MW4etd,UY7F9,W4Efsd,W4Efsd 4,W4Efsd 5,W4Efsd 6,FQ2IWe src,ah5Ghc,ah5Ghc 2,A1zNzb href 2,J8zHNe 2,Jn12ke src
https://www.google.ca/maps/place/Club+Twirl+Golf+Lounge/data=!4m7!3m6!1s0x872b6990d7f23813:0x7f60212c36db1147!8m2!3d33.6093895!4d-112.1479478!16s%2Fg%2F11svvhqbqd!19sChIJEzjy15BpK4cRRxHbNiwhYH8?authuser=0&hl=en&rclk=1,Club Twirl Golf Lounge,5,-221,Indoor golf course,4161 W Thunderbird Rd,Open,⋅ Closes 8 p.m.,https://lh3.googleusercontent.com/p/AF1QipNuQb8dtpT8NlW4G1tLDK-UsoCJsEf8KEVGqwSU=w80-h106-k-no,Onsite services,,https://www.golfnow.com/tee-times/facility/18365/search?utm_source=google&utm_medium=organic&utm_campaign=reserve&utm_content=primary&hl=en-CA&gei=yZn9Z83KBquIptQP9qb9-AI&rwg_token=AAiGsoZyPKMJjjbvKn5KKpQMcEAzgoXGC8k2XLa9R0Tfm_fHqMfxtNkb1sDQbaG9By0ubFya7aOAnRv55EjjXaMpP9vUVdffMQ%3D%3D,Book online,
https://www.google.ca/maps/place/Desert+Links+Indoor+Golf/data=!4m7!3m6!1s0x872b0d81182eddd1:0x2af9f1993781748a!8m2!3d33.4807288!4d-111.9839329!16s%2Fg%2F11wfh0bf9_!19sChIJ0d0uGIENK4cRinSBN5nx-So?authuser=0&hl=en&rclk=1,Desert Links Indoor Golf,5,-22,Indoor golf course,4522 E Thomas Rd,Open 24 hours,,https://lh3.googleusercontent.com/p/AF1QipPjn4XViV9_bhmhTVbQpg5EDfVcoGmXJ_P3APSV=w80-h113-k-no,"""We had so much fun playing a round on the simulator.""",,,,https://ssl.gstatic.com/local/servicebusiness/default_user.png
https://www.google.ca/maps/place/iSwing+Indoor+Golf/data=!4m7!3m6!1s0x872c9fee030e8fd1:0x3172f70ac38231a5!8m2!3d33.8666301!4d-112.1467939!16s%2Fg%2F11krjpkcgj!19sChIJ0Y8OA-6fLIcRpTGCwwr3cjE?authuser=0&hl=en&rclk=1,iSwing Indoor Golf,5,-164,Indoor golf course,42101 N 41st Dr Suite 124,Open,⋅ Closes 8 p.m.,https://lh3.googleusercontent.com/p/AF1QipPY0uMxzAeoFME2J1sPr64tqCUW7NyD3UsTMVii=w176-h92-k-no,"""Super friendly staff, clean facility, and accurate simulators.""",,,,https://ssl.gstatic.com/local/servicebusiness/default_user.png
https://www.google.ca/maps/place/Tee+Timez/data=!4m7!3m6!1s0x872ba579eebe3f75:0x8a7c94e1e1c0cb13!8m2!3d33.4649593!4d-111.73928!16s%2Fg%2F11rk8szcv6!19sChIJdT--7nmlK4cRE8vA4eGUfIo?authuser=0&hl=en&rclk=1,Tee Timez,5,-36,Indoor golf course,2716 N Ogden #103,Open 24 hours,,https://lh3.googleusercontent.com/p/AF1QipMpSCq2U_w9BVm06Qh4xOtD2xR7VaNSAOQT0dxb=w138-h92-k-no,"""The 24/7 simulator access is legit.""",,,,https://ssl.gstatic.com/local/servicebusiness/default_user.png
https://www.google.ca/maps/place/Zion+Golf+Club+and+Cafe+%26+Bar/data=!4m7!3m6!1s0x872b753e7e55e091:0xac199663209ac919!8m2!3d33.6235955!4d-111.8970495!16s%2Fg%2F11rckpd6xp!19sChIJkeBVfj51K4cRGcmaIGOWGaw?authuser=0&hl=en&rclk=1,Zion Golf Club and Cafe & Bar,5,-123,Indoor golf course,15090 N Northsight Blvd #108,Open,⋅ Closes 8 p.m.,https://lh3.googleusercontent.com/p/AF1QipPYy78CBi7InORV5Po_QMNEpJ8g8bMNnfE0RVfg=w122-h92-k-no,Onsite services,,,,
https://www.google.ca/maps/place/Fairway+Dreams+Indoor+Golf/data=!4m7!3m6!1s0x872b3ff6701c5689:0x50c5f787d249eb85!8m2!3d33.453634!4d-112.32439!16s%2Fg%2F11rpdfzjrk!19sChIJiVYccPY_K4cRhetJ0of3xVA?authuser=0&hl=en&rclk=1,Fairway Dreams Indoor Golf,5,-1,Indoor golf course,1050 N Fairway Dr BLB: A 106,Open,⋅ Closes 9 p.m.,https://lh3.googleusercontent.com/p/AF1QipO3rDKh_TgJrbcAi0O9cbkB93zt-bOf5k4n6I1u=w147-h92-k-no,"""Well run, accurate simulators.""",,https://www.golfnow.com/tee-times/facility/19201/search?utm_source=google&utm_medium=organic&utm_campaign=reserve&utm_content=primary&hl=en-CA&gei=yZn9Z83KBquIptQP9qb9-AI&rwg_token=AAiGsoa6u-XDSGDhZ1BPzpOA9nklBEv6cyuk2UauuH7fro4u_pnMgzbviqhYwKwshx5BBAO20OslkZsp5Rx6DOoLD7dbp73LaA%3D%3D,Book online,https://ssl.gstatic.com/local/servicebusiness/default_user.png
"https://www.google.ca/maps/place/The+Back+Nine+Golf+-+Gilbert,+AZ/data=!4m7!3m6!1s0x872bafe2ef62c3e1:0x7e1e540606896ece!8m2!3d33.3796201!4d-111.7240633!16s%2Fg%2F11svnbj5d8!19sChIJ4cNi7-KvK4cRzm6JBgZUHn4?authuser=0&hl=en&rclk=1","The Back Nine Golf - Gilbert, AZ",4.7,-22,Indoor golf course,1614 N Higley Rd,Open 24 hours,,https://lh3.googleusercontent.com/p/AF1QipNajJp_vaRejerCOeognntIeVVpTcdzb31vEFYO=w137-h92-k-no,Onsite services,,,,
https://www.google.ca/maps/place/Puttshack+-+Scottsdale/data=!4m7!3m6!1s0x872b75598022488d:0x2d8a7e4df8ae15d2!8m2!3d33.6232666!4d-111.9233467!16s%2Fg%2F11sr_5qk86!19sChIJjUgigFl1K4cR0hWu-E1-ii0?authuser=0&hl=en&rclk=1,Puttshack - Scottsdale,4.2,-870,Miniature golf course,15059 N Scottsdale Rd,Open,⋅ Closes 11 p.m.,https://lh3.googleusercontent.com/gps-cs-s/AB5caB_-4QnPP5FzJSVXSlvMFUMS5Sf14GnlcWtiNCsevY-Ndbz6UBEpQ_OwqF_5sVHH15dXuUp3yiu5hgpAT0PXjSEWgrHnAmlEeVyXYZxjrOTvDH_0vmMHT0Oqh4HPASYSLSI2DFZ3=w80-h106-k-no,"""We had a fantastic time and the course was as challenging as it was fun.""",,,,https://ssl.gstatic.com/local/servicebusiness/default_user.png
https://www.google.ca/maps/place/TeeBox+Indoor+Golf+Club/data=!4m7!3m6!1s0x872b7f999c83ff17:0x601b17a464473b87!8m2!3d33.8294774!4d-111.9276725!16s%2Fg%2F11vht7xrg9!19sChIJF_-DnJl_K4cRhztHZKQXG2A?authuser=0&hl=en&rclk=1,TeeBox Indoor Golf Club,4.5,-143,Indoor golf course,7100 E Cave Creek Rd Ste 145,Closed,⋅ Opens 11 a.m. Tue,https://lh3.googleusercontent.com/p/AF1QipMuI0TAgYH8l8rF9dqqJAvjChi3TjxDB08KFA43=w138-h92-k-no,Dine-in,Curbside pickup,"https://www.google.com/maps/reserve/v/dine/c/xrwf8wm8w4w?source=pa&opi=79508299&hl=en-CA&gei=yZn9Z83KBquIptQP9qb9-AI&sourceurl=https://www.google.ca/search?tbm%3Dmap%26authuser%3D0%26hl%3Den%26gl%3Dca%26pb%3D!4m12!1m3!1d2744520.145619113!2d-114.81070793043898!3d34.59337046154655!2m3!1f0!2f0!3f0!3m2!1i1032!2i527!4f13.1!7i20!8i0!10b1!12m24!1m5!18b1!30b1!31m1!1b1!34e1!2m3!5m1!6e2!20e3!4b0!10b1!12b1!13b1!16b1!17m1!3e1!20m3!5e2!6b1!14b1!46m1!1b0!96b1!19m4!2m3!1i360!2i120!4i8!20m48!2m2!1i203!2i100!3m2!2i4!5b1!6m6!1m2!1i86!2i86!1m2!1i408!2i240!7m33!1m3!1e1!2b0!3e3!1m3!1e2!2b1!3e2!1m3!1e2!2b0!3e3!1m3!1e8!2b0!3e3!1m3!1e10!2b0!3e3!1m3!1e10!2b1!3e2!1m3!1e10!2b0!3e4!1m3!1e9!2b1!3e2!2b1!9b0!22m6!1siZn9Z9aoC8CIptQPg7C76AU:177!2s1i:0,t:20588,p:iZn9Z9aoC8CIptQPg7C76AU:177!4m1!2i20588!7e81!12e3!24m108!1m32!13m9!2b1!3b1!4b1!6i1!8b1!9b1!14b1!20b1!25b1!18m21!3b1!4b1!5b1!6b1!9b1!12b1!13b1!14b1!17b1!20b1!21b1!22b1!25b1!27m1!1b0!28b0!32b1!33m1!1b1!34b0!36e1!10m1!8e3!11m1!3e1!14m1!3b0!17b1!20m2!1e3!1e6!24b1!25b1!26b1!29b1!30m1!2b1!36b1!39m3!2m2!2i1!3i1!43b1!52b1!54m1!1b1!55b1!56m1!1b1!65m5!3m4!1m3!1m2!1i224!2i298!71b1!72m22!1m8!2b1!5b1!7b1!12m4!1b1!2b1!4m1!1e1!4b1!8m10!1m6!4m1!1e1!4m1!1e3!4m1!1e4!3sother_user_google_reviews!6m1!1e1!9b1!89b1!98m3!1b1!2b1!3b1!103b1!113b1!114m3!1b1!2m1!1b1!117b1!122m1!1b1!125b1!126b1!127b1!26m4!2m3!1i80!2i92!4i8!30m28!1m6!1m2!1i0!2i0!2m2!1i530!2i527!1m6!1m2!1i982!2i0!2m2!1i1032!2i527!1m6!1m2!1i0!2i0!2m2!1i1032!2i20!1m6!1m2!1i0!2i507!2m2!1i1032!2i527!31b1!34m19!2b1!3b1!4b1!6b1!8m6!1b1!3b1!4b1!5b1!6b1!7b1!9b1!12b1!14b1!20b1!23b1!25b1!26b1!31b1!37m1!1e81!42b1!46m1!1e1!47m0!49m10!3b1!6m2!1b1!2b1!7m2!1e3!2b1!8b1!9b1!10e2!50m26!1m21!2m7!1u3!4sOpen%2Bnow!5e1!9s0ahUKEwi9yfSS1tiMAxVBhIkEHa-jLOkQ_KkBCAcoAg!10m2!3m1!1e1!2m7!1u2!4sTop-rated!5e1!9s0ahUKEwi9yfSS1tiMAxVBhIkEHa-jLOkQ_KkBCAgoAw!10m2!2m1!1e1!3m1!1u3!3m1!1u2!4BIAE!2e2!3m2!1b1!3b1!59BQ2dBd0Fn!67m3!7b1!10b1!14b1!69i729%26q%3Dindoor%2Bgolf%2Bcourse%2Bnear%2BArizona,%2BUSA%26nfpr%3D1%26ech%3D3%26psi%3DiZn9Z9aoC8CIptQPg7C76AU.1744673161374.1",Reserve a table,
https://www.google.ca/maps/place/Loft+Golf+Studios/data=!4m7!3m6!1s0x872b092c6b0c85e9:0xfb76f7e4723a5321!8m2!3d33.4003894!4d-111.9399805!16s%2Fg%2F11vm17m54y!19sChIJ6YUMaywJK4cRIVM6cuT3dvs?authuser=0&hl=en&rclk=1,Loft Golf Studios,5,-18,Indoor golf course,2 W Alameda Dr Suite #3,Open 24 hours,,https://lh3.googleusercontent.com/p/AF1QipOP5uVLET9IzWXqfIKgLqQGSKXX9l7FAPsE_Uae=w122-h92-k-no,"""Price is right, simulator is accurate, and place is very comfortable.""",,,,https://ssl.gstatic.com/local/servicebusiness/default_user.png
"https://www.google.ca/maps/place/One+Swing+Away+Golf+-+Queen+Creek,+AZ/data=!4m7!3m6!1s0x872a4ddcfc6b1713:0xf19134db5c651950!8m2!3d33.2473007!4d-111.6245522!16s%2Fg%2F11ln3l9cqt!19sChIJExdr_NxNKocRUBllXNs0kfE?authuser=0&hl=en&rclk=1","One Swing Away Golf - Queen Creek, AZ",5,-20,Indoor golf course,21258 E Rittenhouse Rd STE 109,,,https://lh3.googleusercontent.com/p/AF1QipPfcyU8EpNFzq04keWR2BLqpx6sMmYMeUrSsbRm=w162-h92-k-no,"""Brandon, the owner, is super nice, and indoor golfing is a blast.""",,,,https://ssl.gstatic.com/local/servicebusiness/default_user.png
https://www.google.ca/maps/place/Par+Lab+Golf/data=!4m7!3m6!1s0x872b0f6cef4b50b5:0x54d6424aa499c263!8m2!3d33.4195479!4d-111.9767754!16s%2Fg%2F11y4bhjxzj!19sChIJtVBL72wPK4cRY8KZpEpC1lQ?authuser=0&hl=en&rclk=1,Par Lab Golf,5,-13,Indoor golf course,939 S 48th St Suite 208,Open 24 hours,,https://lh3.googleusercontent.com/p/AF1QipObYF8TD20LwrE69X15whLup7gQnuqaaJoPQMU=w80-h106-k-no,"""There is a putting green, golf simulator, fridges for drinks and more.""",,,,https://ssl.gstatic.com/local/servicebusiness/default_user.png
https://www.google.ca/maps/place/Agave+Golf+Club/data=!4m7!3m6!1s0x872bab9237002a35:0xe5a3954bba6b4828!8m2!3d33.2807465!4d-111.8012812!16s%2Fg%2F11krj3n1tl!19sChIJNSoAN5KrK4cRKEhrukuVo-U?authuser=0&hl=en&rclk=1,Agave Golf Club,4.7,-12,Indoor golf course,2350 E Germann Rd #37,Open 24 hours,,https://lh3.googleusercontent.com/p/AF1QipMAjDrcq7hVql6_DKDhPgy3KEtQqXnEXO7kftJw=w138-h92-k-no,"""They have top-notch simulators, and the place is really well designed.""",,,,https://ssl.gstatic.com/local/servicebusiness/default_user.png
"https://www.google.ca/maps/place/The+Back+Nine+Golf+%7C+Glendale,+AZ/data=!4m7!3m6!1s0x872b6942b96c460f:0xf01b9d847cf9325f!8m2!3d33.6367585!4d-112.1832553!16s%2Fg%2F11w82r1p4c!19sChIJD0ZsuUJpK4cRXzL5fISdG_A?authuser=0&hl=en&rclk=1","The Back Nine Golf | Glendale, AZ",5,-45,Indoor golf course,5775 W Bell Rd Suite #13,Open 24 hours,,https://lh3.googleusercontent.com/p/AF1QipPgPmMDK4YikGKlxTHp6k7PLbAYy01tPrznQd2X=w137-h92-k-no,Onsite services,,https://www.golfnow.com/tee-times/facility/19580/search?utm_source=google&utm_medium=organic&utm_campaign=reserve&utm_content=primary&hl=en-CA&gei=yZn9Z83KBquIptQP9qb9-AI&rwg_token=AAiGsoasZaFg5_ZeJKejoMn4wMJvpPK5_Ei8wPrtNqLY8gIkdp9CVtMMwpip38Y_zZj6sYrnGqmpVYgAH4QKjgkEpfZvUJGy4A%3D%3D,Book online,
https://www.google.ca/maps/place/Ryder+NDoor+Golf/data=!4m7!3m6!1s0x872b9ff2817d4dff:0xbd6e7b5a6c88aa57!8m2!3d33.6272124!4d-111.8547991!16s%2Fg%2F11sw3jyx8s!19sChIJ_019gfKfK4cRV6qIbFp7br0?authuser=0&hl=en&rclk=1,Ryder NDoor Golf,5,-17,Indoor golf course,10401 E McDowell Mountain Ranch Rd #150,Open 24 hours,,https://lh3.googleusercontent.com/p/AF1QipNuHu1PWdxRXmS3TnD3htMOpZqQJBWFVFoNLLKu=w122-h92-k-no,"""For serious golfers,
I found a perfect indoor range!""",,https://www.ryderndoorgolf.com/book-online?utm_source=google&utm_medium=book_button&utm_campaign=service_list&hl=en-CA&gei=yZn9Z83KBquIptQP9qb9-AI&rwg_token=AAiGsobJe_VOYhFA56mi8D5ENkdVCbCUtTkc4YAIYvwRe_ESZR-fr6F9VgApvsXTAMIgfOPCWCH5yxuiFR-Rfp3KaUQtJT13AQ%3D%3D,Book online,https://ssl.gstatic.com/local/servicebusiness/default_user.png
"https://www.google.ca/maps/place/The+Back+Nine+Golf+%7C+Scottsdale,+AZ/data=!4m7!3m6!1s0x872b751e86b709e9:0xfa45851b76e8d80e!8m2!3d33.6279246!4d-111.892927!16s%2Fg%2F11vjy0__p5!19sChIJ6Qm3hh51K4cRDtjodhuFRfo?authuser=0&hl=en&rclk=1","The Back Nine Golf | Scottsdale, AZ",4.8,-25,Indoor golf course,15681 Hayden Rd Suite 114,Open 24 hours,,https://lh3.googleusercontent.com/p/AF1QipPpyCVQr3v-13Cp1u9OVf9SaExXvKptOzIaAPix=w122-h92-k-no,Onsite services,,https://www.golfnow.com/tee-times/facility/19077/search?utm_source=google&utm_medium=organic&utm_campaign=reserve&utm_content=primary&hl=en-CA&gei=yZn9Z83KBquIptQP9qb9-AI&rwg_token=AAiGsoauvNuyVb-RwVNabeBXXe8mb2iJrwzUUwxIC31P0U6b-HsBYBqQ9QrQjVKzlO1Gfc4rjVTS4raTJ9EcqzfW8qAWPH-PoQ%3D%3D,Book online,
https://www.google.ca/maps/place/Mountain+Mulligans+Golf+Suites/data=!4m7!3m6!1s0x8728b7007e26c053:0x80a325e1a0deb2e0!8m2!3d34.1261145!4d-109.9387073!16s%2Fg%2F11wfjq41ny!19sChIJU8AmfgC3KIcR4LLeoOElo4A?authuser=0&hl=en&rclk=1,Mountain Mulligans Golf Suites,5,-2,Indoor golf course,1450 E White Mountain Blvd,Closes soon,⋅ 5 p.m. ⋅ Opens 8 a.m. Tue,https://lh3.googleusercontent.com/gps-cs-s/AB5caB-Kyd2JkiZRQe-nZZiz639JGdHP4J3GL2u0a2TR2VtNPDeibP_1c9EOGocEh9inTe12WKEBuPesjJVRGEPj-ChTPIpNtTZkRenTQZnfNLBvnJWKfd4RVvnK_2go4KuB2lsgKCq9=w80-h106-k-no,"""Amazing facilities with 2 pro level simulators and a putting area.""",,,,https://ssl.gstatic.com/local/servicebusiness/default_user.png
https://www.google.ca/maps/place/Arizona+Golf+Exchange+%26+Indoor+Golf/data=!4m7!3m6!1s0x86d66fcd3b320f0b:0xf852fe218e651b29!8m2!3d32.2366377!4d-110.889833!16s%2Fg%2F1vs1s9vx!19sChIJCw8yO81v1oYRKRtljiH-Uvg?authuser=0&hl=en&rclk=1,Arizona Golf Exchange & Indoor Golf,4.9,-102,Indoor golf course,4815 E Speedway Blvd,Closed,⋅ Opens 9 a.m. Tue,https://lh3.googleusercontent.com/p/AF1QipONPME0Un3c1eEjfOZjgcyTGnyyBrQszCTCat5A=w122-h92-k-no,In-store shopping,In-store pickup,,,
https://www.google.ca/maps/place/The+Back+Nine+Golf+%7C+Chandler/data=!4m7!3m6!1s0x872b01934026e257:0x41ecbf6ebcd47275!8m2!3d33.3070801!4d-111.8854107!16s%2Fg%2F11ldb6gy6x!19sChIJV-ImQJMBK4cRdXLUvG6_7EE?authuser=0&hl=en&rclk=1,The Back Nine Golf | Chandler,5,-16,Indoor golf course,2580 W Chandler Blvd,Open 24 hours,,https://lh3.googleusercontent.com/gps-cs-s/AB5caB_1c39c1SnXh6bYr8cl49ERMYDtFaPw8xKEDpRfA8Sqa5e4kxib-mdNKwgq7MprZag893Obul1qM62VPa9cswnJ9VK9RIN0sY2v_ltILaEKSxoVhPYsLUmj_d1wyMSVHJX8dfSEsQ=w172-h92-k-no,Onsite services,,https://www.golfnow.com/tee-times/facility/19087/search?utm_source=google&utm_medium=organic&utm_campaign=reserve&utm_content=primary&hl=en-CA&gei=yZn9Z83KBquIptQP9qb9-AI&rwg_token=AAiGsobdDmvUXKMBNhEfGVEJwCWB-t9FgEfm86JOU-u67vBmq4D2m2FiXEKFpnmWrSdAobM90YXquDaLsYDQot3gFxt_cc59Kw%3D%3D,Book online,
https://www.google.ca/maps/place/PopStroke/data=!4m7!3m6!1s0x872b0b79128d1083:0x8268f813b45053ca!8m2!3d33.5414086!4d-111.8818293!16s%2Fg%2F11vbclzqpv!19sChIJgxCNEnkLK4cRylNQtBP4aII?authuser=0&hl=en&rclk=1,PopStroke,4.3,-612,Miniature golf course,9245 E Hummingbird Ln,Open,⋅ Closes 11 p.m.,https://lh3.googleusercontent.com/p/AF1QipMve2KLbj_1zK2JFJBiWdUWYxX2k193Mrb9Dpq_=w138-h92-k-no,"""... this",course,,,https://ssl.gstatic.com/local/servicebusiness/default_user.png
https://www.google.ca/maps/place/Bushwood+Sims/data=!4m7!3m6!1s0x872b0b293fe55825:0x101c1eb954ea2724!8m2!3d33.4526136!4d-112.070552!16s%2Fg%2F11w1lw_ys3!19sChIJJVjlPykLK4cRJCfqVLkeHBA?authuser=0&hl=en&rclk=1,Bushwood Sims,4.8,-18,Indoor golf course,340 N 3rd St,Open,⋅ Closes 10 p.m.,https://lh3.googleusercontent.com/p/AF1QipMbENYDWbkzbYQqof8aWYqYUxJ5v3l9nbPjhGD-=w138-h92-k-no,"""Totally awesome experience and loads of fun.""",,,,https://ssl.gstatic.com/local/servicebusiness/default_user.png
https://www.google.ca/maps/place/Valley+Golf+Center/data=!4m7!3m6!1s0x872b40af8d673e5f:0x7a4ccae7c2c999d4!8m2!3d33.4923744!4d-112.3222885!16s%2Fg%2F1vl5h7hf!19sChIJXz5nja9AK4cR1JnJwufKTHo?authuser=0&hl=en&rclk=1,Valley Golf Center,4.7,-355,Golf driving range,12247 W Indian School Rd,Open,⋅ Closes 10 p.m.,https://lh3.googleusercontent.com/p/AF1QipN_pA7js3tyIFazxNhTYB_IQbgoXzP9oBXngAgA=w140-h92-k-no,Onsite services,,,,
https://www.google.ca/maps/place/Indoor+Golf+Design/data=!4m7!3m6!1s0x872b000fe1edc771:0x250f894b8d702dd2!8m2!3d33.3067928!4d-111.9183164!16s%2Fg%2F11b60qdtvz!19sChIJccft4Q8AK4cR0i1wjUuJDyU?authuser=0&hl=en&rclk=1,Indoor Golf Design,5,-9,Indoor golf course,"BY APPOINTMENT ONLY, 4360 W Chandler Blvd # 5",Closes soon,⋅ 5 p.m. ⋅ Opens 9 a.m. Tue,https://lh3.googleusercontent.com/p/AF1QipMJNs4J6ErS4qQrscjaiVhcijWSgz7_eMyApsXb=w297-h92-k-no,In-store shopping,Delivery,,,
https://www.google.ca/maps/place/Imagine+3D+Mini+Golf/data=!4m7!3m6!1s0x872b0b464c8a0491:0x1055b361a7e08f5a!8m2!3d33.5394338!4d-111.8831652!16s%2Fg%2F11jgdbtd8h!19sChIJkQSKTEYLK4cRWo_gp2GzVRA?authuser=0&hl=en&rclk=1,Imagine 3D Mini Golf,4.8,-449,Indoor golf course,9180 E E Talking Stick Wy # F7,Open,⋅ Closes 9 p.m.,https://lh3.googleusercontent.com/gps-cs-s/AB5caB-OMCyDDmtRR-9wFZqOo6vPjuF9qToROIEeJGp0TOjHkR_Ws_rxIKqnyumzG0DnZItVxGVQ0pQpk-W0DNfNmzfXXlp3lNaZVV7oeDEFbI_IYefbnCswFg6V1yvtB8JMA3VYkXxGpA=w122-h92-k-no,"""18 total holes and multiple themes with varying levels of difficulty.""",,,,https://ssl.gstatic.com/local/servicebusiness/default_user.png
https://www.google.ca/maps/place/Imagine+3D+Mini+Golf/data=!4m7!3m6!1s0x872ba994e18e0b53:0x2ef48e5db632df0!8m2!3d33.3338088!4d-111.8063673!16s%2Fg%2F11fj9gn38n!19sChIJUwuO4ZSpK4cR8C1j2-VI7wI?authuser=0&hl=en&rclk=1,Imagine 3D Mini Golf,4.9,-971,Indoor golf course,785 W Warner Rd Suite A107,Open,⋅ Closes 9 p.m.,https://lh3.googleusercontent.com/p/AF1QipPP-jyZUeLrTN7tcDhiVLW93xKTHWJeSHNr5_O-=w92-h92-k-no,Onsite services,,,,
https://www.google.ca/maps/place/Glow+Putt+Mini+Golf/data=!4m7!3m6!1s0x872b753fac1e0b65:0xd04a63150126e39f!8m2!3d33.5836995!4d-111.8837386!16s%2Fg%2F11b5wkmnp1!19sChIJZQserD91K4cRn-MmARVjStA?authuser=0&hl=en&rclk=1,Glow Putt Mini Golf,4.7,-874,Indoor golf course,9160 E Shea Blvd #110,Open,⋅ Closes 10 p.m.,https://lh3.googleusercontent.com/p/AF1QipNigfxag1_zxTjxXf_ho3aitUXmH8D35ScRrAdm=w122-h92-k-no,Onsite services,,,,
https://www.google.ca/maps/place/Bunker+Indoor+Golf+%26+Training/data=!4m7!3m6!1s0x872b4769080ea555:0x98a402abfbb0182f!8m2!3d33.4763605!4d-112.3916187!16s%2Fg%2F11t6_sv7b9!19sChIJVaUOCGlHK4cRLxiw-6sCpJg?authuser=0&hl=en&rclk=1,Bunker Indoor Golf & Training,3.5,-2,Golf club,2333 Pebble Creek Pkwy ste a104,,,https://streetviewpixels-pa.googleapis.com/v1/thumbnail?panoid=EFbLV-Ng-29yxRlWcbytcQ&cb_client=search.gws-prod.gps&w=80&h=92&yaw=151.8513&pitch=0&thumbfov=100,,,,,
https://www.google.ca/maps/place/Topgolf+Scottsdale/data=!4m7!3m6!1s0x872b0a947b1477e7:0x6375a2e1cdbbc9c4!8m2!3d33.5410494!4d-111.8768597!16s%2Fg%2F1ptvy3rm9!19sChIJ53cUe5QKK4cRxMm7zeGidWM?authuser=0&hl=en&rclk=1,Topgolf Scottsdale,4.5,"-4,451",Golf course,9500 E Talking Stick Wy,Open,⋅ Closes 12 a.m.,https://lh3.googleusercontent.com/p/AF1QipO9yCJRZnijUD-CBz2XP-FSAm3IdQKDNA8QzIQA=w138-h92-k-no,Dine-in,No takeout,https://topgolf.com/us/riverwalk/plan-a-visit/?hl=en-CA&gei=5Zn9Z-6YCfOeptQPw_HpaA&rwg_token=AAiGsoaHm7H3Xl5su4MoBQVVYfqOYZec2UhgbLdGwxZV7Q79uAoiaNiBlruK4kUsRm5lW1d2mczEhDgyebr3VPGct5PU11wuog%3D%3D,Book online,
https://www.google.ca/maps/place/Stingers+Golf+Club/data=!4m7!3m6!1s0x872bab46f3028a3d:0x1c29e03c2beb49d7!8m2!3d33.2922394!4d-111.8270993!16s%2Fg%2F11y42sky9p!19sChIJPYoC80arK4cR10nrKzzgKRw?authuser=0&hl=en&rclk=1,Stingers Golf Club,4.8,-78,Sports bar,900 E Pecos Rd Ste 1,Open,⋅ Closes 10 p.m.,https://lh3.googleusercontent.com/p/AF1QipNvNn7YpevgXCkJCdkwiV6tIcbDKtNvbN_P9Kab=w163-h92-k-no,Dine-in,Curbside pickup,"https://www.google.com/viewer/chooseprovider?mid=/g/11y42sky9p&g2lbs=AAEPWCvxYDmotkrEH4Hbj5laL3pOSi-TA3KWdMITvNLOpS5tFxEgabhApkO7Jy_ItQzIbkR-WVQGYq5hZdoyIxCkbbLuR_R_AQ%3D%3D&hl=en-CA&gl=ca&fo_m=MfohQo559jFvMUOzJVpjPL1YMfZ3bInYwBDuMfaXTPp5KXh-&utm_source=tactile&gei=5Zn9Z-6YCfOeptQPw_HpaA&ei=5Zn9Z-6YCfOeptQPw_HpaA&fo_s=OA,SOE&opi=79508299&ebb=1&cs=0&foub=mcpp",Order online,
https://www.google.ca/maps/place/Advanced+Dynamic+Golf+Center/data=!4m7!3m6!1s0x872ba97621738d71:0x6739df309c32145e!8m2!3d33.3345088!4d-111.80484!16s%2Fg%2F11f29zskr3!19sChIJcY1zIXapK4cRXhQynDDfOWc?authuser=0&hl=en&rclk=1,Advanced Dynamic Golf Center,4.8,-36,Indoor golf course,825 S Cooper Rd # B2,Open,⋅ Closes 6 p.m.,https://lh3.googleusercontent.com/gps-cs-s/AB5caB8zQ16RZevToxFVrfUog9pYrvc9Km2uJeWGLWIg4tlpY7brghHGidnjHo6RadeRQhk1K_cwbPYVEHQvyzCUUVH-XjYxaGL6IwX-q25kL_IpA50c8yiT6W8YAEc-b1_4qcyr-rc=w122-h92-k-no,In-store shopping,,,,
https://www.google.ca/maps/place/Virtual+Tee+Systems/data=!4m7!3m6!1s0x872b0b3c4bd6f29f:0xda5081dfd2e00069!8m2!3d33.4224475!4d-111.9074885!16s%2Fg%2F11y2sqh2cl!19sChIJn_LWSzwLK4cRaQDg0t-BUNo?authuser=0&hl=en&rclk=1,Virtual Tee Systems,5,-10,Indoor golf course,1828 E University Dr #4,Closes soon,⋅ 5 p.m. ⋅ Opens 7 a.m. Tue,https://lh3.googleusercontent.com/p/AF1QipOkZ0hWX-E4upEuUicg4ac7kI9raBr5qSXNLgC-=w122-h92-k-no,Onsite services,Online estimates,,,
https://www.google.ca/maps/place/Topgolf+Glendale/data=!4m7!3m6!1s0x872b41beae40e111:0xfc9b05d0a4745cab!8m2!3d33.5244195!4d-112.2708168!16s%2Fg%2F11f5vdxzpf!19sChIJEeFArr5BK4cRq1x0pNAFm_w?authuser=0&hl=en&rclk=1,Topgolf Glendale,4.3,"-1,793",Golf course,6101 N 99th Ave,Open,⋅ Closes 12 a.m.,https://lh3.googleusercontent.com/p/AF1QipNMzFoV6UIrTBRQg4_MB6nT106J83-golVyDIbr=w138-h92-k-no,Dine-in,No takeout,https://topgolf.com/us/glendale/plan-a-visit/?hl=en-CA&gei=5Zn9Z-6YCfOeptQPw_HpaA&rwg_token=AAiGsoYCmQOTKjpEhoxDwYsekNNCBj3h1MMxAA8K5i1b6tVsxdhlNlF-nVSGezy0p_cmFZUpsA-YiOJXS5UOIfLwD06uCaPPjw%3D%3D,Book online,
https://www.google.ca/maps/place/GOLFTEC+Chandler/data=!4m7!3m6!1s0x872b043c4850e983:0xe9e0d38d16f5c9a1!8m2!3d33.3178888!4d-111.9639806!16s%2Fg%2F1tyyxk_0!19sChIJg-lQSDwEK4cRocn1Fo3T4Ok?authuser=0&hl=en&rclk=1,GOLFTEC Chandler,4.8,-44,Golf instructor,7131 W Ray Rd,Open,⋅ Closes 7 p.m.,https://lh3.googleusercontent.com/p/AF1QipOQ7e_d36_w-ZVHBhdzBMmGAz6Re3MNIXEb-3DB=w138-h92-k-no,Onsite services,,,,
https://www.google.ca/maps/place/Golf+%26+Grow/data=!4m7!3m6!1s0x872b74ec4210b2f9:0xc0a0bc5e116b4524!8m2!3d33.584916!4d-111.924353!16s%2Fg%2F11bvts4g88!19sChIJ-bIQQux0K4cRJEVrEV68oMA?authuser=0&hl=en&rclk=1,Golf & Grow,4.9,-11,Golf club,10869 N Scottsdale Rd #103311,Open,⋅ Closes 8 p.m.,https://lh3.googleusercontent.com/p/AF1QipPhcWg9cjKEDgWwsUKRzU7SEWEQ6vi_9l9DGOVW=w129-h92-k-no,"""I want to go""",,,,https://ssl.gstatic.com/local/servicebusiness/default_user.png
https://www.google.ca/maps/place/Topgolf+Gilbert/data=!4m7!3m6!1s0x872bac165a494ce9:0x77825477bc5bde0b!8m2!3d33.3201898!4d-111.7415746!16s%2Fg%2F11b6dq_7z8!19sChIJ6UxJWhasK4cRC95bvHdUgnc?authuser=0&hl=en&rclk=1,Topgolf Gilbert,4.5,"-3,330",Golf course,1689 S Santan Village Pkwy,Open,⋅ Closes 12 a.m.,https://lh3.googleusercontent.com/p/AF1QipOV08kC88DAJodbXOQ1cPDID_I2ip84uQi1ME_y=w163-h92-k-no,Dine-in,No takeout,https://topgolf.com/us/gilbert/plan-a-visit/?hl=en-CA&gei=5Zn9Z-6YCfOeptQPw_HpaA&rwg_token=AAiGsoZyECOeGZuztp1vpvFgr-nXFAvkJQo6PaYaWkd8RFSO-hURKE0xqN5pYzXOveLmLF491k32xb48R6o0CwdcD4jBQgKkIg%3D%3D,Book online,
"https://www.google.ca/maps/place/Swingin%27+Safari+Mini+Golf,+LLC/data=!4m7!3m6!1s0x872b06d93db75bfd:0xb2a6a293ee790826!8m2!3d33.3188201!4d-111.9090735!16s%2Fg%2F11f40rzllz!19sChIJ_Vu3PdkGK4cRJgh57pOiprI?authuser=0&hl=en&rclk=1","Swingin' Safari Mini Golf, LLC",4.6,-336,Miniature golf course,3875 W Ray Rd #8,Open,⋅ Closes 8 p.m.,https://lh3.googleusercontent.com/gps-cs-s/AB5caB9icVPwV4g3m22NGiVUBUZ0h8KKdP9PECwP4Cl0FaZe7q9IjN42Uk54dP9AkUp3VnCl_4BmTU1yfMXXGqOkKrmtjwLaw7U2efUbV16PVLwrfTdoMseDHJ_LndWJtEfKfN-LBWY=w122-h92-k-no,"""The course was fun and the greens were well maintained.""",,,,https://ssl.gstatic.com/local/servicebusiness/default_user.png
https://www.google.ca/maps/place/Golfland+Mini+Golf+Course/data=!4m7!3m6!1s0x872ba813c0d8a625:0x9e2d18c84668654c!8m2!3d33.3878653!4d-111.8376674!16s%2Fg%2F11g6bm5pw9!19sChIJJabYwBOoK4cRTGVoRsgYLZ4?authuser=0&hl=en&rclk=1,Golfland Mini Golf Course,4.4,-503,Miniature golf course,1511 S Country Club Dr,Open,⋅ Closes 10 p.m.,https://lh3.googleusercontent.com/gps-cs-s/AB5caB_Li0RQjXiL8psGDMxkYs6kUvHFRgBmojABHv8-tIGJkt3n82Z1eIraGUmKZZjt1NMipnZRe_Fg-DLIEh0egSNf92KhgnA4vfFXGeC3s5p0lrA10gjzCqVUUYA7Gcom5S9Q9jE=w122-h92-k-no,Onsite services,,,,
https://www.google.ca/maps/place/Swing+Shift+Golf+Club/data=!4m7!3m6!1s0x872b7578f76e02a3:0x35b01be88bcfe843!8m2!3d33.5793305!4d-111.9265909!16s%2Fg%2F11y9zq202f!19sChIJowJu93h1K4cRQ-jPi-gbsDU?authuser=0&hl=en&rclk=1,Swing Shift Golf Club,5,-16,Indoor golf course,10300 N Scottsdale Rd,Open,⋅ Closes 10 p.m.,https://lh3.googleusercontent.com/gps-cs-s/AB5caB-xJajmJgDFBHe6sLWO0UAtfcdfFdv5bOdjSDfb1xbzQqr8ZiPg841bVjSOHc8RFKlDIfFTNC0dByg6HjlHk9VMs_P6dQTIWbTgbTBlgmO8ir652XtYvATCFZHlibg8Q06e-LA=w80-h142-k-no,"""Top of the line simulators, high end decor, clean and a lot of fun.""",,,,https://ssl.gstatic.com/local/servicebusiness/default_user.png
https://www.google.ca/maps/place/Golf+Guru/data=!4m7!3m6!1s0x872b07ebc255a33d:0x2a659a4a9558a4f1!8m2!3d33.408997!4d-111.7108349!16s%2Fg%2F11lgnbt7_h!19sChIJPaNVwusHK4cR8aRYlUqaZSo?authuser=0&hl=en&rclk=1,Golf Guru,4.9,-88,Golf instructor,5540 E Broadway Rd #4-5,Open,⋅ Closes 6 p.m.,https://lh3.googleusercontent.com/p/AF1QipMLPvTYHiRny36VHCQtvig64XMWQ1fE01KAZyNq=w122-h92-k-no,"""... place to get",lessons,"https://www.google.com/maps/reserve/appt/place/ChIJPaNVwusHK4cR8aRYlUqaZSo/mid/%2Fg%2F11lgnbt7_h?hl=en-CA&gei=5Zn9Z-6YCfOeptQPw_HpaA&sourceurl=https://www.google.ca/search?tbm%3Dmap%26authuser%3D0%26hl%3Den%26gl%3Dca%26pb%3D!4m12!1m3!1d2744520.145619113!2d-114.81070793043898!3d34.59337046154655!2m3!1f0!2f0!3f0!3m2!1i1032!2i527!4f13.1!7i20!8i20!10b1!12m24!1m5!18b1!30b1!31m1!1b1!34e1!2m3!5m1!6e2!20e3!4b0!10b1!12b1!13b1!16b1!17m1!3e1!20m3!5e2!6b1!14b1!46m1!1b0!96b1!19m4!2m3!1i360!2i120!4i8!20m48!2m2!1i203!2i100!3m2!2i4!5b1!6m6!1m2!1i86!2i86!1m2!1i408!2i240!7m33!1m3!1e1!2b0!3e3!1m3!1e2!2b1!3e2!1m3!1e2!2b0!3e3!1m3!1e8!2b0!3e3!1m3!1e10!2b0!3e3!1m3!1e10!2b1!3e2!1m3!1e10!2b0!3e4!1m3!1e9!2b1!3e2!2b1!9b0!22m5!1siZn9Z9aoC8CIptQPg7C76AU:242!2s1i:0,t:246204,p:iZn9Z9aoC8CIptQPg7C76AU:242!7e81!12e22!17siZn9Z9aoC8CIptQPg7C76AU:243!24m108!1m32!13m9!2b1!3b1!4b1!6i1!8b1!9b1!14b1!20b1!25b1!18m21!3b1!4b1!5b1!6b1!9b1!12b1!13b1!14b1!17b1!20b1!21b1!22b1!25b1!27m1!1b0!28b0!32b1!33m1!1b1!34b0!36e1!10m1!8e3!11m1!3e1!14m1!3b0!17b1!20m2!1e3!1e6!24b1!25b1!26b1!29b1!30m1!2b1!36b1!39m3!2m2!2i1!3i1!43b1!52b1!54m1!1b1!55b1!56m1!1b1!65m5!3m4!1m3!1m2!1i224!2i298!71b1!72m22!1m8!2b1!5b1!7b1!12m4!1b1!2b1!4m1!1e1!4b1!8m10!1m6!4m1!1e1!4m1!1e3!4m1!1e4!3sother_user_google_reviews!6m1!1e1!9b1!89b1!98m3!1b1!2b1!3b1!103b1!113b1!114m3!1b1!2m1!1b1!117b1!122m1!1b1!125b1!126b1!127b1!26m4!2m3!1i80!2i92!4i8!30m28!1m6!1m2!1i0!2i0!2m2!1i530!2i527!1m6!1m2!1i982!2i0!2m2!1i1032!2i527!1m6!1m2!1i0!2i0!2m2!1i1032!2i20!1m6!1m2!1i0!2i507!2m2!1i1032!2i527!31b1!34m19!2b1!3b1!4b1!6b1!8m6!1b1!3b1!4b1!5b1!6b1!7b1!9b1!12b1!14b1!20b1!23b1!25b1!26b1!31b1!37m1!1e81!42b1!46m1!1e1!47m0!49m10!3b1!6m2!1b1!2b1!7m2!1e3!2b1!8b1!9b1!10e2!50m26!1m21!2m7!1u3!4sOpen%2Bnow!5e1!9s0ahUKEwiN09Oe1tiMAxUrhIkEHXZTHy8Q_KkBCAcoAg!10m2!3m1!1e1!2m7!1u2!4sTop-rated!5e1!9s0ahUKEwiN09Oe1tiMAxUrhIkEHXZTHy8Q_KkBCAgoAw!10m2!2m1!1e1!3m1!1u3!3m1!1u2!4BIAE!2e2!3m2!1b1!3b1!59BQ2dBd0Fn!67m3!7b1!10b1!14b1!69i729%26q%3Dindoor%2Bgolf%2Bcourse%2Bnear%2BArizona,%2BUSA%26nfpr%3D1%26ech%3D4%26psi%3DiZn9Z9aoC8CIptQPg7C76AU.1744673161374.1",Book online,https://ssl.gstatic.com/local/servicebusiness/default_user.png
https://www.google.ca/maps/place/Dirty+Divots+Golf/data=!4m7!3m6!1s0x872b41590a96d2f1:0x3f67c7b9e9af4e5e!8m2!3d33.5097293!4d-112.2834091!16s%2Fg%2F11pgtkqbfz!19sChIJ8dKWCllBK4cRXk6v6bnHZz8?authuser=0&hl=en&rclk=1,Dirty Divots Golf,5,-5,Golf instructor,10412 W Reade Ave,Open,⋅ Closes 9 p.m.,https://lh3.googleusercontent.com/p/AF1QipMQ35d8O-vGd40XidYZeZ4V46njOXeWUj_1GEpS=w163-h92-k-no,"""Took one lesson so far and drastically improved my game.""",,,,https://ssl.gstatic.com/local/servicebusiness/default_user.png
https://www.google.ca/maps/place/GOLFTEC+Arrowhead/data=!4m7!3m6!1s0x872b429acffa91af:0x76c810b22d01418d!8m2!3d33.6706564!4d-112.2014509!16s%2Fg%2F1tc_93yb!19sChIJr5H6z5pCK4cRjUEBLbIQyHY?authuser=0&hl=en&rclk=1,GOLFTEC Arrowhead,4.7,-22,Golf instructor,20229 N 67th Ave Suite C-4,Open,⋅ Closes 7 a.m. Tue,https://lh3.googleusercontent.com/p/AF1QipNQVNdCxrXH7z04DLh66qgo7rYHngPQZ-OoMRzL=w138-h92-k-no,Onsite services,,,,
https://www.google.ca/maps/place/Dryvebox+Phoenix/data=!4m7!3m6!1s0x872baf5cd0640899:0xe9c5cf0a228b27ad!8m2!3d33.3369067!4d-111.7363368!16s%2Fg%2F11tx1yxml7!19sChIJmQhk0FyvK4cRrSeLIgrPxek?authuser=0&hl=en&rclk=1,Dryvebox Phoenix,5,-1,Party equipment rental service,2484 E Warner Rd,Open,⋅ Closes 10 p.m.,https://lh3.googleusercontent.com/p/AF1QipNkyIIVrjzuIOal7kE4toiOQ6vCnL3sSkScPdjs=w80-h106-k-no,"""Everyone—from kids to adults—had so much fun.""",,,,https://ssl.gstatic.com/local/servicebusiness/default_user.png
https://www.google.ca/maps/place/Great+Wolf+Lodge+Water+Park+%7C+Arizona/data=!4m10!3m9!1s0x872b0b218e4a205d:0x980e3e82ecda5233!5m2!4m1!1i2!8m2!3d33.5439943!4d-111.8905978!16s%2Fg%2F11f6y4gwfc!19sChIJXSBKjiELK4cRM1La7II-Dpg?authuser=0&hl=en&rclk=1,Great Wolf Lodge Water Park | Arizona,4.2,"-5,298",1-star hotel,,,,https://lh3.googleusercontent.com/gps-proxy/ALd4DhGf4l4--46_ZCQHLzyJrmETGaoPEZycLXuyX_VvyHX17OGjoPruoDdkMlznZmfIxu9qF9Vted_yUN7jz7ZExl1IEifQABtYb75YeQnmUkAbmaLusdZJGMsbPZ-L5KOPLr1EcPD8_gMl5B0PiYqpPRPZih0ALGCu5DOFDNLcUhAwRGYSmQFDFDmG1w=w138-h92-k-no,"""Rope",course,,,https://ssl.gstatic.com/local/servicebusiness/default_user.png
https://www.google.ca/maps/place/GOLFTEC+North+Scottsdale/data=!4m7!3m6!1s0x872b77549e105ee3:0x3abececc59b2e8d1!8m2!3d33.6980752!4d-111.8890526!16s%2Fg%2F11hdmvpwzg!19sChIJ414QnlR3K4cR0eiyWczOvjo?authuser=0&hl=en&rclk=1,GOLFTEC North Scottsdale,4.7,-13,Golf instructor,23417 N Pima Rd #B161,Open,⋅ Closes 8 p.m.,https://lh3.googleusercontent.com/p/AF1QipMMCDfKsNV0qb4aXUqnjdGaboXofD2Lv4p272Pc=w138-h92-k-no,"""The video feedback and private",lessons,,,https://ssl.gstatic.com/local/servicebusiness/default_user.png
https://www.google.ca/maps/place/Swingtime+Indoor+Golf+Training+Centers+LLC/data=!4m7!3m6!1s0x872b75380699044f:0xfb3b0fa3215e8e5e!8m2!3d33.6164!4d-111.9092584!16s%2Fg%2F11kbnwkd73!19sChIJTwSZBjh1K4cRXo5eIaMPO_s?authuser=0&hl=en&rclk=1,Swingtime Indoor Golf Training Centers LLC,4.8,-24,Indoor golf course,,,,https://lh3.googleusercontent.com/p/AF1QipPaJzqkpr-ddkiQqntJcqM17L-9QQbRSdq7_jh7=w80-h106-k-no,"""Exposed to many known pro instructors and evolving swing philosophies.""",,,,https://ssl.gstatic.com/local/servicebusiness/default_user.png
https://www.google.ca/maps/place/GOLFTEC+Shea+Scottsdale/data=!4m7!3m6!1s0x872b75b872afe327:0x96701837170e6c0e!8m2!3d33.5838812!4d-111.9234288!16s%2Fg%2F1tfg3kbp!19sChIJJ-Ovcrh1K4cRDmwOFzcYcJY?authuser=0&hl=en&rclk=1,GOLFTEC Shea Scottsdale,4.2,-25,Golf instructor,7342 E Shea Blvd Suite 106,Open,⋅ Closes 8 p.m.,https://lh3.googleusercontent.com/p/AF1QipOiRANmBc5JvOyIpd-YxgS6V_kzr42sSreq01Jq=w138-h92-k-no,Onsite services,,,,
https://www.google.ca/maps/place/The+Club/data=!4m7!3m6!1s0x872babedb961a265:0xaa871b42832df73d!8m2!3d33.2757317!4d-111.8045978!16s%2Fg%2F11v6t1_95k!19sChIJZaJhue2rK4cRPfctg0Ibh6o?authuser=0&hl=en&rclk=1,The Club,,,Indoor golf course,2065 S Cooper Rd,,,https://streetviewpixels-pa.googleapis.com/v1/thumbnail?panoid=1aATLtiyfwaPWZ2jbXYEoQ&cb_client=search.gws-prod.gps&w=80&h=92&yaw=278.31754&pitch=0&thumbfov=100,,,,,
https://www.google.ca/maps/place/Elite+Golf+Schools+of+Arizona/data=!4m7!3m6!1s0x872bb19741f053c5:0xf412c6aa5d4cbab8!8m2!3d33.371866!4d-111.631422!16s%2Fg%2F11b76lq_7n!19sChIJxVPwQZexK4cRuLpMXarGEvQ?authuser=0&hl=en&rclk=1,Elite Golf Schools of Arizona,5,-19,Golf instructor,2401 S Lansing,Open,⋅ Closes 8 p.m.,https://lh3.googleusercontent.com/p/AF1QipNaMutOLnNecSVTOUd04O8psSqnO93VXHtJX2L9=w163-h92-k-no,,,,,
"https://www.google.ca/maps/place/The+Back+Nine+Golf+%7C+Talking+Stick,+AZ/data=!4m7!3m6!1s0x872b0b0787135cfb:0xed670195b0712570!8m2!3d33.5394338!4d-111.8831652!16s%2Fg%2F11x2ykhjp5!19sChIJ-1wThwcLK4cRcCVxsJUBZ-0?authuser=0&hl=en&rclk=1","The Back Nine Golf | Talking Stick, AZ",,,Indoor golf course,9180 E Talking Stick Wy,Open 24 hours,,https://lh3.googleusercontent.com/p/AF1QipNJDTRZftwyEugCKZPvqQcKiD-8G8c1Wjz_xx6K=w137-h92-k-no,Onsite services,,,,
https://www.google.ca/maps/place/Cochise+Geronimo+Clubhouse/data=!4m7!3m6!1s0x872b7f7d3111762d:0x774e48bc04e1d0b0!8m2!3d33.856827!4d-111.8587865!16s%2Fg%2F11g69_s3g_!19sChIJLXYRMX1_K4cRsNDhBLxITnc?authuser=0&hl=en&rclk=1,Cochise Geronimo Clubhouse,4.9,-114,Golf course,10333 Rockaway Hills Dr,Open,⋅ Closes 9 p.m.,https://lh3.googleusercontent.com/gps-cs-s/AB5caB9eAhPR5dCA-MSKX3hfrHwf6YUL0udJuhVVnahIh7ru53xY-VfPvckYVHQjlW-oMLRFeUqH3T9V6sZavHCOVQ-DkKYMvKNAFrfVVBns2B5y0jMXnZkTV26bdfr_uYhvlC9gqFaO=w122-h92-k-no,"""So beautiful and well maintained.""",,,,https://ssl.gstatic.com/local/servicebusiness/default_user.png
https://www.google.ca/maps/place/GOLFTEC+Biltmore/data=!4m7!3m6!1s0x872b0dfeb0556549:0xc8cd4516c4f9081f!8m2!3d33.4959589!4d-112.014669!16s%2Fg%2F11rpdb8ywy!19sChIJSWVVsP4NK4cRHwj5xBZFzcg?authuser=0&hl=en&rclk=1,GOLFTEC Biltmore,5,-20,Golf instructor,3136 E Indian School Rd,Open,⋅ Closes 7 p.m.,https://lh3.googleusercontent.com/p/AF1QipPDXkaVCtLa5Hnyf5NKGj6HrDMzyhkXfdqXU3q8=w138-h92-k-no,Onsite services,,,,
https://www.google.ca/maps/place/Raven+Golf+Club/data=!4m7!3m6!1s0x872b0f8394906073:0x862852858e42ec2f!8m2!3d33.3808164!4d-112.0057638!16s%2Fg%2F1vntkc2s!19sChIJc2CQlIMPK4cRL-xCjoVSKIY?authuser=0&hl=en&rclk=1,Raven Golf Club,4.5,-654,Public golf course,3636 E Baseline Rd,Open,⋅ Closes 6 p.m.,https://lh3.googleusercontent.com/gps-cs-s/AB5caB8d5LdSS6z8JH2LgSlV7SSzN8rmV5eh8Vn08eY-lRl3idryNwN07qsHxnQETeXvQexxYo0iUolCRQ4cs4HXzS_nwQaxZ-i1AcS7qMu-ONA19Y0ZMPSuwg_JvxyFGL6V-QvuPR2Q=w122-h92-k-no,Onsite services,,,,
https://www.google.ca/maps/place/Ak-Chin+Southern+Dunes+Golf+Club/data=!4m7!3m6!1s0x872ae48c0d419289:0x8f3c573859ea1e8e!8m2!3d33.0795244!4d-112.0851548!16s%2Fg%2F1tfqrdkn!19sChIJiZJBDYzkKocRjh7qWThXPI8?authuser=0&hl=en&rclk=1,Ak-Chin Southern Dunes Golf Club,4.4,-292,Golf course,48456 AZ-238,Open,⋅ Closes 7 p.m.,https://lh3.googleusercontent.com/p/AF1QipN3_Cwcs13Hm-G66sEN5LQFyTrsK-CK23z63BBd=w154-h92-k-no,Onsite services,,https://troon.com/course/ak-chin-southern-dunes-golf-club/reserve-tee-time?utm_source=ak-chin-southern-dunes-golf-club&utm_medium=referral&utm_campaign=google_actions&hl=en-CA&gei=65n9Z4_QOPb8ptQPjKXemAU&rwg_token=AAiGsoZxL5BM_0JoypDVBv0jG7q0rWAcgciTZH6k8fQTgUyl5BjJdr9jD-f6G8X2dIwfEYt-GOfSZHrIF0y2rekPaqGPZAb13A%3D%3D,Book online,
https://www.google.ca/maps/place/GOLFTEC+Tempe/data=!4m7!3m6!1s0x872b09a180a17a4b:0x2fe7b1cd2ccddeba!8m2!3d33.4321269!4d-111.9029239!16s%2Fg%2F11skqxjpgm!19sChIJS3qhgKEJK4cRut7NLM2x5y8?authuser=0&hl=en&rclk=1,GOLFTEC Tempe,4,-7,Golf instructor,2010 E Rio Salado Pkwy Suite 118,Open,⋅ Closes 7 p.m.,https://lh3.googleusercontent.com/p/AF1QipP1ICfK416jhhzY9qunlIKn487sGKhKdAJXLVDR=w138-h92-k-no,"""The Tempe facility credited me with 5",lessons,,,https://ssl.gstatic.com/local/servicebusiness/default_user.png
