map url,Name,rating,reviews,keyword,Address,city,postal,state,country,region,website link,website short,featured,bar,food,lessons,leagues,24hrs,bays,Notes,details_desc,facility_img,facility_img2,facility_img3,facility_img4,map_link,active,facility_slug
https://www.google.ca/maps/place/1+Putt+Virtual+Golf/data=!4m7!3m6!1s0x53a03bb874c270f7:0xb4a35993180769ee!8m2!3d53.641804!4d-113.4437544!16s%2Fg%2F11trzpwhjk!19sChIJ93DCdLg7oFMR7mkHGJNZo7Q?authuser=0&hl=en&rclk=1,1 Putt Virtual Golf,4.9,-78,Indoor golf course,6816 178 Ave NW,Edmonton,T5E 5S7,ab,can,edmonton,https://1putt.ca/,,,,,,,,,"""Nice air-conditioned facility and comfortable seating.""",,,,,,,,
https://www.google.ca/maps/place/365+GOLF/data=!4m7!3m6!1s0x53717b71668d136b:0x4d2b3e7c8b03851c!8m2!3d51.0821621!4d-114.2088202!16s%2Fg%2F11pyc2s1qr!19sChIJaxONZnF7cVMRHIUDi3w-K00?authuser=0&hl=en&rclk=1,365 GOLF,5,-169,Golf instructor,445 Na'a Common SW,,,,,,,,,,,,,,,,,,,,,,,
https://www.google.ca/maps/place/Aurora+Golf+%2B+Bar+Olds/data=!4m7!3m6!1s0x537411675760a24f:0xbcfebebdede97344!8m2!3d51.7963655!4d-114.109366!16s%2Fg%2F11vl1x00gy!19sChIJT6JgV2cRdFMRRHPp7b2-_rw?authuser=0&hl=en&rclk=1,Aurora Golf + Bar Olds,4.8,-29,Indoor golf course,4513 52 Ave #16b,,,,,,,,,,,,,,,,,,,,,,,
https://www.google.ca/maps/place/Aurora+Golf+%2B+Bar+Red+Deer/data=!4m7!3m6!1s0x5374555dea8de959:0x97ee9e63eef21e50!8m2!3d52.284063!4d-113.8162982!16s%2Fg%2F11s8b5fn2j!19sChIJWemN6l1VdFMRUB7y7mOe7pc?authuser=0&hl=en&rclk=1,Aurora Golf + Bar Red Deer,4.5,-107,Indoor golf course,6320 50 Ave #38,,,,,,,,,,,,,,,"""Great atmosphere, great staff and equipment.""",,,,,,,,
https://www.google.ca/maps/place/Ballistic+Indoor+Golf/data=!4m7!3m6!1s0x537165d934d171cd:0x94cf6e9d23c69ed4!8m2!3d51.0801318!4d-114.0064166!16s%2Fg%2F11sbbkswhk!19sChIJzXHRNNllcVMR1J7GI51uz5Q?authuser=0&hl=en&rclk=1,Ballistic Indoor Golf,4.7,-60,Indoor golf course,2323 32 Ave NE Unit#121,,,,,,,,,,,,,,,,,,,,,,,
https://www.google.ca/maps/place/Battle+River+Indoor+Golf/data=!4m7!3m6!1s0x537516a8dc33d16d:0x8ae71af9abc62220!8m2!3d52.657224!4d-113.6188965!16s%2Fg%2F11r8j0vr5!19sChIJbdEz3KgWdVMRICLGq_ka54o?authuser=0&hl=en&rclk=1,Battle River Indoor Golf,5,-4,Indoor golf course,"260054, Township Rd 425A",,,,,,,,,,,,,,,,,,,,,,,
https://www.google.ca/maps/place/BiGG+Golf+Academy+-+Optimize+Your+Golf+Game/data=!4m7!3m6!1s0x8d9efef0cb74367f:0xc8df0e1b5f0d718b!8m2!3d53.1726238!4d-114.0011159!16s%2Fg%2F11svyy9hxw!19sChIJfzZ0y_D-no0Ri3ENXxsO38g?authuser=0&hl=en&rclk=1,BiGG Golf Academy - Optimize Your Golf Game,5,-4,Golf instructor,48447 Range Rd 10,,,,,,,,,,,,,,,,,,,,,,,
https://www.google.ca/maps/place/Bill+Dreger+-+nonstopGOLF/data=!4m7!3m6!1s0x53716e53de7e2191:0xdab9fd01f3a1526d!8m2!3d51.1006063!4d-115.3658745!16s%2Fg%2F1vnrkpr4!19sChIJkSF-3lNucVMRbVKh8wH9udo?authuser=0&hl=en&rclk=1,Bill Dreger - nonstopGOLF,5,-1,Golf instructor,2000 8 Ave,,,,,,,,,,,,,,,,,,,,,,,
https://www.google.ca/maps/place/Blue+Devil+Golf+Club/data=!4m7!3m6!1s0x53719df53f6d11f7:0x9f8b8f3b29a20133!8m2!3d50.8858777!4d-114.0111837!16s%2Fg%2F1thsflq1!19sChIJ9xFtP_WdcVMRMwGiKTuPi58?authuser=0&hl=en&rclk=1,Blue Devil Golf Club,4.2,-523,Golf course,2300 194 Ave SE,,,,,,,,,,,,,,,,,,,,,,,
https://www.google.ca/maps/place/Bogey%27s+Indoor+Golf/data=!4m7!3m6!1s0x5375add5afc55007:0x142c39fc642a3d5f!8m2!3d52.3340603!4d-114.0700955!16s%2Fg%2F11l65g_w25!19sChIJB1DFr9WtdVMRXz0qZPw5LBQ?authuser=0&hl=en&rclk=1,Bogey's Indoor Golf,,,Indoor golf course,1231 Township Rd 391,,,,,,,,,,,,,,,,,,,,,,,
https://www.google.ca/maps/place/Calgary+Golf+Academy/data=!4m7!3m6!1s0x53716e53de80cf35:0x1d6e7511a721c7a4!8m2!3d51.0621879!4d-114.1480997!16s%2Fg%2F1tdfhc72!19sChIJNc-A3lNucVMRpMchpxF1bh0?authuser=0&hl=en&rclk=1,Calgary Golf Academy,4.4,-13,Golf club,110 Point McKay Crescent NW,,,,,,,,,,,,,,,,,,,,,,,
https://www.google.ca/maps/place/Calgary+Golfplex/data=!4m7!3m6!1s0x53717bbc17901713:0x8f120161380ebc3a!8m2!3d51.0547646!4d-113.9867509!16s%2Fg%2F11wxx47qy5!19sChIJExeQF7x7cVMROrwOOGEBEo8?authuser=0&hl=en&rclk=1,Calgary Golfplex,5,-7,Indoor golf course,401 33 St NE Unit #6,,,,,,,,,,,,,,,"""Great setup, and I'm excited to see what they add in the future!""",,,,,,,,
https://www.google.ca/maps/place/CanGOLF/data=!4m7!3m6!1s0x5370c50e7ba9d459:0xf5a714814cd8e235!8m2!3d51.0811263!4d-115.3429991!16s%2Fg%2F11rsqrx9ps!19sChIJWdSpew7FcFMRNeLYTIEUp_U?authuser=0&hl=en&rclk=1,CanGOLF,4.9,-409,Golf club,306 Bow Valley Trail #125B,,,,,,,,,,,,,,,,,,,,,,,
https://www.google.ca/maps/place/Chipped+In+Golf+School/data=!4m7!3m6!1s0x53713fa73fffc621:0x7f75bc4c48cb328e!8m2!3d51.1897332!4d-114.4723596!16s%2Fg%2F11j23mvjbt!19sChIJIcb_P6c_cVMRjjLLSEy8dX8?authuser=0&hl=en&rclk=1,Chipped In Golf School,,,Golf instructor,402 Railway St W Suite 11,,,,,,,,,,,,,,,,,,,,,,,
https://www.google.ca/maps/place/Cottonwood+Coulee+Golf+Course/data=!4m7!3m6!1s0x53132c5a2e7e67cf:0x44184c149eff5db9!8m2!3d50.0090389!4d-110.7025856!16s%2Fg%2F1v93_qv8!19sChIJz2d-LlosE1MRuV3_nhRMGEQ?authuser=0&hl=en&rclk=1,Cottonwood Coulee Golf Course,4.5,-150,Golf course,3245 10 Ave SW,,,,,,,,,,,,,,,"""The course is in great shape and it's October!""",,,,,,,,
https://www.google.ca/maps/place/DINOS+Centre+Inc./data=!4m7!3m6!1s0x537441a9bf806d27:0x32dc6da23eb8802e!8m2!3d52.000173!4d-113.9777182!16s%2Fg%2F11c54wp5l1!19sChIJJ22Av6lBdFMRLoC4PqJt3DI?authuser=0&hl=en&rclk=1,DINOS Centre Inc.,4.1,-225,Golf driving range,6500 Cottonwood Rd,,,,,,,,,,,,,,,"""We also enjoyed the",,,,,,,,
https://www.google.ca/maps/place/Drop+Zone+Golf+Centre/data=!4m7!3m6!1s0x536e87915f79a809:0x86f458917ec85057!8m2!3d49.7075614!4d-112.781105!16s%2Fg%2F11hnxmcnwp!19sChIJCah5X5GHblMRV1DIfpFY9IY?authuser=0&hl=en&rclk=1,Drop Zone Golf Centre,4.9,-49,Indoor golf course,561 41 St N #2,,,,,,,,,,,,,,,,,,,,,,,
https://www.google.ca/maps/place/Dustin+Risdon+School+of+Golf/data=!4m7!3m6!1s0x537167f314b3e1d3:0x8ebec0e56696088a!8m2!3d51.1526636!4d-114.0383076!16s%2Fg%2F11h3qptdt9!19sChIJ0-GzFPNncVMRigiWZuXAvo4?authuser=0&hl=en&rclk=1,Dustin Risdon School of Golf,4.4,-8,Golf instructor,999 Country Hills Blvd NE,,,,,,,,,,,,,,,,,,,,,,,
https://www.google.ca/maps/place/Dynamic+Motion+Golf+Performance/data=!4m7!3m6!1s0x53716e53de80cf03:0x4ee75715cad905c7!8m2!3d51.0074823!4d-114.060642!16s%2Fg%2F1tkmm6vz!19sChIJA8-A3lNucVMRxwXZyhVX504?authuser=0&hl=en&rclk=1,Dynamic Motion Golf Performance,5,-37,Indoor golf course,5240 1a St SE Bay 103,,,,,,,,,,,,,,,"""The facility is well suited and all of the staff were very knowledgeable.""",,,,,,,,
https://www.google.ca/maps/place/Eaglequest+Golf+Dome/data=!4m7!3m6!1s0x537165121aae62c3:0xcf65de8441014c2a!8m2!3d51.076058!4d-114.036114!16s%2Fg%2F1tg_fqpj!19sChIJw2KuGhJlcVMRKkwBQYTeZc8?authuser=0&hl=en&rclk=1,Eaglequest Golf Dome,3.5,-135,Golf driving range,1025 32 Ave NE,,,,,,,,,,,,,,,"""Good",,,,,,,,
https://www.google.ca/maps/place/Eaglequest+Golf+Driving+Range/data=!4m7!3m6!1s0x5371773ca61d6e3b:0x70af7bea5feb323c!8m2!3d50.9475179!4d-114.0150961!16s%2Fg%2F1tx46qg7!19sChIJO24dpjx3cVMRPDLrX-p7r3A?authuser=0&hl=en&rclk=1,Eaglequest Golf Driving Range,4.3,-90,Golf driving range,45 Douglasbank Way SE,,,,,,,,,,,,,,,"""Great cost for the balls, range requires you to bring tees""",,,,,,,,
https://www.google.ca/maps/place/Evergreen+Golf+Centre/data=!4m7!3m6!1s0x536e867ce0397eed:0x2467c6ab02a30a94!8m2!3d49.6695518!4d-112.7621153!16s%2Fg%2F1vlqpwkq!19sChIJ7X454HyGblMRlAqjAqvGZyQ?authuser=0&hl=en&rclk=1,Evergreen Golf Centre,4.5,-128,Golf course,5225 24 Ave S,,,,,,,,,,,,,,,,,,,,,,,
https://www.google.ca/maps/place/Fore+Seasons+Indoor+Golf+Centre/data=!4m7!3m6!1s0x53909136e7e14737:0xce434b2bef0c08d2!8m2!3d55.1659927!4d-118.8453522!16s%2Fg%2F11gl30tj9d!19sChIJN0fh5zaRkFMR0ggM7ytLQ84?authuser=0&hl=en&rclk=1,Fore Seasons Indoor Golf Centre,4.8,-48,Indoor golf course,9645 116 St,,,,,,,,,,,,,,,"""Excellent facility, clean, modern  & very impressive.""",,,,,,,,
https://www.google.ca/maps/place/Freestyle+Social+Club/data=!4m7!3m6!1s0x53717002def46679:0x49c70d82d89be264!8m2!3d51.0413165!4d-114.0647677!16s%2Fg%2F11t5t2jp5j!19sChIJeWb03gJwcVMRZOKb2IINx0k?authuser=0&hl=en&rclk=1,Freestyle Social Club,4.4,-26,Indoor golf course,119 12 Ave SW,,,,,,,,,,,,,,,,,,,,,,,
https://www.google.ca/maps/place/GO+GO+GOLF/data=!4m7!3m6!1s0x5371715fa149238b:0xc1a59551fc051fe0!8m2!3d50.9637433!4d-114.0738557!16s%2Fg%2F11rxp7v42q!19sChIJiyNJoV9xcVMR4B8F_FGVpcE?authuser=0&hl=en&rclk=1,GO GO GOLF,4.8,-86,Indoor golf course,10135 Southport Rd SW,,,,,,,,,,,,,,,,,,,,,,,
https://www.google.ca/maps/place/Golf+Biz+Canada+Virtual+Golf/data=!4m7!3m6!1s0x539f8f444ea13787:0x778d1550a920cb7c!8m2!3d53.5444886!4d-113.9782607!16s%2Fg%2F11w7c__0bx!19sChIJhzehTkSPn1MRfMsgqVAVjXc?authuser=0&hl=en&rclk=1,Golf Biz Canada Virtual Golf,4.6,-19,Indoor golf course,101 N Park Dr,,,,,,,,,,,,,,,"""Great facility with lots of space and really nice private simulator rooms.""",,,,,,,,
https://www.google.ca/maps/place/Golf+Dome+%2FNational+Golf+Academy/data=!4m7!3m6!1s0x5371705c89383fe1:0xe286966de7b096e9!8m2!3d51.0095681!4d-114.0651277!16s%2Fg%2F1tgvd9fg!19sChIJ4T84iVxwcVMR6Zaw522WhuI?authuser=0&hl=en&rclk=1,Golf Dome /National Golf Academy,4.5,-98,Indoor golf course,4816 Centre St S W,,,,,,,,,,,,,,,"""New range balls and the golf simulators are fantastic.""",,,,,,,,
https://www.google.ca/maps/place/Golf+Fanatics+%28formerly+Golf+Future%29/data=!4m7!3m6!1s0x53717090e8cba3a5:0xb050837b2da8512a!8m2!3d50.9931679!4d-114.0258665!16s%2Fg%2F1ptzgx_s5!19sChIJpaPL6JBwcVMRKlGoLXuDULA?authuser=0&hl=en&rclk=1,Golf Fanatics (formerly Golf Future),4.3,-406,Golf driving range,7100 15 St SE,,,,,,,,,,,,,,,"""The simulators are high quality and the prices are super reasonable.""",,,,,,,,
https://www.google.ca/maps/place/Golf+It/data=!4m7!3m6!1s0x5373e1e11d4f3991:0xd662e418164fc629!8m2!3d51.3047352!4d-113.9817178!16s%2Fg%2F11jyg48cvc!19sChIJkTlPHeHhc1MRKcZPFhjkYtY?authuser=0&hl=en&rclk=1,Golf It,5,-44,Indoor golf course,101 Highland Park Common NE #1007,,,,,,,,,,,,,,,"""There are 4 bays and 2 private rooms.""",,,,,,,,
https://www.google.ca/maps/place/Golf+Park+-+Airdrie/data=!4m7!3m6!1s0x53715f183e97b815:0xa480549c746996cb!8m2!3d51.2621293!4d-114.0030886!16s%2Fg%2F11sg65ztsj!19sChIJFbiXPhhfcVMRy5ZpdJxUgKQ?authuser=0&hl=en&rclk=1,Golf Park - Airdrie,4.9,-62,Indoor golf course,2880 Main St S #1009,,,,,,,,,,,,,,,,,,,,,,,
https://www.google.ca/maps/place/Golf+Park+-+Brentwood/data=!4m7!3m6!1s0x53716f1e6cab2a7b:0x5125c94cb5a539a8!8m2!3d51.0849834!4d-114.1260128!16s%2Fg%2F11s8_278qd!19sChIJeyqrbB5vcVMRqDmltUzJJVE?authuser=0&hl=en&rclk=1,Golf Park - Brentwood,4.8,-104,Indoor golf course,3630 Brentwood Rd NW unit 230,,,,,,,,,,,,,,,,,,,,,,,
https://www.google.ca/maps/place/Golf+Park+-+Signal+Hill/data=!4m7!3m6!1s0x53716f163f5d06d3:0xe0c68ae53b22942!8m2!3d51.0215154!4d-114.1668101!16s%2Fg%2F11s4pjr2w1!19sChIJ0wZdPxZvcVMRQimyU65oDA4?authuser=0&hl=en&rclk=1,Golf Park - Signal Hill,4.6,-39,Indoor golf course,5466 Signal Hill Centre S W unit d,,,,,,,,,,,,,,,"""the spacious room offers very large screens and comfortable seating.""",,,,,,,,
https://www.google.ca/maps/place/Golf+Sweet+Indoor+Golf/data=!4m7!3m6!1s0x537167d98f48f62b:0xbbeebb5ee05fe477!8m2!3d51.1822022!4d-114.1580274!16s%2Fg%2F11lvqlsb4k!19sChIJK_ZIj9lncVMRd-Rf4F677rs?authuser=0&hl=en&rclk=1,Golf Sweet Indoor Golf,4.8,-31,Indoor golf course,335 Sage Vly Cmn NW #114,,,,,,,,,,,,,,,,,,,,,,,
https://www.google.ca/maps/place/Golf+Traders+Indoor+Golf+Center/data=!4m7!3m6!1s0x53a01f00f32bb8bf:0x7382f36aecd44c79!8m2!3d53.4737586!4d-113.485382!16s%2Fg%2F11sfdnb70n!19sChIJv7gr8wAfoFMReUzU7GrzgnM?authuser=0&hl=en&rclk=1,Golf Traders Indoor Golf Center,4.6,-16,Indoor golf course,3865 99 St NW,,,,,,,,,,,,,,,,,,,,,,,
https://www.google.ca/maps/place/GOLF360/data=!4m7!3m6!1s0x539ff50549ee9b5f:0x151eca0a75565095!8m2!3d53.4304197!4d-113.5905224!16s%2Fg%2F11jsfffssm!19sChIJX5vuSQX1n1MRlVBWdQrKHhU?authuser=0&hl=en&rclk=1,GOLF360,4.5,-79,Indoor golf course,6031 Andrews Way SW,,,,,,,,,,,,,,,"""Always very clean and the couches are very comfy!""",,,,,,,,
https://www.google.ca/maps/place/GolfSim/data=!4m7!3m6!1s0x537169bf42e0ea15:0x319eafc213e354f9!8m2!3d51.1116353!4d-114.2537959!16s%2Fg%2F11lgspm97c!19sChIJFergQr9pcVMR-VTjE8KvnjE?authuser=0&hl=en&rclk=1,GolfSim,5,-14,Indoor golf course,279 Tuscany Estates Rise NW,,,,,,,,,,,,,,,,,,,,,,,
https://www.google.ca/maps/place/GOLFTEC+Calgary+Beacon+Hill/data=!4m7!3m6!1s0x53716878c319ad85:0x2f29b046bf0314b8!8m2!3d51.1594897!4d-114.1630406!16s%2Fg%2F11b5wch6_3!19sChIJha0Zw3hocVMRuBQDv0awKS8?authuser=0&hl=en&rclk=1,GOLFTEC Calgary Beacon Hill,4.8,-60,Golf instructor,11877 Sarcee Trail NW Unit 370,,,,,,,,,,,,,,,,,,,,,,,
https://www.google.ca/maps/place/GOLFTEC+Calgary+Blackfoot/data=!4m7!3m6!1s0x537176873aa5e62f:0x1aa72dd30740d098!8m2!3d50.9745893!4d-114.0443642!16s%2Fg%2F11b6bd_c03!19sChIJL-alOod2cVMRmNBAB9Mtpxo?authuser=0&hl=en&rclk=1,GOLFTEC Calgary Blackfoot,4,-24,Golf instructor,8838 Blackfoot Trl SE Suite 117,,,,,,,,,,,,,,,"""I found the technology and the instruction at Golftec perfect for my needs.""",,,,,,,,
https://www.google.ca/maps/place/Golfzon+South+Indoor+Virtual+Golf+Lounge/data=!4m7!3m6!1s0x53a018b49e008fa9:0x344e03f4f1e3bae8!8m2!3d53.4923768!4d-113.4914036!16s%2Fg%2F1ptxqbq5x!19sChIJqY8AnrQYoFMR6Lrj8fQDTjQ?authuser=0&hl=en&rclk=1,Golfzon South Indoor Virtual Golf Lounge,4.6,-104,Indoor golf course,5431 Gateway Blvd NW,,,,,,,,,,,,,,,"""Private rooms, the awesome self serve coolers and friendly staff.""",,,,,,,,
https://www.google.ca/maps/place/Golfzon+West/data=!4m7!3m6!1s0x53a02141e99331a5:0x14c6e3458d6049ea!8m2!3d53.5593315!4d-113.586522!16s%2Fg%2F11cjj0jlhm!19sChIJpTGT6UEhoFMR6klgjUXjxhQ?authuser=0&hl=en&rclk=1,Golfzon West,4.4,-132,Indoor golf course,15354 111 Ave NW,,,,,,,,,,,,,,,"""Love the automatic ball setter and the technology in your private room.""",,,,,,,,
https://www.google.ca/maps/place/Golfzone+-+Eat~Drink~Play/data=!4m7!3m6!1s0x53745555c93b10e3:0x203b49e4de2728ff!8m2!3d52.2868279!4d-113.8509023!16s%2Fg%2F11rcw4yvl2!19sChIJ4xA7yVVVdFMR_ygn3uRJOyA?authuser=0&hl=en&rclk=1,Golfzone - Eat~Drink~Play,4.7,-81,Indoor golf course,6852 66 St Unit 1201,,,,,,,,,,,,,,,,,,,,,,,
https://www.google.ca/maps/place/GTR+Golf+Calgary/data=!4m7!3m6!1s0x537165bd009b893d:0x49adc46ce583df7a!8m2!3d51.0805014!4d-113.9896402!16s%2Fg%2F11pd7pn5vp!19sChIJPYmbAL1lcVMRet-D5WzErUk?authuser=0&hl=en&rclk=1,GTR Golf Calgary,4.6,-39,Indoor golf course,3181 32 St NE #8,,,,,,,,,,,,,,,"""The facility is very well kept, comfortable and spacious.""",,,,,,,,
https://www.google.ca/maps/place/Hawks+Alley/data=!4m7!3m6!1s0x53745563aeceaa2f:0xa3d8591a3aeeacd9!8m2!3d52.2634558!4d-113.8401472!16s%2Fg%2F11sbd8xc5n!19sChIJL6rOrmNVdFMR2azuOhpZ2KM?authuser=0&hl=en&rclk=1,Hawks Alley,,,Golf instructor,4500 Fountain Dr,,,,,,,,,,,,,,,,,,,,,,,
https://www.google.ca/maps/place/High+Level+Indoor+Golf/data=!4m7!3m6!1s0x53c08351bbec5ffd:0x156e0f34411f4f52!8m2!3d58.5185675!4d-117.1298089!16s%2Fg%2F11cs3n8kbw!19sChIJ_V_su1GDwFMRUk8fQTQPbhU?authuser=0&hl=en&rclk=1,High Level Indoor Golf,4.8,-5,Indoor golf course,9904 100 Ave,,,,,,,,,,,,,,,,,,,,,,,
https://www.google.ca/maps/place/Hitz+Sportscentre/data=!4m7!3m6!1s0x53719730a079fb7f:0xed2927a108fd03a5!8m2!3d50.6995506!4d-113.9018783!16s%2Fg%2F11cn97bmmh!19sChIJf_t5oDCXcVMRpQP9CKEnKe0?authuser=0&hl=en&rclk=1,Hitz Sportscentre,4.7,-141,Indoor golf course,64062 393 Ave E,,,,,,,,,,,,,,,,,,,,,,,
https://www.google.ca/maps/place/Hooplas+Family+Entertainment+Centre/data=!4m7!3m6!1s0x53132ce7e4ba3dad:0xb0fca65622a005fc!8m2!3d50.0327756!4d-110.7116298!16s%2Fg%2F11bvv4w1j7!19sChIJrT265OcsE1MR_AWgIlam_LA?authuser=0&hl=en&rclk=1,Hooplas Family Entertainment Centre,4.5,-140,Miniature golf course,1072 7th St SW,,,,,,,,,,,,,,,"""The courses range in skill levels, from easy to slightly challenging.""",,,,,,,,
https://www.google.ca/maps/place/Indoor+Golf+Canada+Head+office/data=!4m7!3m6!1s0x5371713299a48291:0x74058dd4842e5552!8m2!3d51.0055255!4d-114.0564125!16s%2Fg%2F11vds9w5ql!19sChIJkYKkmTJxcVMRUlUuhNSNBXQ?authuser=0&hl=en&rclk=1,Indoor Golf Canada Head office,,,Indoor golf course,5510 3 St SE #5,,,,,,,,,,,,,,,,,,,,,,,
https://www.google.ca/maps/place/JJ+Golf/data=!4m7!3m6!1s0x5371712f0d456599:0x85be070b4eb2ea5!8m2!3d50.9835406!4d-114.0693157!16s%2Fg%2F11syf67wps!19sChIJmWVFDS9xcVMRpS7rtHDgWwg?authuser=0&hl=en&rclk=1,JJ Golf,4.9,-201,Indoor golf course,7825 Flint Rd SE,,,,,,,,,,,,,,,,,,,,,,,
https://www.google.ca/maps/place/K+INDOOR+GOLF/data=!4m7!3m6!1s0x53716932218a4bc9:0x6dfb6bdb13aaf03f!8m2!3d51.1585363!4d-114.158599!16s%2Fg%2F11qh8r2mcj!19sChIJyUuKITJpcVMRP_CqE9tr-20?authuser=0&hl=en&rclk=1,K INDOOR GOLF,4.9,-177,Indoor golf course,11850 Sarcee Trail NW,,,,,,,,,,,,,,,,,,,,,,,
https://www.google.ca/maps/place/Kootenay+Indoor+Golf/data=!4m7!3m6!1s0x5364d993db4f4303:0x1aa8d4cf4575466f!8m2!3d49.5184482!4d-115.7601814!16s%2Fg%2F11p5q1xcdz!19sChIJA0NP25PZZFMRb0Z1Rc_UqBo?authuser=0&hl=en&rclk=1,Kootenay Indoor Golf,4.7,-17,Indoor golf course,600 Cranbrook St N,,,,,,,,,,,,,,,,,,,,,,,
https://www.google.ca/maps/place/LaunchPad+Golf+Heritage+Pointe/data=!4m7!3m6!1s0x53719db83bc6938d:0x457f768c38d85e1c!8m2!3d50.8403857!4d-113.9869042!16s%2Fg%2F11n08mbdgs!19sChIJjZPGO7idcVMRHF7YOIx2f0U?authuser=0&hl=en&rclk=1,LaunchPad Golf Heritage Pointe,4.7,"-1,702",Indoor golf course,31 Heritage Pointe Dr,,,,,,,,,,,,,,,,,,,,,,,
https://www.google.ca/maps/place/LaunchPad+Golf+Mickelson+National/data=!4m7!3m6!1s0x53716ba4349f6ff5:0xf21539289070d1e3!8m2!3d51.118931!4d-114.3846375!16s%2Fg%2F11nnvhl0x9!19sChIJ9W-fNKRrcVMR49FwkCg5FfI?authuser=0&hl=en&rclk=1,LaunchPad Golf Mickelson National,4.7,"-1,017",Indoor golf course,34133 E Harmony Cir,,,,,,,,,,,,,,,,,,,,,,,
https://www.google.ca/maps/place/Luxe+Golf/data=!4m7!3m6!1s0x536e87b999cc76ad:0x31219110a3173abd!8m2!3d49.7023516!4d-112.8288461!16s%2Fg%2F11sbq7jvp7!19sChIJrXbMmbmHblMRvToXoxCRITE?authuser=0&hl=en&rclk=1,Luxe Golf,4.6,-41,Indoor golf course,220 12a St N,,,,,,,,,,,,,,,"""Great facilities, super clean, and amazing friendly staff!""",,,,,,,,
https://www.google.ca/maps/place/LUXE+Indoor+Golf/data=!4m7!3m6!1s0x53a019b79f6aeef5:0xe6bc7aa548babab5!8m2!3d53.4845502!4d-113.4869215!16s%2Fg%2F11s4bxqqp5!19sChIJ9e5qn7cZoFMRtbq6SKV6vOY?authuser=0&hl=en&rclk=1,LUXE Indoor Golf,4.7,-91,Indoor golf course,4612 99 St NW,,,,,,,,,,,,,,,"""Great simulators,  spacious rooms,  very good price""",,,,,,,,
https://www.google.ca/maps/place/Lynx+Ridge+Golf+Club/data=!4m7!3m6!1s0x53716961c22eb1f1:0x7403bc81a5eb1ee5!8m2!3d51.1152024!4d-114.2582804!16s%2Fg%2F1vxw7yl0!19sChIJ8bEuwmFpcVMR5R7rpYG8A3Q?authuser=0&hl=en&rclk=1,Lynx Ridge Golf Club,4.5,-327,Indoor golf course,8 Lynx Ridge Blvd,,,,,,,,,,,,,,,,,,,,,,,
https://www.google.ca/maps/place/Maximus+Indoor+Golf/data=!4m7!3m6!1s0x5390951eab27b36d:0x9304ccc478498086!8m2!3d55.2026869!4d-118.7931354!16s%2Fg%2F11tx5v1dks!19sChIJbbMnqx6VkFMRhoBJeMTMBJM?authuser=0&hl=en&rclk=1,Maximus Indoor Golf,4.9,-29,Indoor golf course,13502 99 St Bay#6,,,,,,,,,,,,,,,"""Large, relatively private rooms.""",,,,,,,,
https://www.google.ca/maps/place/Metro+Fairway+Indoor+Golfing/data=!4m7!3m6!1s0x537165a46b7192c5:0x98ab50fe7f45e44f!8m2!3d51.0979358!4d-114.053242!16s%2Fg%2F11g_yrvl1!19sChIJxZJxa6RlcVMRT-RFf_5Qq5g?authuser=0&hl=en&rclk=1,Metro Fairway Indoor Golfing,4.5,-206,Indoor golf course,5220 4 St NE #10,,,,,,,,,,,,,,,,,,,,,,,
https://www.google.ca/maps/place/MFlex+Golf+%26+Lounge/data=!4m7!3m6!1s0x53132d3fc4014099:0x248d30c7900ebc16!8m2!3d50.0007331!4d-110.650014!16s%2Fg%2F11vfb2_gcd!19sChIJmUABxD8tE1MRFrwOkMcwjSQ?authuser=0&hl=en&rclk=1,MFlex Golf & Lounge,4.7,-34,Indoor golf course,26 Strachan Ct SE,,,,,,,,,,,,,,,,,,,,,,,
https://www.google.ca/maps/place/Ok+Golf/data=!4m7!3m6!1s0x53717118056cee89:0x2309223d7e06bc60!8m2!3d50.9807997!4d-113.9950945!16s%2Fg%2F11spdn35z6!19sChIJie5sBRhxcVMRYLwGfj0iCSM?authuser=0&hl=en&rclk=1,Ok Golf,4.8,-67,Indoor golf course,3138 Glenmore Ct SE,,,,,,,,,,,,,,,"""Great facility with lots of cool playing options.""",,,,,,,,
https://www.google.ca/maps/place/On+Par+Golf+and+Lounge/data=!4m7!3m6!1s0x539f8f74fbdea365:0x1671cfc07c3be687!8m2!3d53.5395058!4d-113.8873125!16s%2Fg%2F11g0jd64rc!19sChIJZaPe-3SPn1MRh-Y7fMDPcRY?authuser=0&hl=en&rclk=1,On Par Golf and Lounge,4.7,-79,Indoor golf course,485 South Ave Unit 144,,,,,,,,,,,,,,,"""Bring indoor shoes and be ready to have a blast.""",,,,,,,,
https://www.google.ca/maps/place/Paradise+Indoor+Golf/data=!4m7!3m6!1s0x539ff9231d94c1e1:0x41aafc68a7e3dd81!8m2!3d53.2765954!4d-113.5402202!16s%2Fg%2F11j_4q86r8!19sChIJ4cGUHSP5n1MRgd3jp2j8qkE?authuser=0&hl=en&rclk=1,Paradise Indoor Golf,4.8,-34,Indoor golf course,6109 45 St #1,,,,,,,,,,,,,,,"""Multi rooms are great for kids too.""",,,,,,,,
https://www.google.ca/maps/place/Rad+Golf/data=!4m7!3m6!1s0x5371716d640a33cf:0xbe2634137f7c566a!8m2!3d51.0154685!4d-114.0521926!16s%2Fg%2F11mts4r72x!19sChIJzzMKZG1xcVMRalZ8fxM0Jr4?authuser=0&hl=en&rclk=1,Rad Golf,4.9,-134,Indoor golf course,511 42 Ave SE,,,,,,,,,,,,,,,,,,,,,,,
https://www.google.ca/maps/place/Rad+Golf/data=!4m7!3m6!1s0x537455153bc5f08b:0xe36debcd9e175c84!8m2!3d52.2819772!4d-113.8108973!16s%2Fg%2F11rdqy6n0k!19sChIJi_DFOxVVdFMRhFwXns3rbeM?authuser=0&hl=en&rclk=1,Rad Golf,4.9,-77,Indoor golf course,6143 48 Ave #100,,,,,,,,,,,,,,,,,,,,,,,
https://www.google.ca/maps/place/Riverside+Golf+Centre/data=!4m7!3m6!1s0x537170fdc0d715b5:0xfeaf70078f892707!8m2!3d51.0624461!4d-114.1475321!16s%2Fg%2F1tpprmvn!19sChIJtRXXwP1wcVMRByeJjwdwr_4?authuser=0&hl=en&rclk=1,Riverside Golf Centre,4.5,-89,Indoor golf course,110 Point McKay Crescent NW,,,,,,,,,,,,,,,,,,,,,,,
https://www.google.ca/maps/place/Screen+Golf+Inc./data=!4m7!3m6!1s0x537165c0e3480907:0x7fee95ca9d12a036!8m2!3d51.0967658!4d-114.0057465!16s%2Fg%2F11f9x564cs!19sChIJBwlI48BlcVMRNqASncqV7n8?authuser=0&hl=en&rclk=1,Screen Golf Inc.,4.7,-104,Indoor golf course,4950 McCall Way NE #113,,,,,,,,,,,,,,,"""Great equipment, private rooms are large and very nice.""",,,,,,,,
https://www.google.ca/maps/place/SimSmith+Golf+Simulators/data=!4m7!3m6!1s0x537167e995671c4f:0x78a005661935e078!8m2!3d51.1510201!4d-114.065423!16s%2Fg%2F11w8fzy_05!19sChIJTxxnlelncVMReOA1GWYFoHg?authuser=0&hl=en&rclk=1,SimSmith Golf Simulators,5,-21,Golf shop,437 Country Hills Pl NW,,,,,,,,,,,,,,,"""Great simulator, very real golf experience even the putting is realistic!""",,,,,,,,
https://www.google.ca/maps/place/Sportech+Indoor+Golf/data=!4m7!3m6!1s0x53716f86c06395c3:0x45fecd89f2f8f66a!8m2!3d51.0445365!4d-114.0988159!16s%2Fg%2F11h_wp5ps8!19sChIJw5VjwIZvcVMRavb48onN_kU?authuser=0&hl=en&rclk=1,Sportech Indoor Golf,4.5,-71,Indoor golf course,1642 10 Ave SW #120,,,,,,,,,,,,,,,,,,,,,,,
https://www.google.ca/maps/place/Studio+Fore+Indoor+Golf/data=!4m7!3m6!1s0x53132d4e809ecaa7:0xd1d72805f64372cf!8m2!3d50.032814!4d-110.667572!16s%2Fg%2F11pd1vryrm!19sChIJp8qegE4tE1MRz3JD9gUo19E?authuser=0&hl=en&rclk=1,Studio Fore Indoor Golf,4.8,-65,Indoor golf course,753 6 St SE,,,,,,,,,,,,,,,,,,,,,,,
https://www.google.ca/maps/place/Tee+Time+Golf/data=!4m7!3m6!1s0x53a01982ff1e06e1:0x496a29dc50d092ac!8m2!3d53.4750704!4d-113.4679696!16s%2Fg%2F11vs1wgp3_!19sChIJ4QYe_4IZoFMRrJLQUNwpakk?authuser=0&hl=en&rclk=1,Tee Time Golf,5,-44,Indoor golf course,3920 91 St NW,,,,,,,,,,,,,,,"""The rooms are spacious and comfy, drink selection is great.""",,,,,,,,
https://www.google.ca/maps/place/The+19th+Hole/data=!4m7!3m6!1s0x539b2df3649f9cf5:0xf833bf8167fe69b5!8m2!3d53.8885187!4d-119.1194305!16s%2Fg%2F11vlvpkzgh!19sChIJ9ZyfZPMtm1MRtWn-Z4G_M_g?authuser=0&hl=en&rclk=1,The 19th Hole,,,Indoor golf course,1800 Pne Plz Rd,,,,,,,,,,,,,,,,,,,,,,,
https://www.google.ca/maps/place/The+Bunker+Golf+Simulators/data=!4m7!3m6!1s0x53717b1f80625d1f:0x6b21e32ec80a8d02!8m2!3d51.0551647!4d-113.9875397!16s%2Fg%2F11s7qfwx3z!19sChIJH11igB97cVMRAo0KyC7jIWs?authuser=0&hl=en&rclk=1,The Bunker Golf Simulators,4.1,-10,Indoor golf course,401 33 St NE Unit 8,,,,,,,,,,,,,,,"""Most realistic and accurate simulators that I have played on in calgary.""",,,,,,,,
https://www.google.ca/maps/place/The+Golf+Den+Inc./data=!4m7!3m6!1s0x53a0179678fe90af:0x70dc774a4bc9aa08!8m2!3d53.5135545!4d-113.3295422!16s%2Fg%2F1v_vslc_!19sChIJr5D-eJYXoFMRCKrJS0p33HA?authuser=0&hl=en&rclk=1,The Golf Den Inc.,4.3,-54,Indoor golf course,975 Ordze Rd,,,,,,,,,,,,,,,"""Great atmosphere, great selection of courses to play to any handicap""",,,,,,,,
https://www.google.ca/maps/place/THE+GOLF+FACTORY/data=!4m7!3m6!1s0x53a020dd59900001:0xb62a9d43751b1e9a!8m2!3d53.5473411!4d-113.6376084!16s%2Fg%2F11np3gk9vy!19sChIJAQCQWd0goFMRmh4bdUOdKrY?authuser=0&hl=en&rclk=1,THE GOLF FACTORY,4.7,-70,Indoor golf course,10457 184 St NW,,,,,,,,,,,,,,,"""Big, open, no more claustrophobic hitting booths.""",,,,,,,,
https://www.google.ca/maps/place/The+Range+Virtual+Golf/data=!4m7!3m6!1s0x537505fad2d9b931:0x836950fc103113a3!8m2!3d52.4598441!4d-113.7353482!16s%2Fg%2F11shqht05s!19sChIJMbnZ0voFdVMRoxMxEPxQaYM?authuser=0&hl=en&rclk=1,The Range Virtual Golf,4.8,-15,Indoor golf course,4714 Hwy 2A,,,,,,,,,,,,,,,,,,,,,,,
https://www.google.ca/maps/place/The+Rec+Room+Deerfoot/data=!4m7!3m6!1s0x537165b36b5a92cf:0xd8f320b0cb8c1ec!8m2!3d51.1093644!4d-114.0437827!16s%2Fg%2F11fy_n7dvk!19sChIJz5Jaa7NlcVMR7MG4DAsyjw0?authuser=0&hl=en&rclk=1,The Rec Room Deerfoot,4.1,"-5,523",Indoor golf course,1180-901 64 Ave NE,,,,,,,,,,,,,,,,,,,,,,,
https://www.google.ca/maps/place/The+Turn+Indoor+Golf+and+Lounge/data=!4m7!3m6!1s0x53992d423ef34071:0x8e7b317173987e47!8m2!3d54.1421247!4d-115.6855195!16s%2Fg%2F11w80x3x90!19sChIJcUDzPkItmVMRR36Yc3Exe44?authuser=0&hl=en&rclk=1,The Turn Indoor Golf and Lounge,5,-4,Indoor golf course,5011 52 Ave,,,,,,,,,,,,,,,"""The soft top couches behind the play area are great as are the cocktails.""",,,,,,,,
https://www.google.ca/maps/place/The+Village+Golf+Course+Inc./data=!4m7!3m6!1s0x539e4a7f97800549:0x5c9616dbeaf06fea!8m2!3d53.2498933!4d-114.7102037!16s%2Fg%2F11bychy16d!19sChIJSQWAl39KnlMR6m_w6tsWllw?authuser=0&hl=en&rclk=1,The Village Golf Course Inc.,4.2,-64,Golf club,5427 Township Rd 494,,,,,,,,,,,,,,,"""Unbelievably fun & scenic course at a very affordable price.""",,,,,,,,
https://www.google.ca/maps/place/Towne+Centre+Golf/data=!4m7!3m6!1s0x5390916b3ea914cb:0xe4ff3957e92c3b82!8m2!3d55.1693229!4d-118.7901928!16s%2Fg%2F11pkcdsfjw!19sChIJyxSpPmuRkFMRgjss6Vc5_-Q?authuser=0&hl=en&rclk=1,Towne Centre Golf,4.8,-44,Indoor golf course,9845 99 Ave #8,,,,,,,,,,,,,,,"""Amazing facility.""",,,,,,,,
https://www.google.ca/maps/place/True+Swing+Indoor+Golf/data=!4m7!3m6!1s0x536e877fd991e2ab:0xa32ad7979795e1a9!8m2!3d49.6790156!4d-112.8020562!16s%2Fg%2F11jsvnbcns!19sChIJq-KR2X-HblMRqeGVl5fXKqM?authuser=0&hl=en&rclk=1,True Swing Indoor Golf,3.9,-36,Indoor golf course,1303 Mayor Magrath Dr S,,,,,,,,,,,,,,,"""You can bring your own food and drink.""",,,,,,,,
https://www.google.ca/maps/place/UDR+Indoor+Golf+-+Royal+Oak/data=!4m7!3m6!1s0x53716968ea10fc01:0x4f95133906b1dec3!8m2!3d51.1521876!4d-114.2081928!16s%2Fg%2F11q8xbvy3y!19sChIJAfwQ6mhpcVMRw96xBjkTlU8?authuser=0&hl=en&rclk=1,UDR Indoor Golf - Royal Oak,4.8,-119,Indoor golf course,4 Royal Vista Way NW #2200,,,,,,,,,,,,,,,,,,,,,,,
https://www.google.ca/maps/place/VIP+GOLF+INC./data=!4m7!3m6!1s0x5370ca45c5c40001:0xe760f665c168e8eb!8m2!3d51.1770591!4d-115.5726622!16s%2Fg%2F11gk1cpj46!19sChIJAQDExUXKcFMR6-howWX2YOc?authuser=0&hl=en&rclk=1,VIP GOLF INC.,2.4,-19,Golf club,210 Bear St,,,,,,,,,,,,,,,"""It would be nice to see winter savings from",,,,,,,,
https://www.google.ca/maps/place/Virtual+Tee+Up+Indoor+Golf/data=!4m7!3m6!1s0x53a01f719539b329:0xd67f658ddd28a137!8m2!3d53.4781945!4d-113.4869699!16s%2Fg%2F11p118z47k!19sChIJKbM5lXEfoFMRN6Eo3Y1lf9Y?authuser=0&hl=en&rclk=1,Virtual Tee Up Indoor Golf,4.9,-144,Indoor golf course,4146 99 St NW,,,,,,,,,,,,,,,"""Excellent AC, snacks and the rooms are spacious and clean.""",,,,,,,,
https://www.google.ca/maps/place/WizGolf+Okotoks/data=!4m7!3m6!1s0x5371998e91f57dc9:0x61156456c1f9107d!8m2!3d50.7194056!4d-113.9556037!16s%2Fg%2F11fmd96gly!19sChIJyX31kY6ZcVMRfRD5wVZkFWE?authuser=0&hl=en&rclk=1,WizGolf Okotoks,4.7,-73,Indoor golf course,100 Stockton Ave,,,,,,,,,,,,,,,,,,,,,,,
https://www.google.ca/maps/place/X+Factor+Indoor+Golf+%28South%29/data=!4m7!3m6!1s0x53717ba84f0666b3:0x682efe597edbe530!8m2!3d50.9906775!4d-113.9570145!16s%2Fg%2F11r3t9nxm2!19sChIJs2YGT6h7cVMRMOXbfln-Lmg?authuser=0&hl=en&rclk=1,X Factor Indoor Golf (South),4.9,-31,Indoor golf course,5334 72 Ave SE #182,,,,,,,,,,,,,,,,,,,,,,,
https://www.google.ca/maps/place/YYC+Indoor+Golf/data=!4m7!3m6!1s0x53717bf3e38e13c1:0x8052cc3f83b58f8d!8m2!3d50.980377!4d-113.9666366!16s%2Fg%2F11s7wrfb2g!19sChIJwROO4_N7cVMRjY-1gz_MUoA?authuser=0&hl=en&rclk=1,YYC Indoor Golf,3,-2,Golf course,4710 80 Ave S E,,,,,,,,,,,,,,,"""Nice staff, great price, great simulator setup.""",,,,,,,,
