map url,Name,Address,city,postal,state,country,region,website link,website short,contact,featured,bar,food,lessons,leagues,fully_auto,bays,notes,details_desc,facility_img,facility_img2,facility_img3,facility_img4,map_link,active,facility_slug,rating,reviews,keyword
https://www.google.ca/maps/place/3D+Golf+Performance/data=!4m7!3m6!1s0x54867876ecab05fb:0x207f3dc0c038a5e0!8m2!3d49.2347229!4d-122.8168293!16s%2Fg%2F1v_0jftw!19sChIJ-wWr7HZ4hlQR4KU4wMA9fyA?authuser=0&hl=en&rclk=1,3D Golf Performance,137 Glacier St #103,,,bc,can,,,,,0,,,,,,,"""If you want to take your game to the next level, this is the place to be!""",,uploads/no_image.jpg,uploads/no_image.jpg,uploads/no_image.jpg,uploads/no_image.jpg,,1,,4.7,7,Golf club
https://www.google.ca/maps/place/Ace+Performance+center/data=!4m7!3m6!1s0x5486759b63bfdd83:0xb943b7914bec50dc!8m2!3d49.174121!4d-123.141676!16s%2Fg%2F11vcw_f4rv!19sChIJg92_Y5t1hlQR3FDsS5G3Q7k?authuser=0&hl=en&rclk=1,Ace Performance center,5660 Cedarbridge Way #120,,,bc,can,,,,,0,,,,,,,"""Widest selection of club and shaft combinations.""",,uploads/no_image.jpg,uploads/no_image.jpg,uploads/no_image.jpg,uploads/no_image.jpg,,1,,4.7,7,Indoor golf course
https://www.google.ca/maps/place/Ambition+Sports+Academy/data=!4m7!3m6!1s0x5485db7ab332974b:0xf94497b3e5e5a9ce!8m2!3d49.1390438!4d-122.8594101!16s%2Fg%2F11n__1f42b!19sChIJS5cys3rbhVQRzqnl5bOXRPk?authuser=0&hl=en&rclk=1,Ambition Sports Academy,13120 76 Ave,,,bc,can,,,,,0,,,,,,,"""Very clean and well maintained equipment.""",,uploads/no_image.jpg,uploads/no_image.jpg,uploads/no_image.jpg,uploads/no_image.jpg,,1,,5,61,Indoor golf course
https://www.google.ca/maps/place/Anytime+Sim+Golf/data=!4m7!3m6!1s0x537df3cb2b0742ad:0xaf887a5e4fc392d0!8m2!3d49.8941268!4d-119.4838333!16s%2Fg%2F11t4x3pg_m!19sChIJrUIHK8vzfVMR0JLDT156iK8?authuser=0&hl=en&rclk=1,Anytime Sim Golf,889 Vaughan Ave #103,,,bc,can,,,,,0,,,,,,,"""They have a ton of different course selections and a driving range option.""",,uploads/no_image.jpg,uploads/no_image.jpg,uploads/no_image.jpg,uploads/no_image.jpg,,1,,4.4,66,Indoor golf course
https://www.google.ca/maps/place/Atlas+Performance+and+Golf+Academy/data=!4m7!3m6!1s0x54843919bb4ac42f:0xa01132b56c91604!8m2!3d49.12557!4d-122.0688737!16s%2Fg%2F11qqv37k9f!19sChIJL8RKuxk5hFQRBBbJVisTAQo?authuser=0&hl=en&rclk=1,Atlas Performance and Golf Academy,41894 Yale Rd,,,bc,can,,,,,0,,,,,,,Onsite services,,uploads/no_image.jpg,uploads/no_image.jpg,uploads/no_image.jpg,uploads/no_image.jpg,,1,,5,39,Golf instructor
https://www.google.ca/maps/place/Axe+%26+Grind/data=!4m7!3m6!1s0x548f75a23e191dc1:0x22532075101ac5ea!8m2!3d48.4241828!4d-123.3685073!16s%2Fg%2F11g0s0qbpm!19sChIJwR0ZPqJ1j1QR6sUaEHUgUyI?authuser=0&hl=en&rclk=1,Axe & Grind,910 Government St #107,,,bc,can,,,,,0,,,,,,,"""Axes, golf, arcade, VR, darts and karaoke!!""",,uploads/no_image.jpg,uploads/no_image.jpg,uploads/no_image.jpg,uploads/no_image.jpg,,1,,4.8,524,Indoor golf course
https://www.google.ca/maps/place/Backspins/data=!4m7!3m6!1s0x548513f62dbd577d:0x7e123a7331b9241!8m2!3d48.5034909!4d-122.2578056!16s%2Fg%2F11wj3swvs7!19sChIJfVe9LfYThVQRQZIbM6cj4Qc?authuser=0&hl=en&rclk=1,Backspins,953 Hodgin St,,,bc,can,,,,,0,,,,,,,Dine-in,,uploads/no_image.jpg,uploads/no_image.jpg,uploads/no_image.jpg,uploads/no_image.jpg,,1,,4.5,31,Indoor golf course
https://www.google.ca/maps/place/Birdie+Indoor+Golf+Center/data=!4m7!3m6!1s0x54867535ce8f37fd:0xbc967b841857ce68!8m2!3d49.1824839!4d-123.1360824!16s%2Fg%2F11sdx7vlf4!19sChIJ_TePzjV1hlQRaM5XGIR7lrw?authuser=0&hl=en&rclk=1,Birdie Indoor Golf Center,4280 Number 3 Rd,,,bc,can,,,,,0,,,,,,,Onsite services,,uploads/no_image.jpg,uploads/no_image.jpg,uploads/no_image.jpg,uploads/no_image.jpg,,1,,4.7,88,Indoor golf course
https://www.google.ca/maps/place/Birdies+%26+Buckets+Family+Golf+Centre/data=!4m7!3m6!1s0x5485db04c49dc1a3:0xb9cbd1a9a596e051!8m2!3d49.0982574!4d-122.8163478!16s%2Fg%2F1tl1n3zz!19sChIJo8GdxATbhVQRUeCWpanRy7k?authuser=0&hl=en&rclk=1,Birdies & Buckets Family Golf Centre,5228 King George Blvd,,,bc,can,,,,,0,,,,,,,Onsite services,,uploads/no_image.jpg,uploads/no_image.jpg,uploads/no_image.jpg,uploads/no_image.jpg,,1,,4.2,408,Golf course
https://www.google.ca/maps/place/Blenkinsop+Mini+Golf/data=!4m7!3m6!1s0x548f73d19284a813:0x9ceb2b23536664c!8m2!3d48.4825783!4d-123.3532878!16s%2Fg%2F1z44rtn4t!19sChIJE6iEktFzj1QRTGY2NbKyzgk?authuser=0&hl=en&rclk=1,Blenkinsop Mini Golf,4239 Blenkinsop Rd,,,bc,can,,,,,0,,,,,,,"""There were 18 holes and for $10 is a steal.""",,uploads/no_image.jpg,uploads/no_image.jpg,uploads/no_image.jpg,uploads/no_image.jpg,,1,,4.5,284,Miniature golf course
https://www.google.ca/maps/place/Bogey%27s+Indoor+Golf/data=!4m7!3m6!1s0x548551a1a3eb0647:0x32fa6bea0aa5e077!8m2!3d48.1459932!4d-122.1786463!16s%2Fg%2F11wyb6f1mr!19sChIJRwbro6FRhVQRd-ClCupr-jI?authuser=0&hl=en&rclk=1,Bogey's Indoor Golf,3806 166th Pl NE Unit B-2,,,bc,can,,,,,0,,,,,,,,,uploads/no_image.jpg,uploads/no_image.jpg,uploads/no_image.jpg,uploads/no_image.jpg,,1,,,0,Indoor golf course
https://www.google.ca/maps/place/Breaking+Par+Golf+Inc./data=!4m7!3m6!1s0x537fd3420a60564f:0x34db5fa48cef9ca2!8m2!3d50.7130393!4d-120.4142761!16s%2Fg%2F11lfzthll7!19sChIJT1ZgCkLTf1MRopzvjKRf2zQ?authuser=0&hl=en&rclk=1,Breaking Par Golf Inc.,2400A Ord Rd,,,bc,can,,,,,0,,,,,,,"""The facility has three open bays, one private bay, and a practice bay.""",,uploads/no_image.jpg,uploads/no_image.jpg,uploads/no_image.jpg,uploads/no_image.jpg,,1,,4.8,61,Indoor golf course
https://www.google.ca/maps/place/CanadaPGA+Golf/data=!4m7!3m6!1s0x548f715ce3661531:0x19a6ceead2cffc78!8m2!3d48.4836574!4d-123.3525724!16s%2Fg%2F11b5wcgxww!19sChIJMRVm41xxj1QRePzP0urOphk?authuser=0&hl=en&rclk=1,CanadaPGA Golf,4239 Blenkinsop Rd,,,bc,can,,,,,0,,,,,,,,,uploads/no_image.jpg,uploads/no_image.jpg,uploads/no_image.jpg,uploads/no_image.jpg,,1,,5,1,Golf instructor
https://www.google.ca/maps/place/Castle+Fun+Park/data=!4m7!3m6!1s0x54844a46864450a7:0x95c03922ddc0c68d!8m2!3d49.0389442!4d-122.2236332!16s%2Fg%2F1v76zbhb!19sChIJp1BEhkZKhFQRjcbA3SI5wJU?authuser=0&hl=en&rclk=1,Castle Fun Park,36165 N Parallel Rd,,,bc,can,,,,,0,,,,,,,"""You can have a great date for $50 (",,uploads/no_image.jpg,uploads/no_image.jpg,uploads/no_image.jpg,uploads/no_image.jpg,,1,,4.4,"5,834",Golf course
https://www.google.ca/maps/place/Central+City+Fun+Park/data=!4m7!3m6!1s0x5485d919d4dddaf9:0x52988c4cb91e02ad!8m2!3d49.2045288!4d-122.8823305!16s%2Fg%2F11fwcq0y3v!19sChIJ-drd1BnZhVQRrQIeuUyMmFI?authuser=0&hl=en&rclk=1,Central City Fun Park,11125 124 St,,,bc,can,,,,,0,,,,,,,"""It’s got a wide set of arcade games, bowling,",,uploads/no_image.jpg,uploads/no_image.jpg,uploads/no_image.jpg,uploads/no_image.jpg,,1,,4.4,"1,211",Miniature golf course
https://www.google.ca/maps/place/Central+Golf+Club/data=!4m7!3m6!1s0x54860be8e9a88c95:0x967b99623029d6c5!8m2!3d49.1709073!4d-123.1396819!16s%2Fg%2F11wtcg7m13!19sChIJlYyo6egLhlQRxdYpMGKZe5Y?authuser=0&hl=en&rclk=1,Central Golf Club,5960 Minoru Blvd #100,,,bc,can,,,,,0,,,,,,,Onsite services not available,,uploads/no_image.jpg,uploads/no_image.jpg,uploads/no_image.jpg,uploads/no_image.jpg,,1,,5,1,Indoor golf course
https://www.google.ca/maps/place/Central+Park+Pitch+%26+Putt/data=!4m7!3m6!1s0x5486766198a16c51:0xabab0df28055dac8!8m2!3d49.2226415!4d-123.0185111!16s%2Fg%2F1tj9635b!19sChIJUWyhmGF2hlQRyNpVgPINq6s?authuser=0&hl=en&rclk=1,Central Park Pitch & Putt,3883 Imperial St,,,bc,can,,,,,0,,,,,,,Onsite services,,uploads/no_image.jpg,uploads/no_image.jpg,uploads/no_image.jpg,uploads/no_image.jpg,,1,,4.5,470,Golf course
https://www.google.ca/maps/place/Chippi+Golf/data=!4m7!3m6!1s0x5485d7f1c6b6804d:0x74d13f776e29aef5!8m2!3d49.2439566!4d-122.7631592!16s%2Fg%2F11y3z5xf85!19sChIJTYC2xvHXhVQR9a4pbnc_0XQ?authuser=0&hl=en&rclk=1,Chippi Golf,1585 Broadway St #108,,,bc,can,,,,,0,,,,,,,,,uploads/no_image.jpg,uploads/no_image.jpg,uploads/no_image.jpg,uploads/no_image.jpg,,1,,,0,Indoor golf course
https://www.google.ca/maps/place/Clubhouse+Indoor+Golf/data=!4m7!3m6!1s0x54867563e3ae5b03:0xf80060cd8669b209!8m2!3d49.1916403!4d-123.0906187!16s%2Fg%2F11r10rmckl!19sChIJA1uu42N1hlQRCbJphs1gAPg?authuser=0&hl=en&rclk=1,Clubhouse Indoor Golf,12060 Bridgeport Rd,,,bc,can,,,,,0,,,,,,,"""Very efficient and well equipped indoor golf court.""",,uploads/no_image.jpg,uploads/no_image.jpg,uploads/no_image.jpg,uploads/no_image.jpg,,1,,4.6,116,Indoor golf course
https://www.google.ca/maps/place/Crash+Crawly%27s/data=!4m7!3m6!1s0x54867875460bb041:0x2e2979da80ea32f4!8m2!3d49.2325401!4d-122.8584671!16s%2Fg%2F1thx_hhd!19sChIJQbALRnV4hlQR9DLqgNp5KS4?authuser=0&hl=en&rclk=1,Crash Crawly's,1300 Woolridge St #1,,,bc,can,,,,,0,,,,,,,Onsite services,,uploads/no_image.jpg,uploads/no_image.jpg,uploads/no_image.jpg,uploads/no_image.jpg,,1,,3.6,"1,037",Indoor playground
https://www.google.ca/maps/place/Dante%27s+Golf+Lounge/data=!4m7!3m6!1s0x537ddf11a34eb463:0x99856150cc7cca29!8m2!3d50.2678131!4d-119.3395108!16s%2Fg%2F11whjqftnr!19sChIJY7ROoxHffVMRKcp8zFBhhZk?authuser=0&hl=en&rclk=1,Dante's Golf Lounge,8800 Rising View Way,,,bc,can,,,,,0,,,,,,,"""That is, of course, until you learn of Dante’s Golf Lounge.""",,uploads/no_image.jpg,uploads/no_image.jpg,uploads/no_image.jpg,uploads/no_image.jpg,,1,,5,2,Indoor golf course
https://www.google.ca/maps/place/David+Leadbetter+Golf+Academy+-+Whistler/data=!4m7!3m6!1s0x54873d4d5b08c339:0x399766a3b4896154!8m2!3d50.1206532!4d-122.9429997!16s%2Fg%2F11s34jdy_8!19sChIJOcMIW009h1QRVGGJtKNmlzk?authuser=0&hl=en&rclk=1,David Leadbetter Golf Academy - Whistler,"Practice Facility, 4612 Blackcomb Wy",,,bc,can,,,,,0,,,,,,,"""10/10 would recommend to any golfer.""",,uploads/no_image.jpg,uploads/no_image.jpg,uploads/no_image.jpg,uploads/no_image.jpg,,1,,5,4,Golf instructor
https://www.google.ca/maps/place/Deception+Pass+Golf+Center/data=!4m7!3m6!1s0x548563300f3cddf3:0x8d55b4d33340a37c!8m2!3d48.3866157!4d-122.6472978!16s%2Fg%2F1td6mbnh!19sChIJ8908DzBjhVQRfKNAM9O0VY0?authuser=0&hl=en&rclk=1,Deception Pass Golf Center,597 Ducken Rd,,,bc,can,,,,,0,,,,,,,Onsite services,,uploads/no_image.jpg,uploads/no_image.jpg,uploads/no_image.jpg,uploads/no_image.jpg,,1,,4.5,176,Golf course
https://www.google.ca/maps/place/Doc%27s+Golf+Centre/data=!4m7!3m6!1s0x54828bb55e0ed18f:0x73c66596c7259afc!8m2!3d49.4953853!4d-119.6181643!16s%2Fg%2F1tgj8hrt!19sChIJj9EOXrWLglQR_Jolx5ZlxnM?authuser=0&hl=en&rclk=1,Doc's Golf Centre,5 97 Hwy N,,,bc,can,,,,,0,,,,,,,"""Good range, many different flags/greens to aim for.""",,uploads/no_image.jpg,uploads/no_image.jpg,uploads/no_image.jpg,uploads/no_image.jpg,,1,,4.5,68,Golf driving range
https://www.google.ca/maps/place/Drive+Golf+Academy/data=!4m7!3m6!1s0x5485e77597d7e5db:0x23668408d4ccdb5b!8m2!3d49.0258139!4d-123.069854!16s%2Fg%2F11vhvlgtg9!19sChIJ2-XXl3XnhVQRW9vM1AiEZiM?authuser=0&hl=en&rclk=1,Drive Golf Academy,1293B 56 St,,,bc,can,,,,,0,,,,,,,"""Imagine playing 18 holes of great courses in 1 hour!""",,uploads/no_image.jpg,uploads/no_image.jpg,uploads/no_image.jpg,uploads/no_image.jpg,,1,,5,9,Golf instructor
https://www.google.ca/maps/place/Eaglequest+Golf/data=!4m7!3m6!1s0x54867809f7c0e117:0x7f6e35e544678413!8m2!3d49.2314487!4d-122.8690464!16s%2Fg%2F1tdprb_q!19sChIJF-HA9wl4hlQRE4RnROU1bn8?authuser=0&hl=en&rclk=1,Eaglequest Golf,1001 United Blvd,,,bc,can,,,,,0,,,,,,,"""The",,uploads/no_image.jpg,uploads/no_image.jpg,uploads/no_image.jpg,uploads/no_image.jpg,,1,,3.8,847,Golf course
https://www.google.ca/maps/place/EB+Golf+Tech/data=!4m7!3m6!1s0x5485cc60daafeff9:0x2fa21c987b09d59b!8m2!3d49.0961255!4d-122.4921561!16s%2Fg%2F1tpprn98!19sChIJ-e-v2mDMhVQRm9UJe5gcoi8?authuser=0&hl=en&rclk=1,EB Golf Tech,5166 264 St,,,bc,can,,,,,0,,,,,,,"""Renting the simulator is great practice on a cold rainy day!""",,uploads/no_image.jpg,uploads/no_image.jpg,uploads/no_image.jpg,uploads/no_image.jpg,,1,,4.5,25,Indoor golf course
https://www.google.ca/maps/place/Elite+Golf+Club/data=!4m7!3m6!1s0x548675c3ab76bb19:0x6f6e10a6bea305c0!8m2!3d49.1805006!4d-123.1381608!16s%2Fg%2F11rhp7fdvr!19sChIJGbt2q8N1hlQRwAWjvqYQbm8?authuser=0&hl=en&rclk=1,Elite Golf Club,4551 Number 3 Rd Unit 170,,,bc,can,,,,,0,,,,,,,"""The grounds are large with plenty of professional indoor golf simulators.""",,uploads/no_image.jpg,uploads/no_image.jpg,uploads/no_image.jpg,uploads/no_image.jpg,,1,,4.5,73,Indoor golf course
https://www.google.ca/maps/place/Flatstick+Pub+-+Bellingham/data=!4m7!3m6!1s0x5485a351372fad9d:0xf964ae9c71376889!8m2!3d48.7441215!4d-122.4830703!16s%2Fg%2F11hx_2pq48!19sChIJna0vN1GjhVQRiWg3cZyuZPk?authuser=0&hl=en&rclk=1,Flatstick Pub - Bellingham,902 N State St Suite 105,,,bc,can,,,,,0,,,,,,,"""The free games are nice and the",,uploads/no_image.jpg,uploads/no_image.jpg,uploads/no_image.jpg,uploads/no_image.jpg,,1,,4.6,213,Miniature golf course
https://www.google.ca/maps/place/Fraserview+Driving+Range/data=!4m7!3m6!1s0x5486742d4b181949:0xb5ddf50a49b8a26c!8m2!3d49.2124195!4d-123.0515595!16s%2Fg%2F1tx8sxgp!19sChIJSRkYSy10hlQRbKK4SQr13bU?authuser=0&hl=en&rclk=1,Fraserview Driving Range,7800 Vivian Dr,,,bc,can,,,,,0,,,,,,,"""Good range with two levels and a decent number of stalls.""",,uploads/no_image.jpg,uploads/no_image.jpg,uploads/no_image.jpg,uploads/no_image.jpg,,1,,4.1,166,Golf driving range
https://www.google.ca/maps/place/Game+Deck+Golf+%26+Multi-Sport+Simulator/data=!4m7!3m6!1s0x548677dd769d2995:0x19339ce36e23f300!8m2!3d49.2511125!4d-122.9694595!16s%2Fg%2F11wfrg8nsp!19sChIJlSmddt13hlQRAPMjbuOcMxk?authuser=0&hl=en&rclk=1,Game Deck Golf & Multi-Sport Simulator,6501 Sprott St,,,bc,can,,,,,0,,,,,,,"""Golf Sim is a beauty 40$/hour can't beat it""",,uploads/no_image.jpg,uploads/no_image.jpg,uploads/no_image.jpg,uploads/no_image.jpg,,1,,3.7,3,Indoor golf course
https://www.google.ca/maps/place/GoGo+Academy+@+Clubhouse/data=!4m7!3m6!1s0x5486759d6c04d6e9:0x7672da4392164ec4!8m2!3d49.1916342!4d-123.090608!16s%2Fg%2F11snqbzbyr!19sChIJ6dYEbJ11hlQRxE4WkkPacnY?authuser=0&hl=en&rclk=1,GoGo Academy @ Clubhouse,12060 Bridgeport Rd,,,bc,can,,,,,0,,,,,,,"""Uses rungolf software and is pretty accurate.""",,uploads/no_image.jpg,uploads/no_image.jpg,uploads/no_image.jpg,uploads/no_image.jpg,,1,,5,2,Golf instructor
https://www.google.ca/maps/place/GoGo+Golf+Academy+Surrey/data=!4m7!3m6!1s0x5485dbe6983c933f:0x66c42804569481eb!8m2!3d49.0981812!4d-122.817001!16s%2Fg%2F11fsp1yww7!19sChIJP5M8mObbhVQR64GUVgQoxGY?authuser=0&hl=en&rclk=1,GoGo Golf Academy Surrey,5228 King George Blvd,,,bc,can,,,,,0,,,,,,,,,uploads/no_image.jpg,uploads/no_image.jpg,uploads/no_image.jpg,uploads/no_image.jpg,,1,,5,1,Golf instructor
https://www.google.ca/maps/place/Happy+Gilmore+Golf+Lounge/data=!4m7!3m6!1s0x5486778e02598b67:0x38f7c94b0edeac00!8m2!3d49.2662094!4d-123.0117723!16s%2Fg%2F11wh56dt3_!19sChIJZ4tZAo53hlQRAKzeDkvJ9zg?authuser=0&hl=en&rclk=1,Happy Gilmore Golf Lounge,4172 Lougheed Hwy. #232,,,bc,can,,,,,0,,,,,,,,,uploads/no_image.jpg,uploads/no_image.jpg,uploads/no_image.jpg,uploads/no_image.jpg,,1,,,0,Indoor golf course
https://www.google.ca/maps/place/Iron+%26+Wood+Golf+Simulators/data=!4m7!3m6!1s0x548f73230d9e7435:0x7753fa43c5b746eb!8m2!3d48.4535228!4d-123.3741356!16s%2Fg%2F11j4pky9gq!19sChIJNXSeDSNzj1QR60a3xUP6U3c?authuser=0&hl=en&rclk=1,Iron & Wood Golf Simulators,3453 Saanich Rd,,,bc,can,,,,,0,,,,,,,"""So much fun and a wonderful top notch facility.""",,uploads/no_image.jpg,uploads/no_image.jpg,uploads/no_image.jpg,uploads/no_image.jpg,,1,,4.9,135,Indoor golf course
https://www.google.ca/maps/place/J.Y.%27s+Indoor+Golf/data=!4m7!3m6!1s0x54867fcd08f73b17:0xeed06b94281277e6!8m2!3d49.2715196!4d-122.7537908!16s%2Fg%2F11q19hxtvt!19sChIJFzv3CM1_hlQR5ncSKJRr0O4?authuser=0&hl=en&rclk=1,J.Y.'s Indoor Golf,1449 Prairie Ave #6,,,bc,can,,,,,0,,,,,,,"""Two separate good sized rooms with golf simulators and seating.""",,uploads/no_image.jpg,uploads/no_image.jpg,uploads/no_image.jpg,uploads/no_image.jpg,,1,,4.9,60,Indoor golf course
https://www.google.ca/maps/place/Jack%27s+Indoor+Golf+Lounge/data=!4m7!3m6!1s0x54843f342b1d5d65:0xbaa206c8038c8d5e!8m2!3d49.1682434!4d-121.9570007!16s%2Fg%2F11nnlyp65y!19sChIJZV0dKzQ_hFQRXo2MA8gGoro?authuser=0&hl=en&rclk=1,Jack's Indoor Golf Lounge,45966 Yale Rd Unit #2,,,bc,can,,,,,0,,,,,,,"""We made it through 4 holes in the 1.5 hours but it was a blast.""",,uploads/no_image.jpg,uploads/no_image.jpg,uploads/no_image.jpg,uploads/no_image.jpg,,1,,4.2,32,Indoor golf course
https://www.google.ca/maps/place/JSquared+Golf/data=!4m7!3m6!1s0x537d8c4808255555:0x70ac02d07c3e00b1!8m2!3d49.8411246!4d-119.3797657!16s%2Fg%2F11my42xt1w!19sChIJVVUlCEiMfVMRsQA-fNACrHA?authuser=0&hl=en&rclk=1,JSquared Golf,4320 Gallaghers Dr W,,,bc,can,,,,,0,,,,,,,"""Look nowhere else for the best simulator experience in Kelowna!""",,uploads/no_image.jpg,uploads/no_image.jpg,uploads/no_image.jpg,uploads/no_image.jpg,,1,,5,3,Indoor golf course
https://www.google.ca/maps/place/Kamloops+Virtual+Golf/data=!4m7!3m6!1s0x537e2d0051c624b3:0x60935bfa134e1500!8m2!3d50.6770734!4d-120.3376739!16s%2Fg%2F11y7w7sv6w!19sChIJsyTGUQAtflMRABVOE_pbk2A?authuser=0&hl=en&rclk=1,Kamloops Virtual Golf,141 Lorne St,,,bc,can,,,,,0,,,,,,,Onsite services,,uploads/no_image.jpg,uploads/no_image.jpg,uploads/no_image.jpg,uploads/no_image.jpg,,1,,5,37,Indoor golf course
https://www.google.ca/maps/place/Kelowna+Driving+Range+%7C+Okanagan%27s+Premier+Practice+Facility/data=!4m7!3m6!1s0x537d8b71b958765d:0x9d5ac01965cd6549!8m2!3d49.848125!4d-119.469535!16s%2Fg%2F1td767m1!19sChIJXXZYuXGLfVMRSWXNZRnAWp0?authuser=0&hl=en&rclk=1,Kelowna Driving Range | Okanagan's Premier Practice Facility,3810 Casorso Rd,,,bc,can,,,,,0,,,,,,,"""The",,uploads/no_image.jpg,uploads/no_image.jpg,uploads/no_image.jpg,uploads/no_image.jpg,,1,,3.8,82,Golf driving range
https://www.google.ca/maps/place/Lago+Golf+Academy/data=!4m7!3m6!1s0x54867ff29ee696c1:0x900ef0e8be97ac4e!8m2!3d49.3055437!4d-122.8062316!16s%2Fg%2F11h192bx0y!19sChIJwZbmnvJ_hlQRTqyXvujwDpA?authuser=0&hl=en&rclk=1,Lago Golf Academy,1630 Parkway Blvd,,,bc,can,,,,,0,,,,,,,Onsite services,,uploads/no_image.jpg,uploads/no_image.jpg,uploads/no_image.jpg,uploads/no_image.jpg,,1,,4.8,174,Golf instructor
https://www.google.ca/maps/place/Lumberjacks+Indoor+Golf/data=!4m7!3m6!1s0x5485a5dfac2169d1:0x33b539cec4c99b4b!8m2!3d48.7914507!4d-122.4430624!16s%2Fg%2F11y517rmjh!19sChIJ0WkhrN-lhVQRS5vJxM45tTM?authuser=0&hl=en&rclk=1,Lumberjacks Indoor Golf,"4159 Hannegan Rd, WA",,,bc,can,,,,,0,,,,,,,"""Really great to have a space like this in Whatcom County.""",,uploads/no_image.jpg,uploads/no_image.jpg,uploads/no_image.jpg,uploads/no_image.jpg,,1,,4.7,3,Indoor golf course
https://www.google.ca/maps/place/Mammoth+Mini+Golf/data=!4m7!3m6!1s0x5485a3004003c78b:0xc9261baa4ca618a3!8m2!3d48.7857177!4d-122.491804!16s%2Fg%2F11y45htwd2!19sChIJi8cDQACjhVQRoximTKobJsk?authuser=0&hl=en&rclk=1,Mammoth Mini Golf,1 Bellis Fair Pkwy Suite 345,,,bc,can,,,,,0,,,,,,,"""My son and I had so much fun, we can't wait to go back.""",,uploads/no_image.jpg,uploads/no_image.jpg,uploads/no_image.jpg,uploads/no_image.jpg,,1,,4,5,Miniature golf course
https://www.google.ca/maps/place/McCleery+Driving+Range/data=!4m7!3m6!1s0x5486730ca66992cf:0x3bcda34db686be61!8m2!3d49.2202697!4d-123.1696886!16s%2Fg%2F1tg6vd3k!19sChIJz5JppgxzhlQRYb6Gtk2jzTs?authuser=0&hl=en&rclk=1,McCleery Driving Range,7188 Macdonald St,,,bc,can,,,,,0,,,,,,,Onsite services,,uploads/no_image.jpg,uploads/no_image.jpg,uploads/no_image.jpg,uploads/no_image.jpg,,1,,4.1,236,Golf driving range
https://www.google.ca/maps/place/Modern+Golf+Surrey%2FLangley/data=!4m7!3m6!1s0x5485d1448167d715:0x5d4dd39791240977!8m2!3d49.1162177!4d-122.6654298!16s%2Fg%2F11kj87k7zy!19sChIJFddngUTRhVQRdwkkkZfTTV0?authuser=0&hl=en&rclk=1,Modern Golf Surrey/Langley,20121 Willowbrook Dr Unit #105,,,bc,can,,,,,0,,,,,,,Onsite services,,uploads/no_image.jpg,uploads/no_image.jpg,uploads/no_image.jpg,uploads/no_image.jpg,,1,,4.9,133,Golf instructor
https://www.google.ca/maps/place/Modern+Golf+Vancouver/data=!4m7!3m6!1s0x548675a8706dbe3d:0x949365a6c4792c8f!8m2!3d49.193326!4d-123.0841141!16s%2Fg%2F11clvbzlv_!19sChIJPb5tcKh1hlQRjyx5xKZlk5Q?authuser=0&hl=en&rclk=1,Modern Golf Vancouver,12553 Bridgeport Rd #130,,,bc,can,,,,,0,,,,,,,In-store shopping,,uploads/no_image.jpg,uploads/no_image.jpg,uploads/no_image.jpg,uploads/no_image.jpg,,1,,4.9,446,Golf instructor
https://www.google.ca/maps/place/Mulligans+on+4th/data=!4m7!3m6!1s0x537e2d15d01b616d:0x79a8653945efd67b!8m2!3d50.675645!4d-120.3316691!16s%2Fg%2F11y871dqpx!19sChIJbWEb0BUtflMRe9bvRTllqHk?authuser=0&hl=en&rclk=1,Mulligans on 4th,405 Victoria St,,,bc,can,,,,,0,,,,,,,Dine-in,,uploads/no_image.jpg,uploads/no_image.jpg,uploads/no_image.jpg,uploads/no_image.jpg,,1,,4.1,9,Indoor golf course
https://www.google.ca/maps/place/Musqueam+Golf+%26+Learning+Academy/data=!4m7!3m6!1s0x5486735010007ec1:0x69f86784960eee89!8m2!3d49.2250191!4d-123.1922142!16s%2Fg%2F1tgd66h9!19sChIJwX4AEFBzhlQRie4OloRn-Gk?authuser=0&hl=en&rclk=1,Musqueam Golf & Learning Academy,3904 W 51st Ave,,,bc,can,,,,,0,,,,,,,Onsite services,,uploads/no_image.jpg,uploads/no_image.jpg,uploads/no_image.jpg,uploads/no_image.jpg,,1,,4.1,309,Golf driving range
https://www.google.ca/maps/place/NV+Tour+Golf/data=!4m7!3m6!1s0x5481913ada8dc183:0x14e49e01c733592d!8m2!3d50.1097643!4d-120.7885651!16s%2Fg%2F11wtsvt_nb!19sChIJg8GN2jqRgVQRLVkzxwGe5BQ?authuser=0&hl=en&rclk=1,NV Tour Golf,2052B Quilchena Ave,,,bc,can,,,,,0,,,,,,,"""Great crew and shot tracking is true!""",,uploads/no_image.jpg,uploads/no_image.jpg,uploads/no_image.jpg,uploads/no_image.jpg,,1,,5,2,Indoor golf course
https://www.google.ca/maps/place/OK+Screen+Golf/data=!4m7!3m6!1s0x548675a438a686ef:0x92f147d7558e8d4c!8m2!3d49.1922464!4d-123.0742786!16s%2Fg%2F1q5bmvgtl!19sChIJ74amOKR1hlQRTI2OVddH8ZI?authuser=0&hl=en&rclk=1,OK Screen Golf,106-2971 Viking Way,,,bc,can,,,,,0,,,,,,,"""There are snacks and drinks you can purchase, and they allow food delivery.""",,uploads/no_image.jpg,uploads/no_image.jpg,uploads/no_image.jpg,uploads/no_image.jpg,,1,,4.5,81,Indoor golf course
https://www.google.ca/maps/place/Okanagan+Golf+School/data=!4m7!3m6!1s0x5482649bf9dc1c59:0x1a621d4a1f175da2!8m2!3d49.573976!4d-119.6340729!16s%2Fg%2F11fnwg_gcf!19sChIJWRzc-ZtkglQRol0XH0odYho?authuser=0&hl=en&rclk=1,Okanagan Golf School,6228 Miltimore Ave,,,bc,can,,,,,0,,,,,,,,,uploads/no_image.jpg,uploads/no_image.jpg,uploads/no_image.jpg,uploads/no_image.jpg,,1,,,0,Golf instructor
https://www.google.ca/maps/place/Okanagan+Virtual+Golf/data=!4m7!3m6!1s0x54828999714dbd3d:0x7c64e93cb121e673!8m2!3d49.4987117!4d-119.592232!16s%2Fg%2F11tn_4r1zz!19sChIJPb1NcZmJglQRc-YhsTzpZHw?authuser=0&hl=en&rclk=1,Okanagan Virtual Golf,310 Main St,,,bc,can,,,,,0,,,,,,,"""Inclusive space and very welcoming to all level of players !""",,uploads/no_image.jpg,uploads/no_image.jpg,uploads/no_image.jpg,uploads/no_image.jpg,,1,,5,33,Indoor golf course
https://www.google.ca/maps/place/One+Under/data=!4m7!3m6!1s0x548671789b6e2773:0x18a1f12e040ea1db!8m2!3d49.2846904!4d-123.1145505!16s%2Fg%2F11b6g96k4q!19sChIJcydum3hxhlQR26EOBC7xoRg?authuser=0&hl=en&rclk=1,One Under,476 Granville St,,,bc,can,,,,,0,,,,,,,Dine-in,,uploads/no_image.jpg,uploads/no_image.jpg,uploads/no_image.jpg,uploads/no_image.jpg,,1,,4.4,747,Golf course
https://www.google.ca/maps/place/Orcas+Island+Mini+Golf/data=!4m7!3m6!1s0x54858f3d25fc344f:0xb9a01049ff1edfea!8m2!3d48.6714838!4d-122.9270667!16s%2Fg%2F11rc3_wf4t!19sChIJTzT8JT2PhVQR6t8e_0kQoLk?authuser=0&hl=en&rclk=1,Orcas Island Mini Golf,2171 Orcas Rd,,,bc,can,,,,,0,,,,,,,"""All of the greens in good shape, lots of fun, creative holes.""",,uploads/no_image.jpg,uploads/no_image.jpg,uploads/no_image.jpg,uploads/no_image.jpg,,1,,4.9,60,Miniature golf course
https://www.google.ca/maps/place/Pacific+Adventure+Golf/data=!4m7!3m6!1s0x548670d9465d761f:0xcfa606d095c3fd3c!8m2!3d49.2814401!4d-123.0354384!16s%2Fg%2F11c70b6lyr!19sChIJH3ZdRtlwhlQRPP3DldAGps8?authuser=0&hl=en&rclk=1,Pacific Adventure Golf,3200 E Hastings St,,,bc,can,,,,,0,,,,,,,"""I found the Putts a bit repetitive, but not a bad course.""",,uploads/no_image.jpg,uploads/no_image.jpg,uploads/no_image.jpg,uploads/no_image.jpg,,1,,3.2,9,Miniature golf course
https://www.google.ca/maps/place/Pacific+Golf+Academy/data=!4m7!3m6!1s0x5485e06dee80d599:0xa827fb51fc5c1da0!8m2!3d49.126037!4d-123.1008013!16s%2Fg%2F11fjxxdcy_!19sChIJmdWA7m3ghVQRoB1c_FH7J6g?authuser=0&hl=en&rclk=1,Pacific Golf Academy,12191 Hammersmith Way #1155,,,bc,can,,,,,0,,,,,,,Onsite services,,uploads/no_image.jpg,uploads/no_image.jpg,uploads/no_image.jpg,uploads/no_image.jpg,,1,,4.8,14,Golf instructor
https://www.google.ca/maps/place/Pacific+Northwest+Golf+Centers/data=!4m7!3m6!1s0x5485b789ae820a37:0x6f788f3629201e1e!8m2!3d48.9590431!4d-122.4446777!16s%2Fg%2F11fd746c0z!19sChIJNwqCrom3hVQRHh4gKTaPeG8?authuser=0&hl=en&rclk=1,Pacific Northwest Golf Centers,115 E Homestead Blvd,,,bc,can,,,,,0,,,,,,,,,uploads/no_image.jpg,uploads/no_image.jpg,uploads/no_image.jpg,uploads/no_image.jpg,,1,,,0,Golf instructor
https://www.google.ca/maps/place/Par4+Kitchen+%26+Bar/data=!4m7!3m6!1s0x5485dbc2b79b0dbf:0xfcaeb86106489822!8m2!3d49.1038281!4d-122.8005669!16s%2Fg%2F11ldvhzk60!19sChIJvw2bt8LbhVQRIphIBmG4rvw?authuser=0&hl=en&rclk=1,Par4 Kitchen & Bar,5580 152 St,,,bc,can,,,,,0,,,,,,,Dine-in,,uploads/no_image.jpg,uploads/no_image.jpg,uploads/no_image.jpg,uploads/no_image.jpg,,1,,4.3,354,Indoor golf course
https://www.google.ca/maps/place/Paradise+Mini+Golf+and+Fun+Park/data=!4m7!3m6!1s0x54888f8ae9ebf651:0x4de2ad87a4a813bb!8m2!3d49.3238741!4d-124.323001!16s%2Fg%2F1tnl12kf!19sChIJUfbr6YqPiFQRuxOopIet4k0?authuser=0&hl=en&rclk=1,Paradise Mini Golf and Fun Park,375 Island Hwy W,,,bc,can,,,,,0,,,,,,,Onsite services,,uploads/no_image.jpg,uploads/no_image.jpg,uploads/no_image.jpg,uploads/no_image.jpg,,1,,4.3,"1,406",Miniature golf course
https://www.google.ca/maps/place/Par-Tee+Putt/data=!4m7!3m6!1s0x548671c8f6a5f39f:0xe05088bebbe1fa14!8m2!3d49.2799969!4d-123.1212716!16s%2Fg%2F11t7_n6d_h!19sChIJn_Ol9shxhlQRFPrhu76IUOA?authuser=0&hl=en&rclk=1,Par-Tee Putt,670 Smithe St,,,bc,can,,,,,0,,,,,,,"""",,uploads/no_image.jpg,uploads/no_image.jpg,uploads/no_image.jpg,uploads/no_image.jpg,,1,,3.3,261,Bar
https://www.google.ca/maps/place/PGC%28Performance+Golf+Center%29/data=!4m7!3m6!1s0x5485cf006a346af7:0xe3df47da24b5d96b!8m2!3d49.1078805!4d-122.6690948!16s%2Fg%2F11wp8q2rd9!19sChIJ92o0agDPhVQRa9m1JNpH3-M?authuser=0&hl=en&rclk=1,PGC(Performance Golf Center),5785 200 St #101,,,bc,can,,,,,0,,,,,,,"""It was very easy to use these systems as there are tutorials on the website.""",,uploads/no_image.jpg,uploads/no_image.jpg,uploads/no_image.jpg,uploads/no_image.jpg,,1,,5,6,Indoor golf course
https://www.google.ca/maps/place/Portal+Putt+Miniature+Golf/data=!4m7!3m6!1s0x5485a3eb078c81db:0xda59f7775262186f!8m2!3d48.7486342!4d-122.4863297!16s%2Fg%2F11v0wz0g9d!19sChIJ24GMB-ujhVQRbxhiUnf3Wdo?authuser=0&hl=en&rclk=1,Portal Putt Miniature Golf,296 W Laurel St,,,bc,can,,,,,0,,,,,,,"""The course was perfect for all age ranges.""",,uploads/no_image.jpg,uploads/no_image.jpg,uploads/no_image.jpg,uploads/no_image.jpg,,1,,4.4,17,Miniature golf course
https://www.google.ca/maps/place/Precision+Golf+Academy/data=!4m7!3m6!1s0xa4d70ed05b112f73:0x30fd1baa1fcc079c!8m2!3d49.1246092!4d-123.0973221!16s%2Fg%2F11wcbk02fr!19sChIJcy8RW9AO16QRnAfMH6ob_TA?authuser=0&hl=en&rclk=1,Precision Golf Academy,12128 Horseshoe Way #165,,,bc,can,,,,,0,,,,,,,Onsite services,,uploads/no_image.jpg,uploads/no_image.jpg,uploads/no_image.jpg,uploads/no_image.jpg,,1,,5,19,Golf instructor
https://www.google.ca/maps/place/Prime+Golf/data=!4m7!3m6!1s0x5488999b39ceb5a7:0xfa885bf5c8b25a1e!8m2!3d49.2176015!4d-124.0276169!16s%2Fg%2F11t6w3w0wc!19sChIJp7XOOZuZiFQRHlqyyPVbiPo?authuser=0&hl=en&rclk=1,Prime Golf,4750 Rutherford Rd #249,,,bc,can,,,,,0,,,,,,,Onsite services,,uploads/no_image.jpg,uploads/no_image.jpg,uploads/no_image.jpg,uploads/no_image.jpg,,1,,4.9,74,Indoor golf course
https://www.google.ca/maps/place/Prime+Golf+Studio/data=!4m7!3m6!1s0x5486757c58b0f26f:0xd8c222ad9b99cb8c!8m2!3d49.1957047!4d-123.0941486!16s%2Fg%2F11pzwlv2xj!19sChIJb_KwWHx1hlQRjMuZm60iwtg?authuser=0&hl=en&rclk=1,Prime Golf Studio,11788 River Rd #112,,,bc,can,,,,,0,,,,,,,"""The facility is well decorated, and it is always kept clean and neat""",,uploads/no_image.jpg,uploads/no_image.jpg,uploads/no_image.jpg,uploads/no_image.jpg,,1,,5,78,Golf instructor
https://www.google.ca/maps/place/Project+Golf/data=!4m7!3m6!1s0x5485df2a05837a97:0xb7dda4cc4fe9faee!8m2!3d49.1605407!4d-123.0669727!16s%2Fg%2F11ns3b8xwn!19sChIJl3qDBSrfhVQR7vrpT8yk3bc?authuser=0&hl=en&rclk=1,Project Golf,7388 No 6 Rd,,,bc,can,,,,,0,,,,,,,Onsite services,,uploads/no_image.jpg,uploads/no_image.jpg,uploads/no_image.jpg,uploads/no_image.jpg,,1,,5,15,Golf instructor
https://www.google.ca/maps/place/Puget+Sound+Golf+Club/data=!4m7!3m6!1s0x548f8b938a492f61:0x681534b177ed2064!8m2!3d48.2880926!4d-122.6554466!16s%2Fg%2F11swxwcv81!19sChIJYS9JipOLj1QRZCDtd7E0FWg?authuser=0&hl=en&rclk=1,Puget Sound Golf Club,210 SE Pioneer Way Suite 1,,,bc,can,,,,,0,,,,,,,"""State of the art technology and very well done inside.""",,uploads/no_image.jpg,uploads/no_image.jpg,uploads/no_image.jpg,uploads/no_image.jpg,,1,,4.7,12,Indoor golf course
https://www.google.ca/maps/place/Putters+Mini+Golf+Course/data=!4m7!3m6!1s0x5487e74e315cbc1d:0x92d66a69b69a7e45!8m2!3d49.8471908!4d-124.5294264!16s%2Fg%2F11h31x04jp!19sChIJHbxcMU7nh1QRRX6atmlq1pI?authuser=0&hl=en&rclk=1,Putters Mini Golf Course,4800 Marine Ave,,,bc,can,,,,,0,,,,,,,"""The course was clean, tidy and the holes were reasonably fun.""",,uploads/no_image.jpg,uploads/no_image.jpg,uploads/no_image.jpg,uploads/no_image.jpg,,1,,4.5,77,Miniature golf course
https://www.google.ca/maps/place/RG+Golf+Simulator+Showroom+%E5%A6%82%E6%AD%8C%E9%AB%98%E5%B0%94%E5%A4%AB%E6%A8%A1%E6%8B%9F%E5%99%A8%E5%8C%97%E7%BE%8E/data=!4m7!3m6!1s0x548675bb53dcf803:0xa4437116559d4a9c!8m2!3d49.195997!4d-123.1240098!16s%2Fg%2F11nx0srwf9!19sChIJA_jcU7t1hlQRnEqdVRZxQ6Q?authuser=0&hl=en&rclk=1,RG Golf Simulator Showroom 如歌高尔夫模拟器北美,9151 Van Horne Way,,,bc,can,,,,,0,,,,,,,"""Excellent golf simulator within the badminton club.""",,uploads/no_image.jpg,uploads/no_image.jpg,uploads/no_image.jpg,uploads/no_image.jpg,,1,,5,1,Indoor golf course
https://www.google.ca/maps/place/Richmond+Driving+Range/data=!4m7!3m6!1s0x5486759d9262e851:0x484c30c6f01d2af5!8m2!3d49.1792977!4d-123.0679431!16s%2Fg%2F1tdgpjcw!19sChIJUehikp11hlQR9Sod8MYwTEg?authuser=0&hl=en&rclk=1,Richmond Driving Range,4880 No 6 Rd,,,bc,can,,,,,0,,,,,,,Onsite services,,uploads/no_image.jpg,uploads/no_image.jpg,uploads/no_image.jpg,uploads/no_image.jpg,,1,,4.2,293,Golf driving range
https://www.google.ca/maps/place/Riptide+Lagoon+Adventure+Golf/data=!4m7!3m6!1s0x5488854c96d3dbc9:0x1fbc4865ff0efb1d!8m2!3d49.313893!4d-124.2736294!16s%2Fg%2F1tflm3nn!19sChIJydvTlkyFiFQRHfsO_2VIvB8?authuser=0&hl=en&rclk=1,Riptide Lagoon Adventure Golf,1000 Resort Dr,,,bc,can,,,,,0,,,,,,,"""great",,uploads/no_image.jpg,uploads/no_image.jpg,uploads/no_image.jpg,uploads/no_image.jpg,,1,,4.6,728,Miniature golf course
https://www.google.ca/maps/place/Savage+Creek+Golf+Course+%26+Driving+Range/data=!4m7!3m6!1s0x5485df88fc98e7af:0x7a3299bc70522c71!8m2!3d49.1602516!4d-123.0670242!16s%2Fg%2F1tdzqv17!19sChIJr-eY_IjfhVQRcSxScLyZMno?authuser=0&hl=en&rclk=1,Savage Creek Golf Course & Driving Range,7388 No 6 Rd,,,bc,can,,,,,0,,,,,,,"""60 balls for $8 for",,uploads/no_image.jpg,uploads/no_image.jpg,uploads/no_image.jpg,uploads/no_image.jpg,,1,,4.5,890,Golf course
https://www.google.ca/maps/place/Scandia+Golf+%26+Games/data=!4m7!3m6!1s0x537df2cbff2ce823:0x1ef2928c82a2b50c!8m2!3d49.905869!4d-119.4062516!16s%2Fg%2F1th0ml03!19sChIJI-gs_8vyfVMRDLWigoyS8h4?authuser=0&hl=en&rclk=1,Scandia Golf & Games,2898 Hwy 97 N,,,bc,can,,,,,0,,,,,,,"""",,uploads/no_image.jpg,uploads/no_image.jpg,uploads/no_image.jpg,uploads/no_image.jpg,,1,,4.1,"2,081",Amusement center
https://www.google.ca/maps/place/Scratch+Indoor+Golf+and+Academy+%7C+Golf+Lessons+%7C+Golf+Clubs+Accessories+Apparel+%7C+GCHawk+and+EyeXO+Simulators+%7C+Puttview/data=!4m7!3m6!1s0x548679f8a42f6ee5:0xa26a2f48c5dfd409!8m2!3d49.2419802!4d-122.8840774!16s%2Fg%2F11py5vcljk!19sChIJ5W4vpPh5hlQRCdTfxUgvaqI?authuser=0&hl=en&rclk=1,Scratch Indoor Golf and Academy | Golf Lessons | Golf Clubs Accessories Apparel | GCHawk and EyeXO Simulators | Puttview,641 Lougheed Hwy. #100,,,bc,can,,,,,0,,,,,,,Onsite services,,uploads/no_image.jpg,uploads/no_image.jpg,uploads/no_image.jpg,uploads/no_image.jpg,,1,,4.8,73,Golf instructor
https://www.google.ca/maps/place/Second+Golf+Shop/data=!4m7!3m6!1s0x5486756ea95240f1:0x215c3f2f7b1fa81f!8m2!3d49.1911532!4d-123.099105!16s%2Fg%2F11sw4962pn!19sChIJ8UBSqW51hlQRH6gfey8_XCE?authuser=0&hl=en&rclk=1,Second Golf Shop,11220 Voyageur Way #8,,,bc,can,,,,,0,,,,,,,Onsite services,,uploads/no_image.jpg,uploads/no_image.jpg,uploads/no_image.jpg,uploads/no_image.jpg,,1,,4.9,39,Indoor golf course
https://www.google.ca/maps/place/Seymour+Creek+Golf+Centre/data=!4m7!3m6!1s0x5486708eb7a9ce35:0xf9bdfd1c82c3d3d2!8m2!3d49.3076497!4d-123.0257515!16s%2Fg%2F1xn_n1_x!19sChIJNc6pt45whlQR0tPDghz9vfk?authuser=0&hl=en&rclk=1,Seymour Creek Golf Centre,315 Seymour Blvd,,,bc,can,,,,,0,,,,,,,"""Loved",,uploads/no_image.jpg,uploads/no_image.jpg,uploads/no_image.jpg,uploads/no_image.jpg,,1,,4.1,299,Golf driving range
https://www.google.ca/maps/place/Shop+Birdie+Juice/data=!4m7!3m6!1s0x548671a5a94941d3:0x2c1e25f6e79294fe!8m2!3d49.252575!4d-123.0852194!16s%2Fg%2F11schn0xgt!19sChIJ00FJqaVxhlQR_pSS5_YlHiw?authuser=0&hl=en&rclk=1,Shop Birdie Juice,916 E 20th Ave,,,bc,can,,,,,0,,,,,,,,,uploads/no_image.jpg,uploads/no_image.jpg,uploads/no_image.jpg,uploads/no_image.jpg,,1,,,0,Golf instructor
https://www.google.ca/maps/place/Sim+Suite+Sports/data=!4m7!3m6!1s0x5485c578be13f3ad:0x11db4a822b6febe6!8m2!3d49.050735!4d-122.6919307!16s%2Fg%2F11vm6c1gm0!19sChIJrfMTvnjFhVQR5utvK4JK2xE?authuser=0&hl=en&rclk=1,Sim Suite Sports,2677 192 St #101,,,bc,can,,,,,0,,,,,,,,,uploads/no_image.jpg,uploads/no_image.jpg,uploads/no_image.jpg,uploads/no_image.jpg,,1,,,0,Indoor golf course
https://www.google.ca/maps/place/SIMBAY240/data=!4m7!3m6!1s0x537d8bccf2c0eb8b:0xaf752ba281e72fae!8m2!3d49.84813!4d-119.4694902!16s%2Fg%2F11wqch4_qj!19sChIJi-vA8syLfVMRri_ngaIrda8?authuser=0&hl=en&rclk=1,SIMBAY240,3810 Casorso Rd,,,bc,can,,,,,0,,,,,,,,,uploads/no_image.jpg,uploads/no_image.jpg,uploads/no_image.jpg,uploads/no_image.jpg,,1,,,0,Golf course
https://www.google.ca/maps/place/Simplex+Sportszone/data=!4m7!3m6!1s0x537df32b329b1929:0xb4e8b1a29e9f8373!8m2!3d49.8903353!4d-119.4257195!16s%2Fg%2F11fhv9mt38!19sChIJKRmbMivzfVMRc4OfnqKx6LQ?authuser=0&hl=en&rclk=1,Simplex Sportszone,2600 Enterprise Way #200,,,bc,can,,,,,0,,,,,,,"""Lots of fun but really expensive.""",,uploads/no_image.jpg,uploads/no_image.jpg,uploads/no_image.jpg,uploads/no_image.jpg,,1,,4.7,93,Indoor golf course
https://www.google.ca/maps/place/Squamish+golf+simulators/data=!4m7!3m6!1s0x5486f9bbbd0a1879:0x476ecc6ed3521a57!8m2!3d49.724055!4d-123.1542141!16s%2Fg%2F11rs75vc0c!19sChIJeRgKvbv5hlQRVxpS027Mbkc?authuser=0&hl=en&rclk=1,Squamish golf simulators,1201 Commercial Way Unit #401,,,bc,can,,,,,0,,,,,,,"""So much fun.This is my new favourite place""",,uploads/no_image.jpg,uploads/no_image.jpg,uploads/no_image.jpg,uploads/no_image.jpg,,1,,5,2,Indoor golf course
https://www.google.ca/maps/place/Sun+Peaks+Indoor+Golf/data=!4m7!3m6!1s0x537fb2ec2ae953c3:0x594d43bbda1b1398!8m2!3d50.8762157!4d-119.9116441!16s%2Fg%2F11y3v6177j!19sChIJw1PpKuyyf1MRmBMb2rtDTVk?authuser=0&hl=en&rclk=1,Sun Peaks Indoor Golf,1130 Sun Peaks Rd,,,bc,can,,,,,0,,,,,,,,,uploads/no_image.jpg,uploads/no_image.jpg,uploads/no_image.jpg,uploads/no_image.jpg,,1,,,0,Indoor golf course
https://www.google.ca/maps/place/Surrey+Golf+Academy+%7C+Golf+Lessons+in+Surrey+BC/data=!4m7!3m6!1s0x8c760d0e4c841b1f:0x3c2d6793cb2dc9e5!8m2!3d49.1457796!4d-122.7994114!16s%2Fg%2F11txwbxqy0!19sChIJHxuETA4NdowR5ckty5NnLTw?authuser=0&hl=en&rclk=1,Surrey Golf Academy | Golf Lessons in Surrey BC,7778 152 St,,,bc,can,,,,,0,,,,,,,,,uploads/no_image.jpg,uploads/no_image.jpg,uploads/no_image.jpg,uploads/no_image.jpg,,1,,,0,Golf instructor
https://www.google.ca/maps/place/Swingers+Golf+Victoria/data=!4m7!3m6!1s0x548f754b3465c3c3:0xcd46370d7228f677!8m2!3d48.4241485!4d-123.3685531!16s%2Fg%2F11t6mv05ys!19sChIJw8NlNEt1j1QRd_Yocg03Rs0?authuser=0&hl=en&rclk=1,Swingers Golf Victoria,910 Government St #107,,,bc,can,,,,,0,,,,,,,"""Great space and super friendly staff!""",,uploads/no_image.jpg,uploads/no_image.jpg,uploads/no_image.jpg,uploads/no_image.jpg,,1,,5,23,Indoor golf course
https://www.google.ca/maps/place/Swinomish+Golf+Links/data=!4m7!3m6!1s0x54857af4aee61849:0xe344eb7689d3952!8m2!3d48.4621985!4d-122.5716821!16s%2Fg%2F1tfgjhpp!19sChIJSRjmrvR6hVQRUjmdaLdONA4?authuser=0&hl=en&rclk=1,Swinomish Golf Links,12518 Christianson Rd,,,bc,can,,,,,0,,,,,,,Onsite services,,uploads/no_image.jpg,uploads/no_image.jpg,uploads/no_image.jpg,uploads/no_image.jpg,,1,,4.1,110,Golf course
https://www.google.ca/maps/place/Tap-Ins+Putting+Course/data=!4m7!3m6!1s0x5484468f4755719f:0xa2e4aec595bd06ab!8m2!3d49.0745674!4d-121.9666952!16s%2Fg%2F1tqtxkrm!19sChIJn3FVR49GhFQRqwa9lcWu5KI?authuser=0&hl=en&rclk=1,Tap-Ins Putting Course,4000a Columbia Valley Rd,,,bc,can,,,,,0,,,,,,,"""It was well-maintained with challenging holes but still enjoyable.""",,uploads/no_image.jpg,uploads/no_image.jpg,uploads/no_image.jpg,uploads/no_image.jpg,,1,,4.7,213,Public golf course
https://www.google.ca/maps/place/TDL+Custom+Golf+Simulators/data=!4m7!3m6!1s0x548671addceec1e5:0xc4115d782a1d5a82!8m2!3d49.317689!4d-123.0141009!16s%2Fg%2F11ld0kmm1h!19sChIJ5cHu3K1xhlQRglodKnhdEcQ?authuser=0&hl=en&rclk=1,TDL Custom Golf Simulators,1193 Seymour Blvd,,,bc,can,,,,,0,,,,,,,,,uploads/no_image.jpg,uploads/no_image.jpg,uploads/no_image.jpg,uploads/no_image.jpg,,1,,5,1,Interior designer
https://www.google.ca/maps/place/Tee+It+Up+Virtual+Golf/data=!4m7!3m6!1s0x5362d9ada045cfa5:0xdc268869f70f6151!8m2!3d49.095273!4d-117.707383!16s%2Fg%2F11t051yg28!19sChIJpc9FoK3ZYlMRUWEP92mIJtw?authuser=0&hl=en&rclk=1,Tee It Up Virtual Golf,1402 Bay Ave,,,bc,can,,,,,0,,,,,,,"""Simulator works great and the staff is very friendly and helpful!""",,uploads/no_image.jpg,uploads/no_image.jpg,uploads/no_image.jpg,uploads/no_image.jpg,,1,,5,21,Indoor golf course
https://www.google.ca/maps/place/The+Cabin+at+Nicklaus+North+G.C./data=!4m7!3m6!1s0x54873b7fa198d0c3:0x539faf4d31d9dcd!8m2!3d50.1411717!4d-122.9487181!16s%2Fg%2F11k4sl2h61!19sChIJw9CYoX87h1QRzZ0d0_T6OQU?authuser=0&hl=en&rclk=1,The Cabin at Nicklaus North G.C.,8080 Nicklaus N Blvd,,,bc,can,,,,,0,,,,,,,"""Double bogey golfer turned bogey golfer fairly quickly.""",,uploads/no_image.jpg,uploads/no_image.jpg,uploads/no_image.jpg,uploads/no_image.jpg,,1,,5,64,Indoor golf course
https://www.google.ca/maps/place/The+Final+hazard.+Brady%27s+indoor+golf+and+games/data=!4m7!3m6!1s0x5362add4e697cc67:0xe8dd976d3e2c536d!8m2!3d49.0335526!4d-118.437812!16s%2Fg%2F11tp9l2qw0!19sChIJZ8yX5tStYlMRbVMsPm2X3eg?authuser=0&hl=en&rclk=1,The Final hazard. Brady's indoor golf and games,7375 2 St,,,bc,can,,,,,0,,,,,,,"""Two bays, tons of courses, righty or lefty, and top notch graphics and tech.""",,uploads/no_image.jpg,uploads/no_image.jpg,uploads/no_image.jpg,uploads/no_image.jpg,,1,,5,2,Indoor golf course
https://www.google.ca/maps/place/The+Golf+Centre+Kelowna+Driving+Range/data=!4m7!3m6!1s0x537d8ca2757bd0a5:0xd09560ec2a89e366!8m2!3d49.8667472!4d-119.450519!16s%2Fg%2F1td767m3!19sChIJpdB7daKMfVMRZuOJKuxgldA?authuser=0&hl=en&rclk=1,The Golf Centre Kelowna Driving Range,2650 Benvoulin Rd,,,bc,can,,,,,0,,,,,,,"""Great place to go for beginners and all skill levels""",,uploads/no_image.jpg,uploads/no_image.jpg,uploads/no_image.jpg,uploads/no_image.jpg,,1,,4.5,175,Golf driving range
https://www.google.ca/maps/place/The+Golf+Den+Langley/data=!4m7!3m6!1s0x5485cfd1e29d3019:0x313026c4f1f8d01d!8m2!3d49.105236!4d-122.6621626!16s%2Fg%2F11h2hl8h3w!19sChIJGTCd4tHPhVQRHdD48cQmMDE?authuser=0&hl=en&rclk=1,The Golf Den Langley,20218 Fraser Hwy #108,,,bc,can,,,,,0,,,,,,,"""Cool place tucked in the corner with a taco stand at the front.""",,uploads/no_image.jpg,uploads/no_image.jpg,uploads/no_image.jpg,uploads/no_image.jpg,,1,,4.1,58,Indoor golf course
https://www.google.ca/maps/place/The+Golf+Park+Company/data=!4m7!3m6!1s0x5485c49b5a0e2bfb:0x1db1d7f75ab3ea4c!8m2!3d49.0377004!4d-122.7936008!16s%2Fg%2F11gfh98kz1!19sChIJ-ysOWpvEhVQRTOqzWvfXsR0?authuser=0&hl=en&rclk=1,The Golf Park Company,1970 155 St,,,bc,can,,,,,0,,,,,,,Onsite services not available,,uploads/no_image.jpg,uploads/no_image.jpg,uploads/no_image.jpg,uploads/no_image.jpg,,1,,5,2,Miniature golf course
https://www.google.ca/maps/place/The+Golf+Performance+Project/data=!4m7!3m6!1s0x548f7365c3bd8183:0xfcf4e82c563785aa!8m2!3d48.5033446!4d-123.390414!16s%2Fg%2F11fpdgmxvf!19sChIJg4G9w2Vzj1QRqoU3Vizo9Pw?authuser=0&hl=en&rclk=1,The Golf Performance Project,540 Marsett Pl,,,bc,can,,,,,0,,,,,,,Onsite services,,uploads/no_image.jpg,uploads/no_image.jpg,uploads/no_image.jpg,uploads/no_image.jpg,,1,,5,76,Golf instructor
https://www.google.ca/maps/place/The+Haus+of+Golf/data=!4m7!3m6!1s0x5485d1a5753a9fb3:0x15203c24e498d45b!8m2!3d49.1154228!4d-122.658883!16s%2Fg%2F11svk7yg1h!19sChIJs586daXRhVQRW9SY5CQ8IBU?authuser=0&hl=en&rclk=1,The Haus of Golf,6286A 203 St Unit A130,,,bc,can,,,,,0,,,,,,,Onsite services,,uploads/no_image.jpg,uploads/no_image.jpg,uploads/no_image.jpg,uploads/no_image.jpg,,1,,4.7,59,Indoor golf course
https://www.google.ca/maps/place/The+Links+Times/data=!4m7!3m6!1s0x548f73ed71c9899d:0x869f5105ea79629f!8m2!3d48.4552502!4d-123.3421938!16s%2Fg%2F11rg19v6q9!19sChIJnYnJce1zj1QRn2J56gVRn4Y?authuser=0&hl=en&rclk=1,The Links Times,1400 Derby Rd,,,bc,can,,,,,0,,,,,,,,,uploads/no_image.jpg,uploads/no_image.jpg,uploads/no_image.jpg,uploads/no_image.jpg,,1,,,0,Golf course
https://www.google.ca/maps/place/The+Tee+Box+-+Cowichan+Valley+Golf+Simulators/data=!4m7!3m6!1s0x548f4fba7c1a75df:0x4f9b7753eab449f2!8m2!3d48.7837673!4d-123.6981739!16s%2Fg%2F11tgdctffb!19sChIJ33UafLpPj1QR8km06lN3m08?authuser=0&hl=en&rclk=1,The Tee Box - Cowichan Valley Golf Simulators,5869 York Rd,,,bc,can,,,,,0,,,,,,,"""Great simulator setup large screens and nice setup around""",,uploads/no_image.jpg,uploads/no_image.jpg,uploads/no_image.jpg,uploads/no_image.jpg,,1,,4.9,7,Indoor golf course
https://www.google.ca/maps/place/TopSpin+Golf+Lounge+Abbotsford/data=!4m7!3m6!1s0x882c85e0a4b2bc37:0xbab2aee4fce78d0e!8m2!3d49.0602438!4d-122.2980833!16s%2Fg%2F11nx0stsq3!19sChIJN7yypOCFLIgRDo3n_OSusro?authuser=0&hl=en&rclk=1,TopSpin Golf Lounge Abbotsford,33445 Maclure Rd #102,,,bc,can,,,,,0,,,,,,,Dine-in,,uploads/no_image.jpg,uploads/no_image.jpg,uploads/no_image.jpg,uploads/no_image.jpg,,1,,4.7,3,Indoor golf course
https://www.google.ca/maps/place/Toptracer+Lounge+at+Cultus/data=!4m7!3m6!1s0x5484477e97f2f79b:0x4a860651890b0dc4!8m2!3d49.0737626!4d-121.9673149!16s%2Fg%2F11mhmtz2pj!19sChIJm_fyl35HhFQRxA0LiVEGhko?authuser=0&hl=en&rclk=1,Toptracer Lounge at Cultus,4000 Columbia Valley Rd,,,bc,can,,,,,0,,,,,,,"""The",,uploads/no_image.jpg,uploads/no_image.jpg,uploads/no_image.jpg,uploads/no_image.jpg,,1,,4.8,79,Lounge
https://www.google.ca/maps/place/Tru-Fit+Golf+Studio/data=!4m7!3m6!1s0x54867515df8480c3:0x344b28528302c115!8m2!3d49.1916342!4d-123.090608!16s%2Fg%2F11r35c0cp_!19sChIJw4CE3xV1hlQRFcECg1IoSzQ?authuser=0&hl=en&rclk=1,Tru-Fit Golf Studio,12060 Bridgeport Rd,,,bc,can,,,,,0,,,,,,,In-store pickup,,uploads/no_image.jpg,uploads/no_image.jpg,uploads/no_image.jpg,uploads/no_image.jpg,,1,,5,6,Golf instructor
https://www.google.ca/maps/place/Ultimate+Golf+Lounge/data=!4m7!3m6!1s0x548673ed9fd4011d:0xb4f2ee75970658fb!8m2!3d49.2631239!4d-123.127763!16s%2Fg%2F11vdt1xr35!19sChIJHQHUn-1zhlQR-1gGl3Xu8rQ?authuser=0&hl=en&rclk=1,Ultimate Golf Lounge,1050 W Broadway,,,bc,can,,,,,0,,,,,,,"""State of the art technology, friendly staff, clean rooms that smell good.""",,uploads/no_image.jpg,uploads/no_image.jpg,uploads/no_image.jpg,uploads/no_image.jpg,,1,,4.9,312,Indoor golf course
https://www.google.ca/maps/place/Vancouver+Golf+Simulators/data=!4m7!3m6!1s0x5485d59ca35860ad:0x883fce3262199a38!8m2!3d49.2561179!4d-122.7314073!16s%2Fg%2F11h3g4q6_j!19sChIJrWBYo5zVhVQROJoZYjLOP4g?authuser=0&hl=en&rclk=1,Vancouver Golf Simulators,580 Seaborne Ave #1120,,,bc,can,,,,,0,,,,,,,"""Great customer service , awesome setup""",,uploads/no_image.jpg,uploads/no_image.jpg,uploads/no_image.jpg,uploads/no_image.jpg,,1,,5,4,Indoor golf course
https://www.google.ca/maps/place/Velocity+Lounge+%26+Driving+Range/data=!4m7!3m6!1s0x5462af9798cbeb3d:0x9205e60f0811b74a!8m2!3d50.0191728!4d-125.2678749!16s%2Fg%2F11fd4v5ywr!19sChIJPevLmJevYlQRSrcRCA_mBZI?authuser=0&hl=en&rclk=1,Velocity Lounge & Driving Range,700 Petersen Rd,,,bc,can,,,,,0,,,,,,,Dine-in,,uploads/no_image.jpg,uploads/no_image.jpg,uploads/no_image.jpg,uploads/no_image.jpg,,1,,4.7,148,Golf driving range
https://www.google.ca/maps/place/West+Coast+Mini+Putt/data=!4m7!3m6!1s0x54860acd13c034a3:0x5b0a2300bd699dd1!8m2!3d49.172154!4d-123.1434874!16s%2Fg%2F11bw4w0l5h!19sChIJozTAE80KhlQR0Z1pvQAjCls?authuser=0&hl=en&rclk=1,West Coast Mini Putt,7391 Elmbridge Way,,,bc,can,,,,,0,,,,,,,Onsite services,,uploads/no_image.jpg,uploads/no_image.jpg,uploads/no_image.jpg,uploads/no_image.jpg,,1,,4.5,626,Miniature golf course
https://www.google.ca/maps/place/Zone+Golf+Academy/data=!4m7!3m6!1s0x548675a1b523d545:0x195acb3dd6d5ded7!8m2!3d49.1786634!4d-123.0677234!16s%2Fg%2F11c6rh29lt!19sChIJRdUjtaF1hlQR197V1j3LWhk?authuser=0&hl=en&rclk=1,Zone Golf Academy,4880 No 6 Rd,,,bc,can,,,,,0,,,,,,,"""This allows the golfer to understand to allow them to improve.""",,uploads/no_image.jpg,uploads/no_image.jpg,uploads/no_image.jpg,uploads/no_image.jpg,,1,,5,88,Golf instructor
,,,,,,,,,,,0,,,,,,,,,,,,,,,,,,
