map_url,Name,MW4etd,UY7F9,W4Efsd,W4Efsd 2,W4Efsd 3,W4Efsd 4,FQ2IWe src,ah5Ghc,W4Efsd 5,doJOZc,W4Efsd 6,Jn12ke src
https://www.google.ca/maps/place/7+IRON+Golf+Simulator+24%2F7/data=!4m7!3m6!1s0x4b598d11fa3c09c1:0x5a9c8f2dc0f18a29!8m2!3d44.7340626!4d-63.7838176!16s%2Fg%2F11m5vyf80g!19sChIJwQk8-hGNWUsRKYrxwC2PnFo?authuser=0&hl=en&rclk=1,7 IRON Golf Simulator 24/7,,,Indoor golf course,·,2069 Hammonds Plains Rd,Open 24 hours,https://lh5.googleusercontent.com/p/AF1QipNw2NjByf9iaM34XHJPtbGp1cNXD5_rcB7WqgLv=w80-h106-k-no,,,,,
https://www.google.ca/maps/place/7+IRON+Golf+Simulator+24%2F7/data=!4m7!3m6!1s0x4b598bcce8e2f37d:0x44e3a2df820d252a!8m2!3d44.6469!4d-63.71606!16s%2Fg%2F11wpzgqych!19sChIJffPi6MyLWUsRKiUNgt-i40Q?authuser=0&hl=en&rclk=1,7 IRON Golf Simulator 24/7,4.9,-16,Indoor golf course,·,1898 St Margarets Bay Rd,Open 24 hours,https://lh5.googleusercontent.com/p/AF1QipN1Jh0v-DIs0lM1quRUgnQbF5bCR6NIodVEOATZ=w137-h92-k-no,"""Good price point compared to other indoor spots too.""",https://ssl.gstatic.com/local/servicebusiness/default_user.png,,,
https://www.google.ca/maps/place/Admiral%27s+Green/data=!4m7!3m6!1s0x4b0ca4119957b2ef:0x53113dc2bd9a7f96!8m2!3d47.5910443!4d-52.7475332!16s%2Fg%2F1tf4dmf7!19sChIJ77JXmRGkDEsRln-avcI9EVM?authuser=0&hl=en&rclk=1,Admiral's Green,4.4,-43,Golf course,·,,·,460 Allandale Rd,Open,⋅ Closes 4 p.m.,https://lh5.googleusercontent.com/p/AF1QipPFGhcdlyNvH7Kk6viqpkGrFCv4nwiIuFRvrX0u=w163-h92-k-no,"""Some great views and an excellent place for events.""",https://ssl.gstatic.com/local/servicebusiness/default_user.png
https://www.google.ca/maps/place/All+About+Golf+Sports+Bar/data=!4m7!3m6!1s0x4b5e52e0c29fd23d:0x49fb6313958bdd97!8m2!3d46.2351237!4d-63.1285691!16s%2Fg%2F11g0j6qrtb!19sChIJPdKfwuBSXksRl92LlRNj-0k?authuser=0&hl=en&rclk=1,All About Golf Sports Bar,4.8,-15,Indoor golf course,·,,·,172 Queen St,Open,⋅ Closes 10 p.m.,https://lh5.googleusercontent.com/p/AF1QipNh9D3WcH5EeBeWG97uOYNPAwkX48LvFLT34AOC=w80-h106-k-no,"""Great place.""",https://ssl.gstatic.com/local/servicebusiness/default_user.png
https://www.google.ca/maps/place/Backyard+Links+Virtual+Golf+Studio/data=!4m7!3m6!1s0x4b7347476e1c8f83:0x3c188068a352fd11!8m2!3d47.6492431!4d-53.500986!16s%2Fg%2F11ybh1_p5d!19sChIJg48cbkdHc0sREf1So2iAGDw?authuser=0&hl=en&rclk=1,Backyard Links Virtual Golf Studio,,,Indoor golf course,·,,412 NL-80,,Closed,⋅ Opens 5 p.m.,https://streetviewpixels-pa.googleapis.com/v1/thumbnail?panoid=FygIr4VjcjGhEc4pLkJ_Zg&cb_client=search.gws-prod.gps&w=80&h=92&yaw=124.817566&pitch=0&thumbfov=100,,
https://www.google.ca/maps/place/Bally+Haly+Country+Club/data=!4m7!3m6!1s0x4b0ca3e411d17f77:0xd44f27a05934271b!8m2!3d47.5896848!4d-52.6963784!16s%2Fm%2F0b6p2w_!19sChIJd3_REeSjDEsRGyc0WaAnT9Q?authuser=0&hl=en&rclk=1,Bally Haly Country Club,4.3,-127,Golf course,·,,·,100 Golf Course Rd,Open now,"Scenic, 18-hole golf course since 1896",https://lh5.googleusercontent.com/p/AF1QipMyMXZzwJnp9onCSuBcEPUKOX1YP1rUzk-3oH0t=w80-h106-k-no,"""Great golf experience but still a little pricey""",https://ssl.gstatic.com/local/servicebusiness/default_user.png
https://www.google.ca/maps/place/Belvedere+Golf+Club+Inc/data=!4m7!3m6!1s0x4b5e52a369012c03:0xfa3892d1a6220b7f!8m2!3d46.260734!4d-63.110557!16s%2Fg%2F11b5wl2qvw!19sChIJAywBaaNSXksRfwsiptGSOPo?authuser=0&hl=en&rclk=1,Belvedere Golf Club Inc,4.2,-99,Golf club,·,,·,1 Greensview Dr,Open,⋅ Closes 8 p.m.,https://lh5.googleusercontent.com/p/AF1QipM_LnusoNpLoWyMO-2Kks_FYh6Mvfd4EcN9WtlE=w163-h92-k-no,Onsite services,
https://www.google.ca/maps/place/Better+Golf+Bedford/data=!4m7!3m6!1s0x4b598978dc5f9ac5:0x6958a80eb2635e89!8m2!3d44.7281129!4d-63.7496708!16s%2Fg%2F11vqpkypfw!19sChIJxZpf3HiJWUsRiV5jsg6oWGk?authuser=0&hl=en&rclk=1,Better Golf Bedford,4.2,-28,Indoor golf course,·,1438 Hammonds Plains Rd,Open 24 hours,https://lh5.googleusercontent.com/p/AF1QipPyJ3S2o6601VWwoS8o3vM-dSpr3vwNahGVSnOC=w137-h92-k-no,,,,"""Great indoor facility.""",
https://www.google.ca/maps/place/Better+Golf+Fall+River/data=!4m7!3m6!1s0x4b5987ea05a28687:0xe0fb54dde1d0d069!8m2!3d44.7926191!4d-63.6430195!16s%2Fg%2F11wp74r32j!19sChIJh4aiBeqHWUsRadDQ4d1U--A?authuser=0&hl=en&rclk=1,Better Golf Fall River,4.3,-4,Indoor golf course,·,414 Windsor Junction Rd,Open 24 hours,https://lh5.googleusercontent.com/p/AF1QipM_nPO-97dX-vcQmSIPKtCqqAqSxcA-xL96BEOy=w122-h92-k-no,,,,,
https://www.google.ca/maps/place/BR8KING+PAR+GOLF/data=!4m7!3m6!1s0x4b734b17da2731e5:0x9599d966b2611b26!8m2!3d47.590849!4d-53.2688929!16s%2Fg%2F11ybzjly90!19sChIJ5TEn2hdLc0sRJhthsmbZmZU?authuser=0&hl=en&rclk=1,BR8KING PAR GOLF,,,Indoor golf course,·,,1 Bishops Rd,,,,https://streetviewpixels-pa.googleapis.com/v1/thumbnail?panoid=h1a1RPPT1YxFE-iOUSqP1A&cb_client=search.gws-prod.gps&w=80&h=92&yaw=231.5237&pitch=0&thumbfov=100,,
https://www.google.ca/maps/place/Brian+Affleck+Golf+Academy/data=!4m7!3m6!1s0x4b5c1ff38023e28f:0xf8b793f846e7af94!8m2!3d45.5625477!4d-62.6528862!16s%2Fg%2F11fl0qp22x!19sChIJj-IjgPMfXEsRlK_nRviTt_g?authuser=0&hl=en&rclk=1,Brian Affleck Golf Academy,3.5,-4,Golf instructor,·,,19 Bridge Ave,,,,https://lh5.googleusercontent.com/p/AF1QipPBXmY62zJaMNISZLowBRQc6K9gPxCgT4HBCdI1=w122-h92-k-no,Onsite services,
https://www.google.ca/maps/place/Cavendish+Beach+Adventure+Zone/data=!4m7!3m6!1s0x4b5fbfbf74ac2fb9:0x6430db770cea6b97!8m2!3d46.4846611!4d-63.4070892!16s%2Fg%2F11dd_ps_k0!19sChIJuS-sdL-_X0sRl2vqDHfbMGQ?authuser=0&hl=en&rclk=1,Cavendish Beach Adventure Zone,4.3,-62,Miniature golf course,·,·,,https://lh5.googleusercontent.com/p/AF1QipPLO4LOGcLUsizTKnc-3RF3CTdzKmhZIfhDzheK=w138-h92-k-no,,,18 Moore Rd,"""Lots of fun playing a decent",https://ssl.gstatic.com/local/servicebusiness/default_user.png
https://www.google.ca/maps/place/Clubhouse+24%2F7+Golf+Simulators/data=!4m7!3m6!1s0x4b5a271753df1519:0x57f2f9dc31e3d3f9!8m2!3d44.6948719!4d-63.5478793!16s%2Fg%2F11wqfm77yb!19sChIJGRXfUxcnWksR-dPjMdz58lc?authuser=0&hl=en&rclk=1,Clubhouse 24/7 Golf Simulators,5,-94,Indoor golf course,·,219 Waverley Rd,Open 24 hours,https://lh5.googleusercontent.com/p/AF1QipMS1OOFDZomdtUFYuzA11sGZ_oqujudAk6KK_aL=w80-h106-k-no,Onsite services,,,,
https://www.google.ca/maps/place/Clubhouse+24%2F7+Golf+Simulators/data=!4m7!3m6!1s0x4b59896de69622f3:0x85bc469b21196909!8m2!3d44.7375393!4d-63.6465445!16s%2Fg%2F11w3vn63dg!19sChIJ8yKW5m2JWUsRCWkZIZtGvIU?authuser=0&hl=en&rclk=1,Clubhouse 24/7 Golf Simulators,5,-139,Indoor golf course,·,299 Rocky Lake Dr #3,Open 24 hours,https://lh5.googleusercontent.com/p/AF1QipNzioZZKuR0oK0SNvflhWbDuOYhWllUFiUqk7Ol=w80-h106-k-no,Onsite services,,,,
https://www.google.ca/maps/place/Coastal+Drive+Indoor+Simulators/data=!4m7!3m6!1s0x4b5e69334fc177f5:0x75cef044e67d8b22!8m2!3d46.1834462!4d-62.6511232!16s%2Fg%2F11q3z1_fr3!19sChIJ9XfBTzNpXksRIot95kTwznU?authuser=0&hl=en&rclk=1,Coastal Drive Indoor Simulators,5,-7,Indoor golf course,·,,5140 Hwy a a MacDonald,,Closed,⋅ Opens 3 p.m.,https://lh5.googleusercontent.com/p/AF1QipPxGKLm81ZuQhuj43PJvlyPSzlbThdg0DkMX6Ps=w80-h142-k-no,"""Best simulator ive tried, and I've been around to most on the island!""",https://ssl.gstatic.com/local/servicebusiness/default_user.png
https://www.google.ca/maps/place/Coastal+Golf+Canada/data=!4m7!3m6!1s0x4b67fb9e82516453:0xc47167e598372aef!8m2!3d46.1420674!4d-60.1906408!16s%2Fg%2F11rjqqlzd9!19sChIJU2RRgp77Z0sR7yo3mOVnccQ?authuser=0&hl=en&rclk=1,Coastal Golf Canada,4.5,-13,Indoor golf course,·,,·,224 Dorchester St,Closed,⋅ Opens 10 a.m. Tue,https://lh5.googleusercontent.com/p/AF1QipOYqHVwj_hwY5IqbWBw8ZdRx02pLZrb6BtSYW3C=w122-h92-k-no,In-store shopping,
https://www.google.ca/maps/place/Condors+Golf+Lounge+Inc./data=!4m7!3m6!1s0x4b5f493c4972df4d:0x817c453a84c3e5!8m2!3d45.8420693!4d-64.1646108!16s%2Fg%2F11vs_b7l5f!19sChIJTd9ySTxJX0sR5cOEOkV8gQA?authuser=0&hl=en&rclk=1,Condors Golf Lounge Inc.,5,-2,Indoor golf course,·,487 John Black Rd,Open,https://lh5.googleusercontent.com/p/AF1QipPmOG7qxTnuETb3d8tDR963tHvtNTFcx_QA2mAn=w134-h92-k-no,,,⋅ Closes 10 p.m.,,
https://www.google.ca/maps/place/Cube%27n+Links+Golf/data=!4m7!3m6!1s0x4b5987a7b934ca65:0x21101e3dfcfed421!8m2!3d44.8495456!4d-63.6075435!16s%2Fg%2F11tjyjl4w_!19sChIJZco0uaeHWUsRIdT-_D0eECE?authuser=0&hl=en&rclk=1,Cube'n Links Golf,5,-92,Indoor golf course,·,30 Behrent Ct,Open,https://lh5.googleusercontent.com/p/AF1QipPJAPlfJJO6xT-7EV6yb80qBSJzE0Y9VWQPvSOr=w80-h106-k-no,,⋅ Closes 11 p.m.,,,
https://www.google.ca/maps/place/Dormston+Indoor+Golf/data=!4m7!3m6!1s0x4b7bb32c23f89e3f:0xe06fb7427a666957!8m2!3d48.9425054!4d-57.9182054!16s%2Fg%2F11w8mlhx__!19sChIJP574Iyyze0sRV2lmekK3b-A?authuser=0&hl=en&rclk=1,Dormston Indoor Golf,5,-25,Indoor golf course,·,,·,171 W Valley Rd,Open,⋅ Closes 10 p.m.,https://lh5.googleusercontent.com/p/AF1QipME8nkH4fnupVOw_nZxydU3ctf6UjsBN2fRLtbI=w80-h106-k-no,Onsite services,
https://www.google.ca/maps/place/Double+Eagle+Indoor+Golf+Inc./data=!4m7!3m6!1s0x4b5f85c6d771fa39:0x253de686dd33ba9!8m2!3d46.3988525!4d-63.8040166!16s%2Fg%2F11rhyv1k2w!19sChIJOfpx18aFX0sRqTvTbWjeUwI?authuser=0&hl=en&rclk=1,Double Eagle Indoor Golf Inc.,5,-9,Indoor golf course,·,,·,30 Greenwood Dr,Open,⋅ Closes 10 p.m.,https://lh5.googleusercontent.com/p/AF1QipP0t1Hg6jlIsFNtbRBwlf4n_CETkq41ZdpwMIv-=w122-h92-k-no,https://ssl.gstatic.com/local/servicebusiness/default_user.png,"""Nice clean facility, nice vibe and good fun."""
https://www.google.ca/maps/place/Eastern+Golf+Academy/data=!4m7!3m6!1s0x4b5e694203578e91:0x8747c0df3fc55b8b!8m2!3d46.2009278!4d-62.5868232!16s%2Fg%2F11y4y7g01s!19sChIJkY5XA0JpXksRi1vFP9_AR4c?authuser=0&hl=en&rclk=1,Eastern Golf Academy,5,-3,Golf instructor,·,,83 Dewars Ln,,,,https://lh5.googleusercontent.com/p/AF1QipN4p4LxOQHnHyjsLTxkKTsSltklTDObABeLP4ZM=w92-h92-k-no,"""Eastern Golf Academy is a great organization that promotes golf to youth.""",https://ssl.gstatic.com/local/servicebusiness/default_user.png
https://www.google.ca/maps/place/Ellsworth+Indoor+Golf+%26+Grill/data=!4m7!3m6!1s0x4caef19c71a85315:0xc042ac3992e50a6d!8m2!3d44.5322649!4d-68.4002496!16s%2Fg%2F11vljw9jcz!19sChIJFVOocZzxrkwRbQrlkjmsQsA?authuser=0&hl=en&rclk=1,Ellsworth Indoor Golf & Grill,5,-3,Indoor golf course,·,25 Eastward Ln Ste 8,Open,https://lh5.googleusercontent.com/p/AF1QipPle0OlttGd8bOl0JBY2RIYTK_xHcIMb_fhMw12=w122-h92-k-no,Dine-in,⋅ Closes 11 p.m.,,,
https://www.google.ca/maps/place/Felte+Like+Golfing/data=!4m7!3m6!1s0x4b79d1fe3a1c1d03:0x905df1b7b8787ac5!8m2!3d49.4965418!4d-56.1767274!16s%2Fg%2F11rc87wzql!19sChIJAx0cOv7ReUsRxXp4uLfxXZA?authuser=0&hl=en&rclk=1,Felte Like Golfing,5,-1,Golf driving range,·,,1 Indian River Rd,,Open,⋅ Closes 9 p.m.,https://lh5.googleusercontent.com/p/AF1QipPh0iifJb9epmUQXKXJtOd0_XSnttKmUyPHZff_=w80-h106-k-no,,
https://www.google.ca/maps/place/FIREDRIVE+Indoor+Golf+%26+Lounge/data=!4m7!3m6!1s0x4ca7ab1717cc4429:0xc2c218a6bd2cefb3!8m2!3d45.4124676!4d-65.9473646!16s%2Fg%2F11w_c2gdvx!19sChIJKUTMFxerp0wRs-8svaYYwsI?authuser=0&hl=en&rclk=1,FIREDRIVE Indoor Golf & Lounge,4.9,-11,Recreation center,·,80 Millennium Dr Unit 402B,Open,https://lh5.googleusercontent.com/p/AF1QipME-DzW4tK2QPhaLHX3HMtndaFLp0DsTRDNIjc4=w162-h92-k-no,,⋅ Closes 10 p.m.,,,
https://www.google.ca/maps/place/Gander+Golf+Club/data=!4m7!3m6!1s0x4b76f261736504b1:0x4b9b3f6325c2213a!8m2!3d48.9560079!4d-54.6331726!16s%2Fg%2F1vl9r254!19sChIJsQRlc2HydksROiHCJWM_m0s?authuser=0&hl=en&rclk=1,Gander Golf Club,4.6,-67,Golf club,·,,·,251 Trans-Canada Hwy,Open,⋅ Closes 8:30 p.m.,https://lh5.googleusercontent.com/p/AF1QipOgm6E2nAytrtQaEHzMFkmLlCrulhzmJag0AiKW=w138-h92-k-no,Onsite services,
https://www.google.ca/maps/place/Golf+Driving+Range/data=!4m7!3m6!1s0x4c9f4926a1a9c847:0x95d12996064ca6e!8m2!3d47.499936!4d-64.9183778!16s%2Fg%2F11b5w9jsfb!19sChIJR8ipoSZJn0wRbspkYJkSXQk?authuser=0&hl=en&rclk=1,Golf Driving Range,4.5,-12,Golf course,·,61 Rue Roitelet,,https://lh5.googleusercontent.com/p/AF1QipMIqEC2R4Moi4-au-fkOkE61hUMVFKu1KYOYRHi=w80-h106-k-no,"""We'll maintained""",,,,https://ssl.gstatic.com/local/servicebusiness/default_user.png
https://www.google.ca/maps/place/GOLFSHOTZ+Cocktail+Bar+%2F+Indoor+Golf/data=!4m7!3m6!1s0x4b0cbd0f8dfae7f1:0x107731b385d8b705!8m2!3d47.5082511!4d-52.7941398!16s%2Fg%2F11h937gtsy!19sChIJ8ef6jQ-9DEsRBbfYhbMxdxA?authuser=0&hl=en&rclk=1,GOLFSHOTZ Cocktail Bar / Indoor Golf,5,-33,Indoor golf course,·,,·,181-D Commonwealth Ave,Open,⋅ Closes 11 p.m.,https://lh5.googleusercontent.com/p/AF1QipOekVZkUSYh8QJ7nrMJkglIuwGJcgeZ7THekaV2=w80-h106-k-no,Dine-in,
https://www.google.ca/maps/place/GOLFSHOTZ+Cocktail+Bar%2FIndoor+Golf/data=!4m7!3m6!1s0x4b7bb10018340e53:0x2bc543d6df46bd2c!8m2!3d48.9511999!4d-57.946776!16s%2Fg%2F11wn7x1040!19sChIJUw40GACxe0sRLL1G39ZDxSs?authuser=0&hl=en&rclk=1,GOLFSHOTZ Cocktail Bar/Indoor Golf,5,-1,Cocktail bar,·,,6 Commercial St,,Open,⋅ Closes 11 p.m.,https://lh5.googleusercontent.com/p/AF1QipMOdDczwZiInKscadyGKs4-aefFx4TCnzAFGnBN=w145-h92-k-no,No delivery,
https://www.google.ca/maps/place/Golfzon+Sackville/data=!4m7!3m6!1s0x4b5988ee1a3018d7:0x5e0e2eb9a617e37d!8m2!3d44.7660938!4d-63.6825417!16s%2Fg%2F11b6v7c7yl!19sChIJ1xgwGu6IWUsRfeMXprkuDl4?authuser=0&hl=en&rclk=1,Golfzon Sackville,3.9,-33,Indoor golf course,·,512 Sackville Dr,Open,https://lh5.googleusercontent.com/p/AF1QipPEyqSsaLQ_wqyjy0tnyXfC9z2QBFP1sgSNLjU=w122-h92-k-no,Onsite services,⋅ Closes 11:30 p.m.,,512 Sackville Dr,
https://www.google.ca/maps/place/Good+Guys+Golf/data=!4m7!3m6!1s0x4ca4235088461b89:0x320b73fc491ad5a0!8m2!3d45.9489865!4d-66.6969037!16s%2Fg%2F11tj3jr8q5!19sChIJiRtGiFAjpEwRoNUaSfxzCzI?authuser=0&hl=en&rclk=1,Good Guys Golf,4.7,-87,Indoor golf course,·,100 Woodside Ln,Closed,https://lh5.googleusercontent.com/p/AF1QipO8fPPzVu-PJfyZ-ZCVGTpoyB2jjNDldCIulq7z=w80-h142-k-no,"""Staff is amazing... Mini golf, arcade games, delicious craft beer?""",⋅ Opens 12 p.m. Tue,,100 Woodside Ln,https://ssl.gstatic.com/local/servicebusiness/default_user.png
https://www.google.ca/maps/place/Goodwood+Family+Golf+Centre/data=!4m7!3m6!1s0x4b5923f34b971ba1:0x1a04414269341f21!8m2!3d44.5929138!4d-63.6962878!16s%2Fg%2F1thxvtg5!19sChIJoRuXS_MjWUsRIR80aUJBBBo?authuser=0&hl=en&rclk=1,Goodwood Family Golf Centre,4.7,-93,Golf driving range,·,1300 Prospect Rd,,https://lh5.googleusercontent.com/p/AF1QipMssCYE1d_GMCUCuaRFQDwvZsgRPx-a8Msqvd9B=w122-h92-k-no,"""Best driving range in HRM, new balls and mats, plus friendly family owned.""",https://ssl.gstatic.com/local/servicebusiness/default_user.png,,,
https://www.google.ca/maps/place/GreyRock+Golf/data=!4m7!3m6!1s0x4cbda9d3534b899b:0xaf4eaac0445dc298!8m2!3d47.3746573!4d-68.3061989!16s%2Fg%2F11vsz5bmyd!19sChIJm4lLU9OpvUwRmMJdRMCqTq8?authuser=0&hl=en&rclk=1,GreyRock Golf,5,-6,Indoor golf course,·,Rue Mowin St,Closed,https://lh5.googleusercontent.com/p/AF1QipMkKbuuiRQwWYf8w-JnGXeulfKcsCaKCqzAGNoY=w92-h92-k-no,Onsite services,⋅ Opens 5 p.m.,,,
https://www.google.ca/maps/place/Gypsy+Mini+Golf/data=!4m7!3m6!1s0x4b575bc2e3c1f883:0x26c3bdc71ab75683!8m2!3d44.3815765!4d-64.3513641!16s%2Fg%2F11fdy3p_rp!19sChIJg_jB48JbV0sRg1a3Gse9wyY?authuser=0&hl=en&rclk=1,Gypsy Mini Golf,4.5,-17,Miniature golf course,·,11463 Nova Scotia Trunk 3,,https://lh5.googleusercontent.com/p/AF1QipPngMdeshi-htD2yLkXgrjr88yOU77I_N_YLoxy=w122-h92-k-no,"""... little spot to enjoy an hour or two, and have a fun game of mini golf.""",,,,https://ssl.gstatic.com/local/servicebusiness/default_user.png
https://www.google.ca/maps/place/Halifax+Putting+Edge/data=!4m7!3m6!1s0x4b5a2039da1b5f2f:0x676f9ff360622645!8m2!3d44.647668!4d-63.6730114!16s%2Fg%2F1tgx65r6!19sChIJL18b2jkgWksRRSZiYPOfb2c?authuser=0&hl=en&rclk=1,Halifax Putting Edge,4.4,-853,Indoor golf course,·,·,Open,https://lh5.googleusercontent.com/p/AF1QipNnkOtHFjpT8eccr6iQ93f_b8sML_r4Z71aB3Qz=w138-h92-k-no,"""Fun, clean and looks like a lot of the painting has been redone.""",https://ssl.gstatic.com/local/servicebusiness/default_user.png,⋅ Closes 10 p.m.,,182 Chain Lake Dr
https://www.google.ca/maps/place/Hartt+Island+Minigolf/data=!4m7!3m6!1s0x4ca43dd9c44b4d27:0xde4ed32347f2989b!8m2!3d45.9660787!4d-66.7445847!16s%2Fg%2F11s5mmr42k!19sChIJJ01LxNk9pEwRm5jyRyPTTt4?authuser=0&hl=en&rclk=1,Hartt Island Minigolf,4.5,-4,Miniature golf course,·,2475 NB-102,Open,https://streetviewpixels-pa.googleapis.com/v1/thumbnail?panoid=-82RYoCZFDeptUrqge_WMQ&cb_client=search.gws-prod.gps&w=80&h=92&yaw=237.9878&pitch=0&thumbfov=100,Onsite services,⋅ Closes 7 p.m.,,,
https://www.google.ca/maps/place/Hidden+Meadows+Golf+Course+and+Discount+Pro+Shop/data=!4m7!3m6!1s0x4cafb80f3a48c5e9:0x76ab931c84db0b1b!8m2!3d44.9632492!4d-68.7184753!16s%2Fg%2F1tdbf0fw!19sChIJ6cVIOg-4r0wRGwvbhByTq3Y?authuser=0&hl=en&rclk=1,Hidden Meadows Golf Course and Discount Pro Shop,4,-43,Golf course,·,·,Open,https://lh5.googleusercontent.com/p/AF1QipNRMWWUgUM8RI3OWVWDqMOTrh60WiBJlH1YcXJi=w80-h106-k-no,Onsite services,⋅ Closes 8 p.m.,,240 W Old Town Rd,
https://www.google.ca/maps/place/Hillside+Athletics+Indoor+Golf/data=!4m7!3m6!1s0x4cafb57b4739ac91:0x42f11c2be6246eda!8m2!3d44.8274916!4d-68.7793765!16s%2Fg%2F11vlp31dqj!19sChIJkaw5R3u1r0wR2m4k5isc8UI?authuser=0&hl=en&rclk=1,Hillside Athletics Indoor Golf,5,-12,Indoor golf course,·,69 Hillside Ave,Open,https://lh5.googleusercontent.com/p/AF1QipONBJ-9zqO52wiAqYN7BiJ0vvE9Esjyx8c3NbIN=w122-h92-k-no,,⋅ Closes 9 p.m.,,69 Hillside Ave,
https://www.google.ca/maps/place/Hole9Golf/data=!4m7!3m6!1s0x4b598d5b06013c7f:0x57edcacb77683b68!8m2!3d44.6621546!4d-63.6201727!16s%2Fg%2F11rj5xfq6v!19sChIJfzwBBluNWUsRaDtod8vK7Vc?authuser=0&hl=en&rclk=1,Hole9Golf,5,-91,Golf instructor,·,3667 Strawberry Hill St #220,Open,https://lh5.googleusercontent.com/p/AF1QipNi_1Hq-pRwoRg7EEx-_rluz6dy9uNxoUGVIvnO=w122-h92-k-no,"""Excellent",https://ssl.gstatic.com/local/servicebusiness/default_user.png,⋅ Closes 9 p.m.,,
https://www.google.ca/maps/place/JH+Sports/data=!4m7!3m6!1s0x4ca418e30528b6c1:0x84be995556661f3d!8m2!3d45.9759716!4d-66.6497288!16s%2Fg%2F11f4jkxmmt!19sChIJwbYoBeMYpEwRPR9mVlWZvoQ?authuser=0&hl=en&rclk=1,JH Sports,4.9,-20,Indoor golf course,·,254 Main St,Open,https://lh5.googleusercontent.com/p/AF1QipNWEM890DPDm9viqL2cgM8IZQTHK0J6ptIJn5LM=w138-h92-k-no,,⋅ Closes 11:59 p.m.,,254 Main St,
https://www.google.ca/maps/place/JMacK+Golf+Studio/data=!4m7!3m6!1s0x4b59890fb7cbdfaf:0xf3e5e263b0c2f372!8m2!3d44.7585835!4d-63.6580854!16s%2Fg%2F11hdxk65z2!19sChIJr9_Ltw-JWUsRcvPCsGPi5fM?authuser=0&hl=en&rclk=1,JMacK Golf Studio,5,-4,Golf instructor,·,31 Glendale Ave,Closed,https://lh5.googleusercontent.com/p/AF1QipOiOGsSDaxbN894KvjXwjakcveDIwTD_P-3lsD5=w92-h92-k-no,"""Most fun I’ve had golfing and I have Jen to thank for that.""",⋅ Opens 9 a.m. Tue,,,https://ssl.gstatic.com/local/servicebusiness/default_user.png
https://www.google.ca/maps/place/JR%27s+Parlore+Golf/data=!4m7!3m6!1s0x4b5965a0a6afbcd1:0x92bce7f4c3162973!8m2!3d45.1060948!4d-63.4230151!16s%2Fg%2F11lp6cfhct!19sChIJ0byvpqBlWUsRcykWw_TnvJI?authuser=0&hl=en&rclk=1,JR's Parlore Golf,5,-14,Indoor golf course,·,47 Nelson Rd,Open,https://lh5.googleusercontent.com/p/AF1QipOh3yTS5imycN8Ze6p3ya5mydxsQIYw70z3f3TK=w122-h92-k-no,Onsite services,⋅ Closes 10 p.m.,,47 Nelson Rd,
https://www.google.ca/maps/place/King+of+Clubs+Golf+Shop/data=!4m7!3m6!1s0x4b5e525485188ceb:0x957758911486fc46!8m2!3d46.2422178!4d-63.1320673!16s%2Fg%2F1vbnn_9y!19sChIJ64wYhVRSXksRRvyGFJFYd5U?authuser=0&hl=en&rclk=1,King of Clubs Golf Shop,4.7,-34,Indoor golf course,·,330 University Ave,·,330 University Ave,Open,⋅ Closes 5 p.m.,https://lh5.googleusercontent.com/p/AF1QipMTiO41_XXGP-hS4Bf8loaAUwUKfUUr5syxLnc1=w122-h92-k-no,In-store pickup,
https://www.google.ca/maps/place/Kingswood+Entertainment+Centre/data=!4m7!3m6!1s0x4ca42441122e5d89:0x8a055ef21f3901a2!8m2!3d45.9302178!4d-66.7117616!16s%2Fg%2F1tm8dl45!19sChIJiV0uEkEkpEwRogE5H_JeBYo?authuser=0&hl=en&rclk=1,Kingswood Entertainment Centre,4.1,"-1,030",Indoor playground,·,·,Open,https://lh5.googleusercontent.com/p/AF1QipPsDwJ7qQ7PKfZyMA-WIFZ_N2gVe4Va7TOymIGT=w138-h92-k-no,Onsite services,⋅ Closes 8 p.m.,,1700 Kingswood Way,
https://www.google.ca/maps/place/LBC+Sports/data=!4m7!3m6!1s0x4b57679ce3202553:0xa5ef452808251679!8m2!3d44.38496!4d-64.5127998!16s%2Fg%2F11wqfgcsgb!19sChIJUyUg45xnV0sReRYlCChF76U?authuser=0&hl=en&rclk=1,LBC Sports,5,-3,Indoor golf course,·,210 Aberdeen Rd,Open 24 hours,https://lh5.googleusercontent.com/p/AF1QipOK-4GLXZEJu9kEs6xz8Tq6h_LeZMbcxWgey2Di=w138-h92-k-no,"""None on site
- Entrance is at the back of the building

Golf here!""",,,,https://ssl.gstatic.com/local/servicebusiness/default_user.png
https://www.google.ca/maps/place/Let+it+Snow+Golf/data=!4m7!3m6!1s0x4b5f856624333303:0xaddbb7c6edb85b6d!8m2!3d46.4203643!4d-63.7224006!16s%2Fg%2F11pkjc_pfj!19sChIJAzMzJGaFX0sRbVu47ca3260?authuser=0&hl=en&rclk=1,Let it Snow Golf,4.9,-9,Indoor golf course,·,26172 PE-2,Open,https://lh5.googleusercontent.com/p/AF1QipNeZwytS4Vf911JordG25b7onv3HEfAqfomQ3mA=w163-h92-k-no,⋅ Closes 10 p.m.,,,,
https://www.google.ca/maps/place/Links+Lounge+Premium+Golf+Suites/data=!4m7!3m6!1s0x4b5989426c24faa7:0x44ffce13d80a5923!8m2!3d44.7682891!4d-63.6875859!16s%2Fg%2F11y3b63gnx!19sChIJp_okbEKJWUsRI1kK2BPO_0Q?authuser=0&hl=en&rclk=1,Links Lounge Premium Golf Suites,4.9,-47,Indoor golf course,·,622 Sackville Dr #4,Open 24 hours,https://lh5.googleusercontent.com/p/AF1QipPRMVrzAgQnetw85lr3UcUbI8sGjVh23H1WlyTe=w197-h92-k-no,,,,,
https://www.google.ca/maps/place/LOUIS+MELANSON+GOLF+COACH/data=!4m7!3m6!1s0x4ca0bedb826f8e5d:0x926334bbaee1161e!8m2!3d46.1149007!4d-64.766762!16s%2Fg%2F11fkwg0ngy!19sChIJXY5vgtu-oEwRHhbhrrs0Y5I?authuser=0&hl=en&rclk=1,LOUIS MELANSON GOLF COACH,,,Golf instructor,·,211 Mill Rd,Closed,https://streetviewpixels-pa.googleapis.com/v1/thumbnail?panoid=uehCvOyt-ye0ONmehcwwSQ&cb_client=search.gws-prod.gps&w=80&h=92&yaw=24.13235&pitch=0&thumbfov=100,,⋅ Opens 11 a.m. Tue,,,
https://www.google.ca/maps/place/Marcel+West+Fitness+and+Coaching/data=!4m7!3m6!1s0x4b5e53779ea51b69:0x335fc7a076a14153!8m2!3d46.2584931!4d-63.1399564!16s%2Fg%2F11sms556mg!19sChIJaRulnndTXksRU0GhdqDHXzM?authuser=0&hl=en&rclk=1,Marcel West Fitness and Coaching,5,-11,Indoor golf course,·,560 University Ave,560 University Ave,,Open,⋅ Closes 10 p.m.,https://streetviewpixels-pa.googleapis.com/v1/thumbnail?panoid=NCkR4N65ir0smtrixxUFgg&cb_client=search.gws-prod.gps&w=80&h=92&yaw=246.46773&pitch=0&thumbfov=100,"""Great prices, best place in PEI for indoor golf""",https://ssl.gstatic.com/local/servicebusiness/default_user.png
https://www.google.ca/maps/place/Par+94+Golf+Fredericton/data=!4m7!3m6!1s0x4ca419d460e3f65d:0xd0afc4078bc60db6!8m2!3d45.9636171!4d-66.6450543!16s%2Fg%2F11q255jc5d!19sChIJXfbjYNQZpEwRtg3GiwfEr9A?authuser=0&hl=en&rclk=1,Par 94 Golf Fredericton,4.7,-55,Indoor golf course,·,·,Open,https://lh5.googleusercontent.com/p/AF1QipNLycRm3e4r51WU19YN6EdhdSxBm3JZwTWitu1R=w123-h92-k-no,,⋅ Closes 10 p.m.,,320 Queen St,
https://www.google.ca/maps/place/Par+94+Golf+Fredericton/data=!4m7!3m6!1s0x4ca419d460e3f65d:0xd0afc4078bc60db6!8m2!3d45.9636171!4d-66.6450543!16s%2Fg%2F11q255jc5d!19sChIJXfbjYNQZpEwRtg3GiwfEr9A?authuser=0&hl=en&rclk=1,Par 94 Golf Fredericton,4.7,-55,Indoor golf course,·,320 Queen St,Open,https://lh5.googleusercontent.com/p/AF1QipNLycRm3e4r51WU19YN6EdhdSxBm3JZwTWitu1R=w123-h92-k-no,⋅ Closes 10 p.m.,,320 Queen St,,
https://www.google.ca/maps/place/Par+94+Golf+Halifax/data=!4m7!3m6!1s0x4b5a233f92245023:0xb002ba149d8b2302!8m2!3d44.6422197!4d-63.5755962!16s%2Fg%2F11s8hbtrn7!19sChIJI1Akkj8jWksRAiOLnRS6ArA?authuser=0&hl=en&rclk=1,Par 94 Golf Halifax,4.4,-22,Indoor golf course,·,5475 Clyde St,Open,https://lh5.googleusercontent.com/p/AF1QipMwGyZlZcKYmJq2WcpZMrnOsl-sw6dfb80r82iE=w122-h92-k-no,"""Easy to get too with lots of parking behind the library.""",https://ssl.gstatic.com/local/servicebusiness/default_user.png,⋅ Closes 10 p.m.,,5475 Clyde St
https://www.google.ca/maps/place/Peter+Dunmore+Putting/data=!4m7!3m6!1s0x4b598fe00a9ea737:0x2f95b167d97d47f0!8m2!3d44.7528115!4d-63.7710832!16s%2Fg%2F11lv28n3dk!19sChIJN6eeCuCPWUsR8Ed92WexlS8?authuser=0&hl=en&rclk=1,Peter Dunmore Putting,5,-6,Golf instructor,·,40 Club House Ln,Open 24 hours,https://maps.gstatic.com/tactile/pane/result-no-thumbnail-2x.png,Onsite services,,,,
https://www.google.ca/maps/place/Riverdale+Fun+Centre/data=!4m7!3m6!1s0x4b0cb8057add68f1:0xec902d8437b4c0b3!8m2!3d47.4915401!4d-53.0295312!16s%2Fg%2F1wn337rw!19sChIJ8WjdegW4DEsRs8C0N4QtkOw?authuser=0&hl=en&rclk=1,Riverdale Fun Centre,4.6,-120,Bar,·,,·,939 Conception Bay Hwy,Open,⋅ Closes 12 a.m.,https://lh5.googleusercontent.com/p/AF1QipMByRWt9i2VWc-WkMy3y79Kn3a4h7hsq6e1Myiw=w216-h92-k-no,"""Bowling, Arcade Centre,",https://ssl.gstatic.com/local/servicebusiness/default_user.png
https://www.google.ca/maps/place/RJS+Custom+Clubs+c%2Fo+Bob+Spicer/data=!4m7!3m6!1s0x4b598a058b051183:0xb47a68e1d3576892!8m2!3d44.7004878!4d-63.7388062!16s%2Fg%2F1261_pr14!19sChIJgxEFiwWKWUsRkmhX0-FoerQ?authuser=0&hl=en&rclk=1,RJS Custom Clubs c/o Bob Spicer,5,-21,Indoor golf course,·,261 Lewis Lake Terrace,,https://lh5.googleusercontent.com/p/AF1QipOUBtpigfaBjZaiL_ud-YwCQhmsTtZVwUPD3kE8=w80-h106-k-no,,,,261 Lewis Lake Terrace,
https://www.google.ca/maps/place/Rocky+Knoll+Country+Club/data=!4m7!3m6!1s0x4cae4c735639591d:0xb4c2c86c1b5fcee4!8m2!3d44.7578513!4d-68.7826836!16s%2Fg%2F1tzzv2w5!19sChIJHVk5VnNMrkwR5M5fG2zIwrQ?authuser=0&hl=en&rclk=1,Rocky Knoll Country Club,4.2,-91,Golf course,·,·,Closed,https://lh5.googleusercontent.com/p/AF1QipOHD_AROlzzRWgko9k7XYvOXQGXYpmJc3HHX-AA=w80-h106-k-no,"""Greens are in great shape.""",⋅ Opens 2 p.m. Wed,,94 River Rd,https://ssl.gstatic.com/local/servicebusiness/default_user.png
https://www.google.ca/maps/place/Rocky+Knoll+Country+Club/data=!4m7!3m6!1s0x4cae4c735639591d:0xb4c2c86c1b5fcee4!8m2!3d44.7578513!4d-68.7826836!16s%2Fg%2F1tzzv2w5!19sChIJHVk5VnNMrkwR5M5fG2zIwrQ?authuser=0&hl=en&rclk=1,Rocky Knoll Country Club,4.2,-91,Golf course,·,·,Closed,https://lh5.googleusercontent.com/p/AF1QipOHD_AROlzzRWgko9k7XYvOXQGXYpmJc3HHX-AA=w80-h106-k-no,⋅ Opens 2 p.m. Wed,,94 River Rd,"""Greens are in great shape.""",https://ssl.gstatic.com/local/servicebusiness/default_user.png
https://www.google.ca/maps/place/Saltwater+Golf/data=!4m7!3m6!1s0x4b597f67bbe9265d:0x93ec1a9aa0f5b8d2!8m2!3d44.9383667!4d-63.5347836!16s%2Fg%2F11x262t7ts!19sChIJXSbpu2d_WUsR0rj1oJoa7JM?authuser=0&hl=en&rclk=1,Saltwater Golf,5,-3,Indoor golf course,·,192 Hwy 2 Unit B,Closed,https://lh5.googleusercontent.com/p/AF1QipPYWY9wsYfB9o3WR1aT0ZKl5mSLYb2IOYjsbf7i=w80-h106-k-no,,⋅ Opens 3 p.m. Wed,,,
https://www.google.ca/maps/place/SebTGolf+Academy+@+Mountain+Woods+Golf+Club/data=!4m7!3m6!1s0x4ca0c15d9a74355f:0xadd31547e2b31ecb!8m2!3d46.1332932!4d-64.8783128!16s%2Fg%2F11l692chnn!19sChIJXzV0ml3BoEwRyx6z4kcV060?authuser=0&hl=en&rclk=1,SebTGolf Academy @ Mountain Woods Golf Club,5,-45,Golf instructor,·,1 Tee Time Dr,Open,https://lh5.googleusercontent.com/p/AF1QipM7osdMIGxeS0v_nWufydZqjbX3-AFkoseUuDNY=w80-h106-k-no,"""Lessons can be a humbling experience, to say the least.""",⋅ Closes 6 p.m.,,,https://ssl.gstatic.com/local/servicebusiness/default_user.png
https://www.google.ca/maps/place/Simcity+indoor+golf+simulator/data=!4m7!3m6!1s0x4cafb50014719293:0xfe5d42757053d630!8m2!3d44.8406777!4d-68.7464986!16s%2Fg%2F11vyrtw31c!19sChIJk5JxFAC1r0wRMNZTcHVCXf4?authuser=0&hl=en&rclk=1,Simcity indoor golf simulator,5,-3,Indoor golf course,·,930 Stillwater Ave,Open,https://lh5.googleusercontent.com/p/AF1QipMz4aWbscPy80S23eYFe1nQqUGfOloPIhvmnltV=w224-h92-k-no,,⋅ Closes 9 p.m.,,,
https://www.google.ca/maps/place/Simply+Golf/data=!4m7!3m6!1s0x4b5c1d69a5e4fc31:0xa70cc9d22894b211!8m2!3d45.5527467!4d-62.6900685!16s%2Fg%2F11vk9fx9r9!19sChIJMfzkpWkdXEsREbKUKNLJDKc?authuser=0&hl=en&rclk=1,Simply Golf,5,-10,Indoor golf course,·,,1269 Drummond Rd,,Closed,⋅ Opens 9 a.m. Tue,https://lh5.googleusercontent.com/p/AF1QipNF6TFcFVwJA4K0OfT_Yw8ImaGLpppv8iEVL0P_=w122-h92-k-no,"""Great location and very good golf simulators""",https://ssl.gstatic.com/local/servicebusiness/default_user.png
https://www.google.ca/maps/place/Sonny%27s+Driving+Range+%26+Training/data=!4m7!3m6!1s0x4cae48b5e7be2a6b:0xd46d9da0a7c050fa!8m2!3d44.6792602!4d-68.8657379!16s%2Fg%2F1tcz7y55!19sChIJayq-57VIrkwR-lDAp6CdbdQ?authuser=0&hl=en&rclk=1,Sonny's Driving Range & Training,4.7,-27,Golf driving range,·,·,Closed,https://lh5.googleusercontent.com/p/AF1QipPkb0mIIxm7fK5166YgN8A2jmMmO_oOQfIy3e_b=w122-h92-k-no,"""Fun, comfortable, and reasonable pricing.""",⋅ Opens 8 a.m. Wed,,130 Cove Rd,https://ssl.gstatic.com/local/servicebusiness/default_user.png
https://www.google.ca/maps/place/SPADE+MASHIE/data=!4m7!3m6!1s0x4b5a23a54effffff:0x8f219ffd53fa201a!8m2!3d44.6493164!4d-63.5439907!16s%2Fg%2F11vyxqm_0r!19sChIJ____TqUjWksRGiD6U_2fIY8?authuser=0&hl=en&rclk=1,SPADE MASHIE,4.8,-19,Indoor golf course,·,·,Open,https://lh5.googleusercontent.com/p/AF1QipNYbHHjNColeMACyMFCmPJHzecMYC6bodG_DmWX=w122-h92-k-no,Onsite services,,⋅ Closes 12 a.m.,,375 Pleasant St Suite 200
https://www.google.ca/maps/place/Swing+Circuit+Golf+Simulators+Inc./data=!4m7!3m6!1s0x4b58513c15656557:0x7be4539a41e81093!8m2!3d45.0671407!4d-64.5663457!16s%2Fg%2F11w4m8nfjm!19sChIJV2VlFTxRWEsRkxDoQZpT5Hs?authuser=0&hl=en&rclk=1,Swing Circuit Golf Simulators Inc.,4.3,-23,Indoor golf course,·,1562 Newcombe Blvd,Open 24 hours,https://lh5.googleusercontent.com/p/AF1QipN7PTtU6UO5lHTJxSpJc3BCpC-5f3bqCWbB4ebo=w138-h92-k-no,"""Love that it’s 24/7 and that I can play my favourite courses.""",,,,https://ssl.gstatic.com/local/servicebusiness/default_user.png
https://www.google.ca/maps/place/Swing+In+Golf+Lounge/data=!4m7!3m6!1s0x4ca0be9b56a8bc67:0xe92627e814bce338!8m2!3d46.1190741!4d-64.7194407!16s%2Fg%2F11c31njb0s!19sChIJZ7yoVpu-oEwROOO8FOgnJuk?authuser=0&hl=en&rclk=1,Swing In Golf Lounge,4.6,-16,Indoor golf course,·,1155 Shediac Rd #103,Open,https://lh5.googleusercontent.com/p/AF1QipP0amra5EvOrFI2CGLF7s8jNGceWuglQQj0Oduu=w80-h106-k-no,,⋅ Closes 10 p.m.,,,
https://www.google.ca/maps/place/Tee+Box/data=!4m7!3m6!1s0x4b0ca74474b01275:0xce8b26ff95986da5!8m2!3d47.561672!4d-52.746295!16s%2Fg%2F11fnrt4kh5!19sChIJdRKwdESnDEsRpW2Ylf8mi84?authuser=0&hl=en&rclk=1,Tee Box,5,-42,Indoor golf course,·,,·,340 Freshwater Rd,Open,⋅ Closes 11 p.m.,https://lh5.googleusercontent.com/p/AF1QipM9mUFFHKAIxPiVxD7Vf2EYUwqcztkJ9Tr8NCe_=w122-h92-k-no,Onsite services,
https://www.google.ca/maps/place/The+Boardwalk+Magnetic+Hill/data=!4m7!3m6!1s0x4ca0c129ae38b2bd:0x8ef7eb74c2a455be!8m2!3d46.1346054!4d-64.889328!16s%2Fg%2F1tl8k9fh!19sChIJvbI4rinBoEwRvlWkwnTr944?authuser=0&hl=en&rclk=1,The Boardwalk Magnetic Hill,4.2,-568,Golf driving range,·,2800 Mountain Rd,,https://lh5.googleusercontent.com/p/AF1QipO21xqcGXYCuydcZesoHqhaFHenBm02SpXSkcTF=w80-h106-k-no,Onsite services,,,2800 Mountain Rd,
https://www.google.ca/maps/place/The+Bunker/data=!4m7!3m6!1s0x4ca0b969037f1db7:0xfac8ade749855e71!8m2!3d46.0874019!4d-64.782931!16s%2Fg%2F11vldxdld6!19sChIJtx1_A2m5oEwRcV6FSeetyPo?authuser=0&hl=en&rclk=1,The Bunker,4.4,-62,Indoor golf course,·,961 Main St,Open,https://lh5.googleusercontent.com/p/AF1QipO7bxeLckUhLhMhF51H6hMyt6jtiwhHl7tlVtLS=w163-h92-k-no,Dine-in,⋅ Closes 11 p.m.,,961 Main St,
https://www.google.ca/maps/place/The+Sand+Trap+Indoor+Golf+Simulator/data=!4m7!3m6!1s0x4b56110f7ee46e63:0x4be37ac89d670cb3!8m2!3d43.8364926!4d-66.1197412!16s%2Fg%2F11w_v9dmyg!19sChIJY27kfg8RVksRswxnnch640s?authuser=0&hl=en&rclk=1,The Sand Trap Indoor Golf Simulator,,,Indoor golf course,·,353 Main St,,https://streetviewpixels-pa.googleapis.com/v1/thumbnail?panoid=oweC4Oo4XRvcAnX3CeVPRg&cb_client=search.gws-prod.gps&w=80&h=92&yaw=94.67137&pitch=0&thumbfov=100,,,,,
https://www.google.ca/maps/place/The+Sports+Arena/data=!4m7!3m6!1s0x4cae4af1621c13d5:0x5f817cec42d00837!8m2!3d44.7937931!4d-68.8415855!16s%2Fg%2F1tdrdzfk!19sChIJ1RMcYvFKrkwRNwjQQux8gV8?authuser=0&hl=en&rclk=1,The Sports Arena,4.1,-723,Miniature golf course,·,·,Closed,https://lh5.googleusercontent.com/p/AF1QipOuJWOUvLjm9tPpCEGpfdwvJ6vDtzG-GUtsIBnC=w80-h106-k-no,"""... friendly- music, video games for prizes, pool, bowling,",⋅ Opens 5 p.m. Tue,,1640 Hammond St,https://ssl.gstatic.com/local/servicebusiness/default_user.png
https://www.google.ca/maps/place/The+Trap/data=!4m7!3m6!1s0x4b5c5b203c07795f:0x7c02892c3f1afcca!8m2!3d45.6326484!4d-61.9295551!16s%2Fg%2F11y81z7wtv!19sChIJX3kHPCBbXEsRyvwaPyyJAnw?authuser=0&hl=en&rclk=1,The Trap,5,-1,Indoor golf course,·,730 Williams Point Rd,730 Williams Point Rd,,Open,⋅ Closes 12 a.m.,https://lh5.googleusercontent.com/p/AF1QipMZanB6K2rItG3SDdqFllUe7KBb2ZPBy4k5ZC2V=w92-h92-k-no,,
https://www.google.ca/maps/place/T-off+Indoor+Golf/data=!4m7!3m6!1s0x4ca9d7f6689da139:0x99d1faca374318af!8m2!3d44.1906177!4d-66.1638343!16s%2Fg%2F11jzwv0t2y!19sChIJOaGdaPbXqUwRrxhDN8r60Zk?authuser=0&hl=en&rclk=1,T-off Indoor Golf,5,-3,Indoor golf course,·,63 Peter Dugas Rd,Open,https://lh5.googleusercontent.com/p/AF1QipPbfTKbVKxV4RFaLFDZTAeS1acxVjSVI-u1IwNe=w80-h142-k-no,,⋅ Closes 11:30 p.m.,,,
https://www.google.ca/maps/place/Top+Shots+Golf/data=!4m7!3m6!1s0x4ca7b33ee516a7bb:0x7614c0377693f21d!8m2!3d45.3005527!4d-66.0365098!16s%2Fg%2F11p67grbbb!19sChIJu6cW5T6zp0wRHfKTdjfAFHY?authuser=0&hl=en&rclk=1,Top Shots Golf,4.7,-40,Indoor golf course,·,370 Rothesay Ave,Open,https://lh5.googleusercontent.com/p/AF1QipORu6QxtUzosa1loBG8WvFs7eSa0xsKLmX6Pcfa=w92-h92-k-no,,⋅ Closes 10 p.m.,,370 Rothesay Ave,
https://www.google.ca/maps/place/Traditions+Golf+Club+and+Learning+Center/data=!4m7!3m6!1s0x4cae4d06171d24ff:0xc85c16bca543f110!8m2!3d44.7661285!4d-68.7127761!16s%2Fg%2F11g_jx2_h!19sChIJ_yQdFwZNrkwREPFDpbwWXMg?authuser=0&hl=en&rclk=1,Traditions Golf Club and Learning Center,4.3,-158,Golf driving range,·,·,Open,https://lh5.googleusercontent.com/p/AF1QipM3YWNFaqZRRAqbNuoS83yk2TdVX_QPcnBGJ_Gg=w80-h106-k-no,"""Ridiculously long, fun, challenging and entertaining",⋅ Closes 7 p.m.,,1 Main Rd,https://ssl.gstatic.com/local/servicebusiness/default_user.png
https://www.google.ca/maps/place/UglySwing+Golf/data=!4m7!3m6!1s0xa50c19005548885b:0x83c6a1d73a163bae!8m2!3d45.3077481!4d-63.028289!16s%2Fg%2F11y470433_!19sChIJW4hIVQAZDKURrjsWOtehxoM?authuser=0&hl=en&rclk=1,UglySwing Golf,5,-9,Golf instructor,,,Open,https://lh5.googleusercontent.com/p/AF1QipNo2dlIVxEgo5IbsIZo4ShBdAFwj-Q-OR2EV4k6=w163-h92-k-no,"""With Dylan's help, my golf game has improved dramatically!""",⋅ Closes 8:30 p.m.,,,https://ssl.gstatic.com/local/servicebusiness/default_user.png
https://www.google.ca/maps/place/Under+Par+Golf+%26+Academy/data=!4m7!3m6!1s0x4ca7b3b58f887c8d:0xb8d5937428b13728!8m2!3d45.2747064!4d-66.0754736!16s%2Fg%2F11swvj_8gy!19sChIJjXyIj7Wzp0wRKDexKHST1bg?authuser=0&hl=en&rclk=1,Under Par Golf & Academy,4.6,-10,Indoor golf course,·,400 Main St,Open 24 hours,https://lh5.googleusercontent.com/p/AF1QipOZbAxBsvWz7B05RPK6DIDNo_XUH2rOnTDjnM-h=w92-h92-k-no,,,,,
https://www.google.ca/maps/place/Windsor+Golf+Center/data=!4m7!3m6!1s0x4b59a66d1fe407db:0x5e6726c50daabae!8m2!3d44.9781619!4d-64.1231875!16s%2Fg%2F11g_rlsltl!19sChIJ2wfkH22mWUsRrqvaUGxy5gU?authuser=0&hl=en&rclk=1,Windsor Golf Center,4.8,-5,Indoor golf course,·,1699 King St Unit 105,Closed,https://streetviewpixels-pa.googleapis.com/v1/thumbnail?panoid=YiBY-qwdpdWW4NTOmjsbOg&cb_client=search.gws-prod.gps&w=80&h=92&yaw=12.887306&pitch=0&thumbfov=100,"""Highly recommend""",⋅ Opens 12 p.m. Tue,,,https://ssl.gstatic.com/local/servicebusiness/default_user.png
https://www.google.ca/maps/place/Winter+Golf+at+New+London+Carriage+House+-+Golf+Simulators/data=!4m7!3m6!1s0x4b5f95ca909fc9fb:0xad1570bd34bcef47!8m2!3d46.4643394!4d-63.5150028!16s%2Fg%2F11wvdnqr1p!19sChIJ-8mfkMqVX0sRR--8NL1wFa0?authuser=0&hl=en&rclk=1,Winter Golf at New London Carriage House - Golf Simulators,5,-2,Indoor golf course,·,10686 PE-6,Open,https://lh5.googleusercontent.com/p/AF1QipOdGusuMgY2Ns1_v-gEmMwfGLnt0kdMbjKc1pyW=w129-h92-k-no,⋅ Closes 10 p.m.,,,,
https://www.google.ca/maps/place/Wojos+Golf+And+Beverage/data=!4m7!3m6!1s0x4b5c1bc6141672df:0xa1bf4e743f202ffd!8m2!3d45.5460279!4d-62.5972294!16s%2Fg%2F11y1kwzmdv!19sChIJ33IWFMYbXEsR_S8gP3ROv6E?authuser=0&hl=en&rclk=1,Wojos Golf And Beverage,5,-6,Indoor golf course,·,1289 Maclellans Brook Rd,·,1289 Maclellans Brook Rd,Closed,⋅ Opens 10 a.m. Wed,https://lh5.googleusercontent.com/p/AF1QipNAK6FllhNDy5wedNPx68BDPhbDDbDHy6BZecT9=w80-h106-k-no,"""Great place to play golf!""",https://ssl.gstatic.com/local/servicebusiness/default_user.png
https://www.google.ca/maps/place/Woodstock+Indoor+Golf/data=!4m7!3m6!1s0x4ca493a69bd2852f:0x10a6581ed55f03e9!8m2!3d46.1658127!4d-67.5970005!16s%2Fg%2F11w8nztjcc!19sChIJL4XSm6aTpEwR6QNf1R5YphA?authuser=0&hl=en&rclk=1,Woodstock Indoor Golf,,,Golf driving range,·,337 Connell St,Closed,https://maps.gstatic.com/tactile/pane/result-no-thumbnail-2x.png,,⋅ Opens 7 p.m.,,,
