hfpxzc href,qBF1Pd,MW4etd,UY7F9,W4Efsd,W4Efsd 2,doJOZc,W4Efsd 3,W4Efsd 4,W4Efsd 5,W4Efsd 6,FQ2IWe src,ah5Ghc,Jn12ke src
,,,,,,,,,,,,,
,,,,,,,,,,,,,
https://www.google.ca/maps/place/Golfzon+Social+-+Brooklyn/data=!4m7!3m6!1s0x89c25b6fbfa74edd:0x3fb82b85fda4daa8!8m2!3d40.6899751!4d-73.9853928!16s%2Fg%2F11vyzy97tt!19sChIJ3U6nv29bwokRqNqk_YUruD8?authuser=0&hl=en&rclk=1,Golfzon Social - Brooklyn,4.9,-163,Indoor golf course,·,,·,15 Hoyt St,Open,⋅ Closes 10 p.m.,https://lh3.googleusercontent.com/gps-cs-s/AC9h4nquL7_lxdeCwX5lOez8t7OBqhZ_6rkZBH4SFMZX9G0rVW8luDRIK2PXFHUcXlm3wgyBwjboNvJ72gf8yyISwFggTUDqApldtuu9uNvusH0x8D-uMJqhznX9Elra494qWqVUqQln=w80-h106-k-no,Dine-in,
https://www.google.ca/maps/place/The+Mulligans+Golf+Club/data=!4m7!3m6!1s0x89c25f2971bdbe41:0x8c477f0a01d08b34!8m2!3d40.7438213!4d-73.9277511!16s%2Fg%2F11wg45bycm!19sChIJQb69cSlfwokRNIvQAQp_R4w?authuser=0&hl=en&rclk=1,The Mulligans Golf Club,5,-79,Indoor golf course,·,,·,37-04 Queens Blvd,Open,⋅ Closes 12 a.m.,https://lh3.googleusercontent.com/gps-cs-s/AC9h4nr-3rbbUI6gqaP8HXvUiFXNuD6JDlDOp-_hvgccOmx-c11xZiUxH6GCGCS4c1umcWy8kOx4eJ9ik6jkrDhall947VRIH39yup4HmXVqVv2N6aDYTc71XxIbbmJa6_YEiwbmDery=w80-h106-k-no,"""Friendly staff, clean facilities, great and fun time""",https://ssl.gstatic.com/local/servicebusiness/default_user.png
https://www.google.ca/maps/place/Five+Iron+Golf/data=!4m7!3m6!1s0x89c2594108cbef65:0x59cd9d5874541b98!8m2!3d40.7509797!4d-73.9778639!16s%2Fg%2F11l29tj45n!19sChIJZe_LCEFZwokRmBtUdFidzVk?authuser=0&hl=en&rclk=1,Five Iron Golf,5,-287,Indoor golf course,·,,·,101 Park Ave Floor 3,Open,⋅ Closes 1 a.m.,https://lh3.googleusercontent.com/gps-cs-s/AC9h4npYOdBWRKLQ_JPcZaj5cCCM1ZqKAX0s1BKYrhvpR6QNR2OFwTxU8_6oVd20CW95-yXdYlgSsHjh5Jx6pILra80014PDiAZOmriDO4BG3p26w4E7hClFZeuTC2SP7jnQLEsnSfYI=w122-h92-k-no,"""The simulator was very fun, drinks were cheap, and the deals were great.""",https://ssl.gstatic.com/local/servicebusiness/default_user.png
https://www.google.ca/maps/place/Five+Iron+Golf/data=!4m7!3m6!1s0x89c25985059e8ddb:0xd503e94f1a9d5270!8m2!3d40.7484018!4d-73.9892996!16s%2Fg%2F11n02_m393!19sChIJ242eBYVZwokRcFKdGk_pA9U?authuser=0&hl=en&rclk=1,Five Iron Golf,4.9,-316,Indoor golf course,·,,·,883 6th Ave 3rd floor,Open,⋅ Closes 1 a.m.,https://lh3.googleusercontent.com/gps-cs-s/AC9h4nrOo3J0EF2ZRPPcw_GlJONy8tMfIFh5rT0gctdQfAVxd6jzOKBswujWXTkSP4TPe_MmTMJWW5wQPS0J4BzklnpUxhb0hCyVjVo_nlni3Pptz-ZW4nTapRGoWp_12TVdo-CwGd0uoQ=w122-h92-k-no,"""Very good golf simulators, friendly service, great location.""",https://ssl.gstatic.com/local/servicebusiness/default_user.png
https://www.google.ca/maps/place/Golfzon+Social+-+Palisades+Center/data=!4m7!3m6!1s0x89c2e93c53ecd75f:0x840f4d582f6d0531!8m2!3d41.0976626!4d-73.9552874!16s%2Fg%2F11tjp8jc_8!19sChIJX9fsUzzpwokRMQVtL1hND4Q?authuser=0&hl=en&rclk=1,Golfzon Social - Palisades Center,5,-254,Indoor golf course,·,,·,3565 Palisades Center Dr,Open,⋅ Closes 10 p.m.,https://lh3.googleusercontent.com/gps-cs-s/AC9h4npPiTGN4DajgBjQl1PmOXMza5-JiqQhtOCxAYIT7_H2Q_AdtTugG91PqoFzNTCTNuc5aCuSbSJcCdeAmotqSm2y0oMmGPaUwOuBB1yrYJoqIjxCUQUSgLEscWtj7bLJ9VMpz0te=w80-h106-k-no,Dine-in,
https://www.google.ca/maps/place/IDG+CLUB+Golf+%26+Cafe/data=!4m7!3m6!1s0x89c2f999581c2843:0x7ddd8c652b812e4c!8m2!3d40.8734648!4d-74.0868111!16s%2Fg%2F11rrq5vw02!19sChIJQygcWJn5wokRTC6BK2WM3X0?authuser=0&hl=en&rclk=1,IDG CLUB Golf & Cafe,4.9,-94,Indoor golf course,·,,·,1 S Main St STE 6,Open,⋅ Closes 11:30 p.m.,https://lh3.googleusercontent.com/gps-cs-s/AC9h4noUc_blO6sPvvqAlJ0flRUWoQ9Jt2RYME_dTiNpNQILUBqg4pIgV9ueDgyKw7JEWfc54Dzhd1W_8NNe1p-NR09AzOAMur-EodPrb18IT_czphA8OTWYAVczXG1HGmWLYFPqup8sbg=w80-h106-k-no,Onsite services,
https://www.google.ca/maps/place/Five+Iron+Golf/data=!4m7!3m6!1s0x89c259f014895ec9:0x5788a8cb8e3815c0!8m2!3d40.745854!4d-73.946201!16s%2Fg%2F11s879pzfk!19sChIJyV6JFPBZwokRwBU4jsuoiFc?authuser=0&hl=en&rclk=1,Five Iron Golf,4.9,-213,Indoor golf course,·,,·,22-43 Jackson Ave,Open,⋅ Closes 1 a.m.,https://lh3.googleusercontent.com/gps-cs-s/AC9h4npQbRLu9jgNN8wYn5883gLaSQtpd2XHlF56fkao3_r9BAZfrz16CDQ_qx1lAR4Kp--40XRuPQty0MBwikvoaAtVCLW8AA-IdnNzihxB7liceLyxXxF-P5x-bYHZUJSDhkUT6Vo=w80-h106-k-no,"""Great indoor golf facility with top notch equipment and friendly staff.""",https://ssl.gstatic.com/local/servicebusiness/default_user.png
https://www.google.ca/maps/place/Hudson+Golf/data=!4m7!3m6!1s0x89c2591aafa16dc3:0x6fba89a4f63fb534!8m2!3d40.7360494!4d-74.0286214!16s%2Fg%2F11thnfkgf5!19sChIJw22hrxpZwokRNLU_9qSJum8?authuser=0&hl=en&rclk=1,Hudson Golf,4.9,-94,Indoor golf course,·,,·,16 Hudson Pl,Open,⋅ Closes 12 a.m.,https://lh3.googleusercontent.com/gps-cs-s/AC9h4noFYAWx5eX3nxEQUZd17QR2DKzxI6eyZRn1CouKuBXtlHT4IjTIG7Ri9CMJvLx_gTLRa30Cs2wUAuc0KRWFZYs_Tv7gTJU7xIbERYo1q1zvOhLhrz_88j5MyrFWPwtwdC5mgYta=w122-h92-k-no,"""The service was lovely, the golf was fun, and the turkey club was delicious!""",https://ssl.gstatic.com/local/servicebusiness/default_user.png
https://www.google.ca/maps/place/Five+Iron+Golf/data=!4m7!3m6!1s0x89c259a30003b3d5:0x297eb90e9286edaa!8m2!3d40.7390851!4d-73.9918869!16s%2Fg%2F11dyqs1rcm!19sChIJ1bMDAKNZwokRqu2Gkg65fik?authuser=0&hl=en&rclk=1,Five Iron Golf,4.8,-301,Indoor golf course,·,,·,138 5th Ave,Open,⋅ Closes 1 a.m.,https://lh3.googleusercontent.com/p/AF1QipNIaWgDmeT11BkbHOwFS7SEx7yeAt8zo1SjUQra=w163-h92-k-no,"""Walked in and enjoyed 2 hours of indoor simulation golf with some friends.""",https://ssl.gstatic.com/local/servicebusiness/default_user.png
https://www.google.ca/maps/place/Montclair+Indoor+Golf+Club/data=!4m7!3m6!1s0x89c2557ca3c0927f:0x27a8c434c4b2fa4e!8m2!3d40.8124379!4d-74.2154533!16s%2Fg%2F11l2c2g3ls!19sChIJf5LAo3xVwokRTvqyxDTEqCc?authuser=0&hl=en&rclk=1,Montclair Indoor Golf Club,5,-16,Indoor golf course,·,,·,369 Bloomfield Ave,Open 24 hours,,https://lh3.googleusercontent.com/p/AF1QipPB-naNavK9oKEM4Cb7af0QW0D2o5rmLdCGsxns=w173-h92-k-no,"""Facilities are clean and comfortable, equipment is well-maintained.""",https://ssl.gstatic.com/local/servicebusiness/default_user.png
https://www.google.ca/maps/place/iGolf+By+Space+NYC+%7C+Trackman+%26+Golf+VX+Simulators/data=!4m7!3m6!1s0x89c2594764e5c03b:0xbd6219b4acdade35!8m2!3d40.7475891!4d-73.986913!16s%2Fg%2F11vdwbv8b0!19sChIJO8DlZEdZwokRNd7arLQZYr0?authuser=0&hl=en&rclk=1,iGolf By Space NYC | Trackman & Golf VX Simulators,5,-52,Indoor golf course,·,,·,22 W 32nd St Floor 6,Open,⋅ Closes 2 a.m.,https://lh3.googleusercontent.com/p/AF1QipMHpoV_qQ3sA4GxeNYB-XRw6FVEsXRTqlf8nbdl=w128-h92-k-no,Onsite services,
https://www.google.ca/maps/place/West+End+Golf+Club/data=!4m7!3m6!1s0x89c2f9e75a30e9c3:0x9ea7f07a7dcd288f!8m2!3d40.8376491!4d-74.1170252!16s%2Fg%2F11khjxp133!19sChIJw-kwWuf5wokRjyjNfXrwp54?authuser=0&hl=en&rclk=1,West End Golf Club,4.9,-30,Indoor golf course,·,,·,118 Jackson Ave,Open,⋅ Closes 11 p.m.,https://lh3.googleusercontent.com/gps-cs-s/AC9h4npRjh6TR4fGUxbuoohv-SiQhXOHQhFttcEQpUDIscDlaPHX-QELT8e3kqXA6XeXqsGulOVMob1An1Nc7SbozLdX_5upVMs0IOjmEq2XsZCpiVbRi1rXuqPivQ_fFYTX89mYj-6D=w122-h92-k-no,Onsite services,
https://www.google.ca/maps/place/X-Golf/data=!4m7!3m6!1s0x89c30b9befa4fb05:0xb48efb69b8b7f3dc!8m2!3d40.8716176!4d-74.5171023!16s%2Fg%2F11l6jgyn0s!19sChIJBfuk75sLw4kR3PO3uGn7jrQ?authuser=0&hl=en&rclk=1,X-Golf,5,-49,Indoor golf course,·,,·,3130 NJ-10,Open,⋅ Closes 11 p.m.,https://lh3.googleusercontent.com/gps-cs-s/AC9h4nq_zvEY-Btv_h9NjDTwxbkDgV6Y1WzixcS-oiIBVa_GNkE0JS8KJX1K1U8UM--0rkZydm_rZm1Ocm5HCD1UVkDadm0ZsneKkAvi5gRRkAOS5PTGkH-MMV3xw90z_DFJdM6RwkIq=w138-h92-k-no,"""The food is awesome, they have a full bar, and the simulators are top notch.""",https://ssl.gstatic.com/local/servicebusiness/default_user.png
https://www.google.ca/maps/place/Florham+Park+Golf+Club/data=!4m7!3m6!1s0x89c3a9bc71dae9a3:0xc3e4b057024f1ec!8m2!3d40.7879654!4d-74.3921472!16s%2Fg%2F11vkkd1342!19sChIJo-nacbypw4kR7PEkcAVLPgw?authuser=0&hl=en&rclk=1,Florham Park Golf Club,5,-21,Indoor golf course,·,,·,187 Columbia Turnpike,Open,⋅ Closes 10 p.m.,https://lh3.googleusercontent.com/gps-cs-s/AC9h4nq5reDYmSyykpZofEMKU0iyaAItQpr340kIDb-0QvRKyPJBmckE1-tRcedPilEDr1DWaFMFko1vqJoTj6_jZlHl6TZ3vEHjoi-ZEHG6OZesRl2hom6FAIGdVmX9At_a0Kf0N0b5_g=w80-h106-k-no,"""It’s super clean and they have a very friendly staff.""",https://ssl.gstatic.com/local/servicebusiness/default_user.png
https://www.google.ca/maps/place/Chip+%2B+Birdie%E2%80%99s+-+Indoor+Virtual+Golf+Club/data=!4m7!3m6!1s0x89c3b1c580d4b941:0x3f500eecca9fb2d9!8m2!3d40.6812654!4d-74.3386769!16s%2Fg%2F11l5txhl_7!19sChIJQbnUgMWxw4kR2bKfyuwOUD8?authuser=0&hl=en&rclk=1,Chip + Birdie’s - Indoor Virtual Golf Club,5,-24,Indoor golf course,·,,·,187 Mill Ln,Open,⋅ Closes 9 p.m.,https://lh3.googleusercontent.com/gps-cs-s/AC9h4noDoz9OnYg640rqGaltxO3MGb2pOVWZm84scIVszvxKFl6UVw26K4fbGw7L6F8m_GqrIMSvwtJujV0MJsAms22-Bsyu0d0HYyf-_j2QxLUBg-qW6JryqinD3jDc-Xl5yuhapQph6A=w80-h106-k-no,Onsite services,
https://www.google.ca/maps/place/Five+Iron+Golf/data=!4m7!3m6!1s0x89c25b542c7c90bd:0x4dcc25ac78634dc2!8m2!3d40.7039276!4d-74.0118565!16s%2Fg%2F11fjqhhh7_!19sChIJvZB8LFRbwokRwk1jeKwlzE0?authuser=0&hl=en&rclk=1,Five Iron Golf,4.7,-191,Indoor golf course,·,,·,22 Stone St,Open,⋅ Closes 1 a.m.,https://lh3.googleusercontent.com/p/AF1QipNDEZWnw5yppfbOXuGsBIN7wJdWl8tdBDUWQ_8n=w163-h92-k-no,Onsite services,
https://www.google.ca/maps/place/Players+Club+Virtual+Golf/data=!4m7!3m6!1s0x89c2fae765dfad5f:0xf5dcbbfb0916d7db!8m2!3d40.9444274!4d-74.0698367!16s%2Fg%2F1tksp8__!19sChIJX63fZef6wokR29cWCfu73PU?authuser=0&hl=en&rclk=1,Players Club Virtual Golf,4.6,-79,Indoor golf course,·,,·,348 Evelyn St,Open,⋅ Closes 10 p.m.,https://lh3.googleusercontent.com/gps-cs-s/AC9h4nrO1O6bRdOGEghXHiMQ844ZIRDM13LKWLA8v02CTuGHwk1DSHRA6seaWYix9Y66GsoKdlL3Mfz2Nu0dt8KqUtLyOo7z8Zf62AjMvjhw6iYd94qFOKb6RhnoW339TvwtNK1rU-ne=w80-h106-k-no,"""Great facility and very reasonably priced.""",https://ssl.gstatic.com/local/servicebusiness/default_user.png
https://www.google.ca/maps/place/Birdies+Mini+Golf+%26+Simulators/data=!4m7!3m6!1s0x89c2e7509cbd8e5f:0x4de6caf91e4d060e!8m2!3d41.0511076!4d-74.1174077!16s%2Fg%2F11wwyrkmbf!19sChIJX469nFDnwokRDgZNHvnK5k0?authuser=0&hl=en&rclk=1,Birdies Mini Golf & Simulators,5,-18,Indoor golf course,·,,107 Pleasant Ave,,Open,⋅ Closes 11 p.m.,https://lh3.googleusercontent.com/gps-cs-s/AC9h4nrCxiKKOnGaukpru6Npd4afweWS_xRLjQFAPcsQlJXMDxZRKZXgGqLJ5Sz7DkKJmCHexH-gAlyeLiRNi5VXxpFkhoSEqFKMvLrrVS9ed1nkpywv56UZAZWPjBNcekd58Sim9Ro=w80-h106-k-no,"""Comfortable, private, great simulators.""",https://ssl.gstatic.com/local/servicebusiness/default_user.png
https://www.google.ca/maps/place/Golf+v.2+-+Brooklyn+Heights/data=!4m7!3m6!1s0x89c25ba356c1c52d:0x9658e41a0a78142d!8m2!3d40.694724!4d-73.9948612!16s%2Fg%2F11w8xmxdnt!19sChIJLcXBVqNbwokRLRR4ChrkWJY?authuser=0&hl=en&rclk=1,Golf v.2 - Brooklyn Heights,4.8,-13,Indoor golf course,·,,·,116 Montague St,Open,⋅ Closes 8 p.m.,https://lh3.googleusercontent.com/gps-cs-s/AC9h4np7W1qK9Xw9wXNM1PG75cgTM2ZbmK2UD8k1V62M9OqfXtXGDk0_KbDHEBvEesiOfyGPo8sEdcCPi4LHMSK60N1q36v7WTJd_-VAaW1g-gfGWGUSU0W4M0w2Jcnj6zzlNwLfCPgjkQ=w122-h92-k-no,"""They use trackman technology and have 4 hitting bays.""",https://ssl.gstatic.com/local/servicebusiness/default_user.png
https://www.google.ca/maps/place/LoftLinks+-+Upper+East+Side+Golf/data=!4m7!3m6!1s0x89c259acccdc7b11:0xe27612add7a09fe!8m2!3d40.7797929!4d-73.9539596!16s%2Fg%2F11j4vrg87f!19sChIJEXvczKxZwokR_gl63SphJw4?authuser=0&hl=en&rclk=1,LoftLinks - Upper East Side Golf,4.5,-37,Indoor golf course,·,,·,177 E 87th St Suite 200,Open,⋅ Closes 8 p.m.,https://lh3.googleusercontent.com/p/AF1QipNdMvMWycyJupwDcIjI9_GgMq8eds4H7FP6LqX_=w138-h92-k-no,Onsite services,
https://www.google.ca/maps/place/GolfCave/data=!4m7!3m6!1s0x89c3a168adf8d131:0x3008a2859b0b6f93!8m2!3d40.8618624!4d-74.5674246!16s%2Fg%2F11vkch5jc9!19sChIJMdH4rWihw4kRk28Lm4WiCDA?authuser=0&hl=en&rclk=1,GolfCave,5,-32,Indoor golf course,·,,·,477 NJ-10 Unit# 17,Open,⋅ Closes 9:15 p.m.,https://lh3.googleusercontent.com/p/AF1QipMWNVt_AuD-4aFLcxjPY07BLDYrbrU8V8u3iQ_7=w128-h92-k-no,"""The monthly tournaments provide a fun way to compete with other members.""",https://ssl.gstatic.com/local/servicebusiness/default_user.png
https://www.google.ca/maps/place/Ready+to+Golf/data=!4m7!3m6!1s0x89c2fb7abf73fdb1:0x90962e5e79ed9a36!8m2!3d40.9137976!4d-74.0338317!16s%2Fg%2F11pws7p487!19sChIJsf1zv3r7wokRNprteV4ulpA?authuser=0&hl=en&rclk=1,Ready to Golf,4.8,-144,Indoor golf course,·,,·,3 New Bridge Rd,Open,⋅ Closes 11 p.m.,https://lh3.googleusercontent.com/gps-cs-s/AC9h4nqJWByXyz3g35kn_WRj7s4_AE6gKekXkI1cYt4qK6oj_yRAewz7IuGYMYSXhElaVa0AB-DsAcPHNs33SF9hpLxAip_qFi0MtiIJjIT3vKX-Qg6Dlc5lFW6r0ovz7N_9=w122-h92-k-no,"""The staff is so nice, the facility is clean and the simulators are awesome.""",https://ssl.gstatic.com/local/servicebusiness/default_user.png
https://www.google.ca/maps/place/X-Golf+Easton/data=!4m7!3m6!1s0x89c46bc8f3716f5b:0x777f88d262f0d7ee!8m2!3d40.6846163!4d-75.2538936!16s%2Fg%2F11lkt7fgkt!19sChIJW29x88hrxIkR7tfwYtKIf3c?authuser=0&hl=en&rclk=1,X-Golf Easton,4.4,-74,Indoor golf course,·,,·,80 Kunkle Dr,Open,⋅ Closes 11 p.m.,https://lh3.googleusercontent.com/p/AF1QipO-oswaN_gKDm_aslr2aA1tJiBMVxMyQ7ALFIoA=w137-h92-k-no,Dine-in,
"https://www.google.ca/maps/place/The+Back+Nine+Golf+%7C+Pompton+Plains,+NJ/data=!4m7!3m6!1s0x89c303676ba0221d:0xdbcc72009d7ce257!8m2!3d40.9697173!4d-74.2853512!16s%2Fg%2F11w824rhbc!19sChIJHSKga2cDw4kRV-J8nQByzNs?authuser=0&hl=en&rclk=1","The Back Nine Golf | Pompton Plains, NJ",5,-23,Indoor golf course,·,,·,566 NJ-23,Open,⋅ Closes 9 p.m.,https://lh3.googleusercontent.com/p/AF1QipOzPdA7GkVWeM1ZrmUuMQnYQmBAPXb18NiE0zWk=w138-h92-k-no,Onsite services,
https://www.google.ca/maps/place/Konnectgolf/data=!4m7!3m6!1s0x89c258fef4c3ffff:0x288658997c0c5774!8m2!3d40.7571637!4d-73.9786641!16s%2Fg%2F11f519y7hl!19sChIJ___D9P5YwokRdFcMfJlYhig?authuser=0&hl=en&rclk=1,Konnectgolf,4.9,-109,Indoor golf course,·,,·,590 5th Ave Floor 2,Open,⋅ Closes 5 p.m.,https://lh3.googleusercontent.com/p/AF1QipMs9ck017_IQcj1SEp0wHmyqwm5Ylr1RIsuUK7o=w105-h92-k-no,"""Good food and drinks, big putting green, and a great simulator experience.""",https://ssl.gstatic.com/local/servicebusiness/default_user.png
https://www.google.ca/maps/place/Millburn+Indoor+Golf+Club/data=!4m7!3m6!1s0x89c3ad00309f6abd:0x43a5cae0ee254c4f!8m2!3d40.7231354!4d-74.3093755!16s%2Fg%2F11y5vnb8jd!19sChIJvWqfMACtw4kRT0wl7uDKpUM?authuser=0&hl=en&rclk=1,Millburn Indoor Golf Club,5,-9,Indoor golf course,·,,·,378 Millburn Ave,Open 24 hours,,https://lh3.googleusercontent.com/p/AF1QipNvHbPEC9qIg_k58806N-kwaA0d6keFJvwMCv7q=w80-h106-k-no,"""Huge amount of courses to choose from within the simulator.""",https://ssl.gstatic.com/local/servicebusiness/default_user.png
https://www.google.ca/maps/place/Cranford+Golf+Studio/data=!4m7!3m6!1s0x89c3b3625117cc2d:0xd57495dac90c9872!8m2!3d40.6556843!4d-74.3054758!16s%2Fg%2F11v_194nzl!19sChIJLcwXUWKzw4kRcpgMydqVdNU?authuser=0&hl=en&rclk=1,Cranford Golf Studio,5,-11,Indoor golf course,·,,·,15 Eastman St,Open,⋅ Closes 11 p.m.,https://lh3.googleusercontent.com/gps-cs-s/AC9h4nrJEonLTWGHm5GfpIoGQjg3eDdjivt3tqWOdUVMZuyDoRWTdoz5fV4DjXYwG05CCLw6yhePOPTMtqihGNwQM5lP2xfHlBB_O85hFVNjktPM0itATR4wyA2aE3coa_zl2dEeWPa8=w80-h106-k-no,"""Amazing space, high end technology and a fun atmosphere.""",https://ssl.gstatic.com/local/servicebusiness/default_user.png
https://www.google.ca/maps/place/Five+Iron+Golf/data=!4m7!3m6!1s0x89c259bf528f3d2d:0x509203fbc8329acd!8m2!3d40.7839425!4d-73.9499197!16s%2Fg%2F11tx0_jd0_!19sChIJLT2PUr9ZwokRzZoyyPsDklA?authuser=0&hl=en&rclk=1,Five Iron Golf,5,-222,Indoor golf course,·,,·,1681 3rd Ave,Open,⋅ Closes 1 a.m.,https://lh3.googleusercontent.com/gps-cs-s/AC9h4noNVgu_9YxB5Wez9jBiwRkRKyIiZ2PpfQjx8oiAvdJdI-egdcAqjeVNbqG2FIYU_28gNywIo1PwEHDiyJv9CQPU-Zmkrlwm6RpaoObpNhTf7QgNn0D5bNKLZSQTsrtnO2K5ifozgg=w80-h106-k-no,Onsite services,
https://www.google.ca/maps/place/The+Hack+Shack/data=!4m7!3m6!1s0x89c259a7483198c9:0xa913f4f3bb6b7cd3!8m2!3d40.7530233!4d-73.986164!16s%2Fg%2F1t_wq86n!19sChIJyZgxSKdZwokR03xru_P0E6k?authuser=0&hl=en&rclk=1,The Hack Shack,4.7,-73,Indoor golf course,·,,·,108 W 39th St Suite #310,Open,⋅ Closes 11 p.m.,https://lh3.googleusercontent.com/p/AF1QipM0sdJ0HRF2TrR5KRpxdZGHOKR7Ty171dmO4hPk=w80-h120-k-no,"""Friendly staff, great club selection, best simulator in the city""",https://ssl.gstatic.com/local/servicebusiness/default_user.png
https://www.google.ca/maps/place/The+Greens+Golf+Lounge/data=!4m7!3m6!1s0x89c30104985455c1:0xd3afb95d70bc81a9!8m2!3d40.8427618!4d-74.2808272!16s%2Fg%2F11x1l2bp7n!19sChIJwVVUmAQBw4kRqYG8cF25r9M?authuser=0&hl=en&rclk=1,The Greens Golf Lounge,5,-16,Indoor golf course,·,,·,459 Bloomfield Ave,Open,⋅ Closes 10 p.m.,https://lh3.googleusercontent.com/p/AF1QipP7rRMEKdznptpOxBcSbQ8wVuThHoI2PWU6GZt0=w80-h142-k-no,"""$50/hr for a bay (up to 4 people).""",https://ssl.gstatic.com/local/servicebusiness/default_user.png
https://www.google.ca/maps/place/Golf+Paradise+Club/data=!4m7!3m6!1s0x89c3014b02b79827:0x5fa41ecfa1fb7d11!8m2!3d40.8349373!4d-74.2251461!16s%2Fg%2F11w9g8k8wr!19sChIJJ5i3AksBw4kREX37oc8epF8?authuser=0&hl=en&rclk=1,Golf Paradise Club,4.9,-47,Indoor golf course,·,,·,311 Pompton Ave,Open,⋅ Closes 12 a.m.,https://lh3.googleusercontent.com/gps-cs-s/AC9h4nrG-Huoc4Gnsg6FcIlc-1H7Mp0VECaWBC6mEYy6YxXNfRQ6miR5JiBmqSlWyDXUvTqb4y3obtwuBEP0PtzZXYEoMLmhD3IpBFkBtsk3PlBjpij5IAOuQO6LOeaph6pl2sqflKA=w80-h106-k-no,"""Great vibe, nice staff, and good simulators from Golfzon""",https://ssl.gstatic.com/local/servicebusiness/default_user.png
https://www.google.ca/maps/place/Bergen+Golf+Zone/data=!4m7!3m6!1s0x89c2e16acbe0b2ad:0x4d19334d6b81fdf7!8m2!3d41.074528!4d-74.140267!16s%2Fg%2F11wp7_q8z2!19sChIJrbLgy2rhwokR9_2Ba00zGU0?authuser=0&hl=en&rclk=1,Bergen Golf Zone,5,-4,Indoor golf course,·,,50 Spring St,,Open,⋅ Closes 10 p.m.,https://lh3.googleusercontent.com/gps-cs-s/AC9h4nrdfxZRNtqQ2URY7JriCR3d20aVFbrGhXEVKMleMUKob6Mr6u8SH_vva92MOBKAYME-HjXGTqYzWWJvUIIXTRUnNPzQm9M6RvbLpSxdTMVLLK3ImLMiq9h7Px2I5KcUt_YAvzu_ZQ=w122-h92-k-no,"""Even as a beginner I had a blast hitting on the simulator!""",https://ssl.gstatic.com/local/servicebusiness/default_user.png
https://www.google.ca/maps/place/Go+Low+Indoor+Golf/data=!4m7!3m6!1s0x89c2fb933963d855:0x92d5c8fe7d4accea!8m2!3d40.9491208!4d-74.0676481!16s%2Fg%2F11ll1p1b3s!19sChIJVdhjOZP7wokR6sxKff7I1ZI?authuser=0&hl=en&rclk=1,Go Low Indoor Golf,5,-32,Indoor golf course,·,,·,49 E Midland Ave,Open,⋅ Closes 11 p.m.,https://lh3.googleusercontent.com/gps-cs-s/AC9h4npq8PNlL1B5ol_5ZNl7e63sclPw3FwsQ3CpOfJBBMTp_ePHxL-bzhSDibRLZJ0HHU-Q4pKzvUdqNiuKnTZc_GOkeT-PcKnFvOx30hGoNbsqo87PKeGp5S8sk4awd2tKQQMJE8jh=w80-h106-k-no,Onsite services,
https://www.google.ca/maps/place/Greens+Indoor+Golf+%26+Cafe/data=!4m7!3m6!1s0x89c3ac44fa09563f:0xfa88415cb0e68654!8m2!3d40.7305699!4d-74.2791399!16s%2Fg%2F11cjnpl7z1!19sChIJP1YJ-kSsw4kRVIbmsFxBiPo?authuser=0&hl=en&rclk=1,Greens Indoor Golf & Cafe,4.6,-38,Indoor golf course,·,,·,97 Baker St,Open,⋅ Closes 11 p.m.,https://lh3.googleusercontent.com/gps-cs-s/AC9h4nq9OrWaZO2jf9FHgFBa-pZmJOfstMaKh1VdIBPOoQwDZHhxz8m_Om-vM8vNrUhqqxAOE_m24A8LYcBtY9jepgTTXBPbzsVrac49xbP8XFGTGBznRvZdgF7q0ugE2w-TRNhrulou=w80-h106-k-no,"""Greens Indoor Golf & Cafe was surprisingly really cool.""",https://ssl.gstatic.com/local/servicebusiness/default_user.png
https://www.google.ca/maps/place/The+Green+973/data=!4m7!3m6!1s0x89c36d5163c91e45:0x72d30391e16b15f7!8m2!3d41.0814457!4d-74.6534465!16s%2Fg%2F11sdn8xd6m!19sChIJRR7JY1Ftw4kR9xVr4ZED03I?authuser=0&hl=en&rclk=1,The Green 973,4.9,-188,Indoor golf course,·,,·,10 Park Lake Rd,Open,⋅ Closes 10 p.m.,https://lh3.googleusercontent.com/p/AF1QipPOkzAOegz8MTRmY12oTXqv_u7ob-NHf2aiyLsV=w92-h92-k-no,Onsite services,
https://www.google.ca/maps/place/Ready+Golf+Club/data=!4m7!3m6!1s0x89c25915a4632a33:0x73e262a5b2c81f1d!8m2!3d40.7266026!4d-73.9888109!16s%2Fg%2F11wjc0bjp7!19sChIJMypjpBVZwokRHR_IsqVi4nM?authuser=0&hl=en&rclk=1,Ready Golf Club,5,-26,Indoor golf course,·,,300 E 5th St,,Open 24 hours,,https://lh3.googleusercontent.com/p/AF1QipNtqkTbC8zA5CjDXYNSBmN-2ypujwkN654NHFx2=w122-h92-k-no,"""High quality simulators at a very reasonable price.""",https://ssl.gstatic.com/local/servicebusiness/default_user.png
https://www.google.ca/maps/place/Rodeo+Plaza+Screen+Golf/data=!4m7!3m6!1s0x89c2f7138fb1024d:0xf863c387a0fc2deb!8m2!3d40.8466504!4d-73.9992531!16s%2Fg%2F11sqw52_5_!19sChIJTQKxjxP3wokR6y38oIfDY_g?authuser=0&hl=en&rclk=1,Rodeo Plaza Screen Golf,4.2,-94,Indoor golf course,·,,·,225 Broad Ave #101,Open,⋅ Closes 12 a.m.,https://lh3.googleusercontent.com/gps-cs-s/AC9h4npsonfWedIkJZ0vT_VwRa8VZsWG_HvyGzLUWhM-ePUnMMm6jyyU5AgQJvZMEFMyCHK4aoC5xa2xBgDx2ks43yDveRGO8CwPdD6I3BY9PrCptJmxrQPeDNrOEMFOPptOnO6bSIz-YA=w80-h106-k-no,"""We had a great experience and played for 3 hours.""",https://ssl.gstatic.com/local/servicebusiness/default_user.png
https://www.google.ca/maps/place/Chatham+Indoor+Golf+Club/data=!4m7!3m6!1s0x89c3afef9b9d3367:0x53284681565e0eb7!8m2!3d40.7399133!4d-74.3757095!16s%2Fg%2F11sdbn4wjl!19sChIJZzOdm--vw4kRtw5eVoFGKFM?authuser=0&hl=en&rclk=1,Chatham Indoor Golf Club,4.3,-11,Indoor golf course,·,,·,11A Roosevelt Ave,Open,⋅ Closes 12 a.m.,https://lh3.googleusercontent.com/gps-cs-s/AC9h4nozYNb_8il4RQnGjbyUgJYkv_g5eivENF7X0yaUF36gSOf-Di__8P_gxZae1IlnSTsqe9M4VNToDeYwOLj_LxhH4-rgmDzD1cZG0IfD10GNeLTs1HUIjKrkMGM7fn6zBYRA4felcA=w122-h92-k-no,"""Two types of memberships, the full membership seems to be much better value.""",https://ssl.gstatic.com/local/servicebusiness/default_user.png
https://www.google.ca/maps/place/SSWING/data=!4m7!3m6!1s0x89c2595b7b3a5e6f:0x36efd81c7ee9e607!8m2!3d40.7547214!4d-73.9743401!16s%2Fg%2F11n_ys88n5!19sChIJb146e1tZwokRB-bpfhzY7zY?authuser=0&hl=en&rclk=1,SSWING,3.9,-35,Indoor golf course,·,,·,"245 Park Avenue, E 47th St Level Retail",Open,⋅ Closes 6 p.m.,https://lh3.googleusercontent.com/p/AF1QipNXRlfFb7bxxQST15MMPD6xz2Mp3UkL3n4sEQ6i=w122-h92-k-no,"""Fantastic facility and excellent golf instruction.""",https://ssl.gstatic.com/local/servicebusiness/default_user.png
https://www.google.ca/maps/place/Golfzon+Range+by+Leadbetter/data=!4m7!3m6!1s0x89c2f91e93ab2d3d:0x1075c28588ec9480!8m2!3d40.8558385!4d-74.0331092!16s%2Fg%2F11s8917kcn!19sChIJPS2rkx75wokRgJTsiIXCdRA?authuser=0&hl=en&rclk=1,Golfzon Range by Leadbetter,4.7,-64,Golf driving range,·,,·,260 Bergen Turnpike Unit I,Open,⋅ Closes 8 p.m.,https://lh3.googleusercontent.com/gps-cs-s/AC9h4npjSWvNilfoRIfE5jXiAp6qTSf85SgyrNwNJ_qjfam_FHgk93pYCj_JGKE5ED3ghOdd3v-UxcJb4dXB3SsQCTChHQUqH4fB_hs4vKcvd09eewEG42FrEnTUA7wcHLtW1FHH6Ywo2g=w138-h92-k-no,"""The simulators are very accurate and give great feedback.""",https://ssl.gstatic.com/local/servicebusiness/default_user.png
https://www.google.ca/maps/place/GolfCave/data=!4m7!3m6!1s0x89c3a50001bc0325:0xcef51818850709ec!8m2!3d40.6985495!4d-74.4085023!16s%2Fg%2F11wqzbh15c!19sChIJJQO8AQClw4kR7AkHhRgY9c4?authuser=0&hl=en&rclk=1,GolfCave,5,-5,Indoor golf course,·,,·,675 Central Ave # 2,Open,⋅ Closes 9 p.m.,https://lh3.googleusercontent.com/gps-cs-s/AC9h4nq4qusPtU1FWJFigmN1CrUFNV3O_Qg5SYI0OVIqgRY2lDM2EbOmcyZDn8wPWP6oWXp-qxgrK-0XEotSGbBJtaat3noZIpDeVpSLRy6G2tWNTtsc-tjk1oZ7NBLke6KcIwHTjsBzLQ=w137-h92-k-no,"""The golf setup is pristine.""",https://ssl.gstatic.com/local/servicebusiness/default_user.png
https://www.google.ca/maps/place/Brooklyn+Red+Hook+Golf/data=!4m7!3m6!1s0x89c25b98baa055b9:0xdc9ed4e636a1f1e8!8m2!3d40.6774992!4d-74.0106521!16s%2Fg%2F11l5q0yw2r!19sChIJuVWguphbwokR6PGhNubUntw?authuser=0&hl=en&rclk=1,Brooklyn Red Hook Golf,5,-1,Indoor golf course,·,,99 King St,,Closed,⋅ Opens 9 a.m. Mon,https://lh3.googleusercontent.com/gps-cs-s/AC9h4nqtlHIteI_MMFW-XQKFxntkJe2TNysKUNNjeIkggrdQ7o8_doYLamCTPOrdV8VxgvS3b7zcR5Nmr2gUD78EuDFRh7-3JPvbtCqt9kEp4EbprOU4afd9zb2FjiIa5oduHSjrcNdL=w92-h92-k-no,"""Super fun golf simulator!""",https://ssl.gstatic.com/local/servicebusiness/default_user.png
https://www.google.ca/maps/place/Powerhouse+Golf+Club/data=!4m7!3m6!1s0x89c2514e91d9df4d:0xe1b33e40d94c471a!8m2!3d40.7220044!4d-74.0394406!16s%2Fg%2F11mdprpbdz!19sChIJTd_ZkU5RwokRGkdM2UA-s-E?authuser=0&hl=en&rclk=1,Powerhouse Golf Club,,,Indoor golf course,·,,161 2nd St,,,,https://lh3.googleusercontent.com/p/AF1QipMywb-UPsiYj6XAlSH6L8zVpxQACVAeOGWgqsaA=w80-h106-k-no,,
https://www.google.ca/maps/place/Friends+Screen+Golf/data=!4m7!3m6!1s0x89c2f70176cf9243:0x3301188474e2bb80!8m2!3d40.8312063!4d-73.992874!16s%2Fg%2F11srfxz2k1!19sChIJQ5LPdgH3wokRgLvidIQYATM?authuser=0&hl=en&rclk=1,Friends Screen Golf,4,-42,Indoor golf course,·,,685 Bergen Blvd,,Open,⋅ Closes 12 a.m.,https://lh3.googleusercontent.com/gps-cs-s/AC9h4nrqtrcd4S9X7jh_gn9PGmcnIpAz2bvo18O6xNYDEeGqa-T8fzNS7Clln6iMicmAf9jRZQBYIcsa1CQg0L_Svn8xZuSzUmgJ0pe09gty4G2NF4B2vF9sMNQcaQMWmBpJs6-eBNiW=w122-h92-k-no,"""Pristine and clean facility, high ceilings and great customer service.""",https://ssl.gstatic.com/local/servicebusiness/default_user.png
https://www.google.ca/maps/place/Under+Par+NJ/data=!4m7!3m6!1s0x89c2ef1beecdc975:0xafc307e52d16071f!8m2!3d41.0169298!4d-73.9464985!16s%2Fg%2F11vx6qpqwf!19sChIJdcnN7hvvwokRHwcWLeUHw68?authuser=0&hl=en&rclk=1,Under Par NJ,4.9,-19,Indoor golf course,·,,281 Livingston St,,Open,⋅ Closes 9 p.m.,https://lh3.googleusercontent.com/p/AF1QipOheYK-SZAQatqtN0WabQotrqqnQLzEoj2s8QzI=w122-h92-k-no,"""Simulator was great, the technology was awesome and accurate.""",https://ssl.gstatic.com/local/servicebusiness/default_user.png
https://www.google.ca/maps/place/Xfit+Golf+Lab/data=!4m7!3m6!1s0x89c2f7177c3824e5:0x1a80a26a0b916149!8m2!3d40.8400126!4d-73.9810423!16s%2Fg%2F11m1mphbfn!19sChIJ5SQ4fBf3wokRSWGRC2qigBo?authuser=0&hl=en&rclk=1,Xfit Golf Lab,5,-101,Golf instructor,·,,1224 Anderson Ave #9,,Open,⋅ Closes 5 p.m.,https://lh3.googleusercontent.com/p/AF1QipNleZ5J46zypYUvglWReEPSNABdOl_CYne9F93f=w80-h106-k-no,Onsite services,
https://www.google.ca/maps/place/Swingers+NoMad/data=!4m7!3m6!1s0x89c2591e52564965:0x911c267e3b00d896!8m2!3d40.7462976!4d-73.9889315!16s%2Fg%2F11t0m4fxk6!19sChIJZUlWUh5ZwokRltgAO34mHJE?authuser=0&hl=en&rclk=1,Swingers NoMad,4.4,"-1,042",Miniature golf course,·,,35 W 29th St,,Open,⋅ Closes 1 a.m.,https://lh3.googleusercontent.com/gps-cs-s/AC9h4no01kgzdYUyjDiRyMeA1YL5NF-9qkiFeeHuA0K6hc2Zi7WgufYpWQFsXQYpffF384RcZeOzKPHh_60E-1eYcAE7TsbdoHzC93r74u553hEkll2Wx6wpjbDXa1sXFJyowOqtcgJN=w80-h142-k-no,"""Huge space with multiple",https://ssl.gstatic.com/local/servicebusiness/default_user.png
https://www.google.ca/maps/place/Golf+Ready+Academy/data=!4m7!3m6!1s0x89c2ef1e504c635b:0xdbd1f7dee15c47ec!8m2!3d40.9825885!4d-74.0147263!16s%2Fg%2F11vwzq5hzp!19sChIJW2NMUB7vwokR7Edc4d730ds?authuser=0&hl=en&rclk=1,Golf Ready Academy,5,-21,Indoor golf course,·,,·,41 Bergenline Ave,Open,⋅ Closes 7 p.m.,https://lh3.googleusercontent.com/p/AF1QipMvnKc6Ce0NiYCzjEnoVraXmDfjs92uu8YUtp9E=w80-h106-k-no,Onsite services,
https://www.google.ca/maps/place/Challenger+Bay+Indoor+Golf+%26+Sports+Bar/data=!4m7!3m6!1s0x89c2e9fd39ddf94f:0x7a181f1434bcc6f2!8m2!3d41.0939216!4d-73.9467093!16s%2Fg%2F11tg6phrsg!19sChIJT_ndOf3pwokR8sa8NBQfGHo?authuser=0&hl=en&rclk=1,Challenger Bay Indoor Golf & Sports Bar,5,-21,Indoor golf course,·,,·,306 NY-59,Open,⋅ Closes 10 p.m.,https://lh3.googleusercontent.com/p/AF1QipM5KbZ3_0aiQbT7BGU_1YMitUIpQjl5han-c2A7=w122-h92-k-no,"""The place was clean and the bays for the virtual golf were good.""",https://ssl.gstatic.com/local/servicebusiness/default_user.png
https://www.google.ca/maps/place/The+Clubhouse+%7C+Eat+%E2%80%A2+Drink+%E2%80%A2+Golf/data=!4m7!3m6!1s0x89c301221cfa1821:0xaec721eeb313bf5e!8m2!3d40.881737!4d-74.2883613!16s%2Fg%2F11cs9wspm4!19sChIJIRj6HCIBw4kRXr8Ts-4hx64?authuser=0&hl=en&rclk=1,The Clubhouse | Eat • Drink • Golf,4.8,-163,Indoor golf course,·,,·,410 US-46,Open,⋅ Closes 12 a.m.,https://lh3.googleusercontent.com/gps-cs-s/AC9h4nqIOnsT_ZZDgX8our8KBp_ifVBSRwFfSvb93S0yvcRjsNEa5Uud31bNeeYZoUeWQpqZb1-5DcOkUoJSGHYxB8cVPiFKwhiUHt6MzbOAEWq130muAEyJIje-M0Ez5oOT1x5F6NWh=w137-h92-k-no,Dine-in,
https://www.google.ca/maps/place/Tee+Time+Golf/data=!4m7!3m6!1s0x89c25911ee2cd84b:0xaf0dd59d8c56b1af!8m2!3d40.7462548!4d-73.9866105!16s%2Fg%2F11vwrbmdgp!19sChIJS9gs7hFZwokRr7FWjJ3VDa8?authuser=0&hl=en&rclk=1,Tee Time Golf,5,-10,Indoor golf course,·,,·,286 5th Ave FL8,Open,⋅ Closes 9 p.m.,https://lh3.googleusercontent.com/p/AF1QipMhqx5VwrLj2EYh2WIyqTJg7fLGMJZWaMvBBKCK=w80-h106-k-no,Onsite services,
https://www.google.ca/maps/place/Play!+Hoboken/data=!4m7!3m6!1s0x89c2575c20241a63:0x4dedd0c56a31b80c!8m2!3d40.7502593!4d-74.0331064!16s%2Fg%2F1tdfp55r!19sChIJYxokIFxXwokRDLgxasXQ7U0?authuser=0&hl=en&rclk=1,Play! Hoboken,4,-96,Indoor golf course,·,,·,1012 Grand Street FL3 FL2,Open,⋅ Closes 12 a.m.,https://lh3.googleusercontent.com/gps-cs-s/AC9h4nrvD4-jZSgtCnQzk8VWfwKTDG7X3dR4u_FPgrJshGDYcDTIfP2BanOl7VRdhqrk3hy7MGEIJUP10bojIYVb9nnmxBSLyyZe6URodN2CylAe6Sd6QwinJ2JAdNVUItSFSl8f1v0v=w122-h92-k-no,"""Amazing atmosphere, great prices, and awesome employees.""",https://ssl.gstatic.com/local/servicebusiness/default_user.png
https://www.google.ca/maps/place/Edge+Golf/data=!4m7!3m6!1s0x89c2f75f634af7a5:0x4efca9d1236fb5b6!8m2!3d40.8253147!4d-73.973807!16s%2Fg%2F11v0gmcd8z!19sChIJpfdKY1_3wokRtrVvI9Gp_E4?authuser=0&hl=en&rclk=1,Edge Golf,4.7,-59,Indoor golf course,·,,·,"US, 18 Edgewater Town Center",Open,⋅ Closes 11 p.m.,https://lh3.googleusercontent.com/gps-cs-s/AC9h4nrohUhMQuK4aSSifw8MzibqXLp7G2edaiUj9gMkNwjRn5Lnw3VIy84pZL-PcXlbDfDOb9j7kx2fJU8RkNwX8l11nIrzJ1YnwVOchXYSbo6Ux47Z-j-SmOwM2f2iK064NHYG2etiT9TX6Kg=w80-h106-k-no,"""Clean, luxurious, and stress-free atmosphere with a new golf stimulator.""",https://ssl.gstatic.com/local/servicebusiness/default_user.png
https://www.google.ca/maps/place/JS+Screen+Golf+%7C+Indoor+Golf+Lesson+%7C+%EC%8A%A4%ED%81%AC%EB%A6%B0%EA%B3%A8%ED%94%84+%EB%89%B4%EC%A0%80%EC%A7%80+%7C+Trackman+Indoor+Golf/data=!4m7!3m6!1s0x89c2ef479ef7dff1:0x9a1633c25e16de3a!8m2!3d41.0167896!4d-73.9462548!16s%2Fg%2F11h4nhmvy6!19sChIJ8d_3nkfvwokROt4WXsIzFpo?authuser=0&hl=en&rclk=1,JS Screen Golf | Indoor Golf Lesson | 스크린골프 뉴저지 | Trackman Indoor Golf,4.9,-11,Golf instructor,·,,·,283 Livingston St,Open,⋅ Closes 5 p.m.,https://lh3.googleusercontent.com/gps-cs-s/AC9h4nqT9GZxup0Oe1GWQK8CovInvh-9NBmL1-CE1bwpGQ2cVslbXQxY8an58cOGVAWPj3-AsetxdAcjkrMShsVC-AfbfgrdVG_4QvRXZ_OWR-x7adGxm_9Eq5VIc8klU6xOhu41J4mtfA=w80-h111-k-no,"""Nice indoor facility and friendly owner and staffs.""",https://ssl.gstatic.com/local/servicebusiness/default_user.png
https://www.google.ca/maps/place/Wins%27+Society+Golf/data=!4m7!3m6!1s0x89c259e155391309:0x7d4b8138857e7c93!8m2!3d40.722304!4d-73.9552499!16s%2Fg%2F11tp2j0ys9!19sChIJCRM5VeFZwokRk3x-hTiBS30?authuser=0&hl=en&rclk=1,Wins' Society Golf,4.5,-8,Indoor golf course,·,,·,8 Berry St #4,Open,⋅ Closes 11 p.m.,https://lh3.googleusercontent.com/p/AF1QipO2Send39nayKMLSVSXKPyqLFTQfI3ldQH-Q4ep=w163-h92-k-no,"""Excellent staff and a supportive and chill member community.""",https://ssl.gstatic.com/local/servicebusiness/default_user.png
https://www.google.ca/maps/place/The+Green+862/data=!4m7!3m6!1s0x89c3a9ef59ce2e33:0xf51c59b2f35725fc!8m2!3d40.8274015!4d-74.3300258!16s%2Fg%2F11wtxwy2dn!19sChIJMy7OWe-pw4kR_CVX87JZHPU?authuser=0&hl=en&rclk=1,The Green 862,4.6,-7,Indoor golf course,·,,600 Eagle Rock Ave,,Open,⋅ Closes 10 p.m.,https://lh3.googleusercontent.com/p/AF1QipOI3wXikbGMaDVnTSl6G-zV1vKZ2xAdExepEUV6=w92-h92-k-no,"""He has been  helpful teaching me how to play golf.""",https://ssl.gstatic.com/local/servicebusiness/default_user.png
https://www.google.ca/maps/place/Puttery/data=!4m7!3m6!1s0x89c25965c0721a53:0xb772a1dfc108f022!8m2!3d40.7417118!4d-74.0075088!16s%2Fg%2F11sx343klg!19sChIJUxpywGVZwokRIvAIwd-hcrc?authuser=0&hl=en&rclk=1,Puttery,4.4,-449,Indoor golf course,·,,·,446 W 14th St,Open,⋅ Closes 1 a.m.,https://lh3.googleusercontent.com/p/AF1QipMb5J_iwjBaHwHP0eIwGRTUl6L6dTDrmVEPyipB=w138-h92-k-no,No delivery,
https://www.google.ca/maps/place/The+Golf+Zone+Club+Fitting/data=!4m7!3m6!1s0x89c39c154f22369f:0x151474dd8fe8b854!8m2!3d40.8399302!4d-74.7055362!16s%2Fg%2F1tmxghbg!19sChIJnzYiTxWcw4kRVLjoj910FBU?authuser=0&hl=en&rclk=1,The Golf Zone Club Fitting,3.6,-102,Indoor golf course,·,,·,239 US-206,Open,⋅ Closes 9 p.m.,https://lh3.googleusercontent.com/p/AF1QipPjrU3StXZ61lpdzl-wqM9JZFSGEhFYUxZ-Xyus=w122-h92-k-no,"""Great fun at reasonable prices""",https://ssl.gstatic.com/local/servicebusiness/default_user.png
https://www.google.ca/maps/place/GOLFTEC+East+Hanover/data=!4m7!3m6!1s0x89c3a8f52bc0077b:0x626cc713184e023e!8m2!3d40.8090566!4d-74.3826741!16s%2Fg%2F1vljh8cn!19sChIJewfAK_Wow4kRPgJOGBPHbGI?authuser=0&hl=en&rclk=1,GOLFTEC East Hanover,4.6,-19,Golf instructor,·,,·,145 NJ-10,Open,⋅ Closes 4 p.m.,https://lh3.googleusercontent.com/p/AF1QipPnlv4tmXxr6qpbl5uXOt2S4Z8pzHHZKXswrHMN=w138-h92-k-no,"""Facilities are pretty nice and clean.""",https://ssl.gstatic.com/local/servicebusiness/default_user.png
https://www.google.ca/maps/place/The+Bunker/data=!4m7!3m6!1s0x89c3836a9d40c381:0x5f5b381bff6b9f04!8m2!3d40.83484!4d-74.8219022!16s%2Fg%2F11wtv7yqqh!19sChIJgcNAnWqDw4kRBJ9r_xs4W18?authuser=0&hl=en&rclk=1,The Bunker,,,Indoor golf course,·,,500 Schooleys Mountain Rd,,Open,⋅ Closes 12 a.m.,https://lh3.googleusercontent.com/p/AF1QipPbbGXlphi8gJHE2yuBpgUR3vlvy-57j7qkRj3K=w87-h92-k-no,,
https://www.google.ca/maps/place/The+Eagle+Club/data=!4m7!3m6!1s0x89c39bc4cf182d2f:0x9a443f08d898bec3!8m2!3d40.7838503!4d-74.6953193!16s%2Fg%2F11n0gnr3tp!19sChIJLy0Yz8Sbw4kRw76Y2Ag_RJo?authuser=0&hl=en&rclk=1,The Eagle Club,5,-12,Golf club,·,,·,125 Maple Ave,Open,⋅ Closes 10 p.m.,https://lh3.googleusercontent.com/p/AF1QipNaufqnbrLGbf6iTVex0Qc_ArUotkg13m1tiooA=w122-h92-k-no,"""Place is clean, simulator is easy to use.""",https://ssl.gstatic.com/local/servicebusiness/default_user.png
https://www.google.ca/maps/place/GOLFTEC+Englewood/data=!4m7!3m6!1s0x89c2f0d79fccf99f:0x51f2a43c8368c072!8m2!3d40.881934!4d-73.9838657!16s%2Fg%2F1tcysrvz!19sChIJn_nMn9fwwokRcsBogzyk8lE?authuser=0&hl=en&rclk=1,GOLFTEC Englewood,4.5,-22,Golf instructor,·,,·,380 Nordhoff Pl,Open,⋅ Closes 5 p.m.,https://lh3.googleusercontent.com/p/AF1QipO1bfJKv_oyW6qQexCi0RChQfYUa47C8pmv6VDP=w138-h92-k-no,Onsite services,
https://www.google.ca/maps/place/Essex+Golf+Center/data=!4m7!3m6!1s0x89c3a9ebf17deb81:0xcaf6cb392c0b2b3!8m2!3d40.8273124!4d-74.3300323!16s%2Fg%2F1tl9nhtn!19sChIJget98eupw4kRs7LAkrNsrww?authuser=0&hl=en&rclk=1,Essex Golf Center,4.1,-194,Golf driving range,·,,·,600 Eagle Rock Ave,Open,⋅ Closes 9 p.m.,https://lh3.googleusercontent.com/gps-cs-s/AC9h4nq_bNdGOd-yQrHNDpTCw9JiY5BnH7u3oALpvYQLFXhYON1o_xn8ruzSII_7UqRHCloIuTjqpD2mfbIsD7h5_FitkH-K6vHZGX24ZUFPxlDuWSnm1uvFRfP0XDHzxikZ38EfVIst=w122-h92-k-no,Onsite services,
https://www.google.ca/maps/place/The+Ryder+Cup+Room/data=!4m7!3m6!1s0x89c252f02ffd7465:0x78c7df60b847c02f!8m2!3d40.7451652!4d-74.0088118!16s%2Fg%2F1t_wq80c!19sChIJZXT9L_BSwokRL8BHuGDfx3g?authuser=0&hl=en&rclk=1,The Ryder Cup Room,3.7,-3,Indoor golf course,·,,·,Pier 59 - 18th St. & Hudson River Park,Open,⋅ Closes 12 a.m.,https://lh3.googleusercontent.com/gps-cs-s/AC9h4nqVFuavJlVLdA-D9ICnvqblbD8cd8xkwba5-HsJpkjGLmzyGNcYAt5V3pRYaHAzg-5tnBBEXYgS9qvUl1S_rZmaaET3t0Jl6iRIAQsrUPVzY6X2bfYYeZvSVppBLmBdp4FC08uX8g=w122-h92-k-no,,
https://www.google.ca/maps/place/The+Bridge+Golf+Learning+Center/data=!4m7!3m6!1s0x89c2f60e2b1e8a87:0x91f2eb8b45e08872!8m2!3d40.8014274!4d-73.947827!16s%2Fg%2F11c42fc73_!19sChIJh4oeKw72wokRcojgRYvr8pE?authuser=0&hl=en&rclk=1,The Bridge Golf Learning Center,4.3,-11,Golf instructor,·,,·,33 W 116th St,Open,⋅ Closes 4 p.m.,https://lh3.googleusercontent.com/gps-cs-s/AC9h4npKcnVsu1OemQlfXy7xboXYhu96TtLt936VbwGzSZhn6P3pxvUDeiCDYZJgKCuzHqWl_EInq5_9GhfggEKK7btje8M90Nw8HrJHIYzrvftMHasREfUq9tnxBp8moJk6BW9Yu0j9DA=w122-h92-k-no,Onsite services,
https://www.google.ca/maps/place/Chelsea+Piers+Golf+Club/data=!4m7!3m6!1s0x89c259c711842655:0x2dcbd07bd087a24b!8m2!3d40.7455355!4d-74.0087126!16s%2Fg%2F1wb8vm2n!19sChIJVSaEEcdZwokRS6KH0HvQyy0?authuser=0&hl=en&rclk=1,Chelsea Piers Golf Club,4.2,-330,Golf driving range,·,,·,59 Chelsea Piers,Open,⋅ Closes 12 a.m.,https://lh3.googleusercontent.com/p/AF1QipPA7-wxjInFpnvar8ArXYsr84e1HuT7WJtUk7rw=w138-h92-k-no,Onsite services,
https://www.google.ca/maps/place/Two+T%27s+Family+Entertainment+Center/data=!4m7!3m6!1s0x89c46eba63e279ab:0x142fc9feb59f738f!8m2!3d40.7398547!4d-75.2369684!16s%2Fg%2F1tt8d6d7!19sChIJq3niY7puxIkRj3Oftf7JLxQ?authuser=0&hl=en&rclk=1,Two T's Family Entertainment Center,4.5,-822,Miniature golf course,·,,·,3521 Sullivan Trail,Open,⋅ Closes 8 p.m.,https://lh3.googleusercontent.com/gps-cs-s/AC9h4nq82igN9nvDWY3cR1-sHlprWgrgrUDitcCyrkOoMEWX47TEHQBqe7lMIM5dEaBC_jblLmtrDO-NZoHll-w2n0oKHlYCU5v6FFpxeDT86mGEWaIK_cio-HtB1Ky9inkWwM6dCmIJ=w80-h106-k-no,"""Fun spot with",https://ssl.gstatic.com/local/servicebusiness/default_user.png
https://www.google.ca/maps/place/Space+Adventure+Mini+Golf+%26+Mirror+Maze/data=!4m7!3m6!1s0x89c2e9104efb36e5:0x3c86c2f305752182!8m2!3d41.0970008!4d-73.9541217!16s%2Fg%2F11l435_z5p!19sChIJ5Tb7ThDpwokRgiF1BfPChjw?authuser=0&hl=en&rclk=1,Space Adventure Mini Golf & Mirror Maze,4.3,-142,Miniature golf course,·,,·,1000 Palisades Center Dr,Open,⋅ Closes 10 p.m.,https://lh3.googleusercontent.com/p/AF1QipONlpadllNdu1GPA__oCYhcjMv3c-RKpMJO9wMk=w80-h106-k-no,"""It's blacklight and has a space theme and the holes are well designed.""",https://ssl.gstatic.com/local/servicebusiness/default_user.png
https://www.google.ca/maps/place/Greenside+Golf+Academy+Nexus+Golf/data=!4m7!3m6!1s0x89c25a17444edf89:0x5e84bbbb1bef8a21!8m2!3d40.7133159!4d-74.0101118!16s%2Fg%2F11btmq601r!19sChIJid9ORBdawokRIYrvG7u7hF4?authuser=0&hl=en&rclk=1,Greenside Golf Academy Nexus Golf,4.9,-39,Golf instructor,·,,·,100 Church St,Open,⋅ Closes 9 p.m.,https://lh3.googleusercontent.com/gps-cs-s/AC9h4nog3ejShVM14h86feDOrKOt-1SZ_i0w5wjbtSLGVlAtcWJkzMNTQB5GKW0vQY64voTNX6J-uMzxIpTvnCoth8uURyb-CoP-OTopmXe6xndhUC56NidUHBlgnYP5baS4dXSNW53i=w138-h92-k-no,"""Never too crowded, with ample space to warm up before a lesson.""",https://ssl.gstatic.com/local/servicebusiness/default_user.png
https://www.google.ca/maps/place/Monster+Mini+Golf+Fairfield/data=!4m7!3m6!1s0x89c300d1273bb1af:0xd4a4003c0f8022f0!8m2!3d40.8730093!4d-74.3026673!16s%2Fg%2F1tf8v0ry!19sChIJr7E7J9EAw4kR8CKADzwApNQ?authuser=0&hl=en&rclk=1,Monster Mini Golf Fairfield,4.5,-711,Miniature golf course,·,,·,194 US-46,Open,⋅ Closes 10 p.m.,https://lh3.googleusercontent.com/p/AF1QipPXUROXZD1ayaW1BZvn9kaDgOvc2JJIXYKtFoNi=w138-h92-k-no,"""I like that they have mini golf as well as VR and arcade games.""",https://ssl.gstatic.com/local/servicebusiness/default_user.png
https://www.google.ca/maps/place/InHome+Golf/data=!4m7!3m6!1s0x89c257dbe92aa479:0xc2224f0a2babfcec!8m2!3d40.8066686!4d-74.1059141!16s%2Fg%2F11s2n7wxjx!19sChIJeaQq6dtXwokR7PyrKwpPIsI?authuser=0&hl=en&rclk=1,InHome Golf,5,-2,Golf course,·,,·,1000 Wall St W,Closed,⋅ Opens 8 a.m. Mon,https://lh3.googleusercontent.com/p/AF1QipNucdWYALhZ1d0xoTs0djZO1tqX5t-YK4vT9hM=w122-h92-k-no,In-store shopping,
https://www.google.ca/maps/place/Monster+Mini+Golf+Paramus/data=!4m7!3m6!1s0x89c2fadc80a4db4f:0xc45dfffa8ffb77b2!8m2!3d40.9487701!4d-74.0687029!16s%2Fg%2F1tj6vrw2!19sChIJT9ukgNz6wokRsnf7j_r_XcQ?authuser=0&hl=en&rclk=1,Monster Mini Golf Paramus,4.4,-827,Miniature golf course,·,,·,49 E Midland Ave,Open,⋅ Closes 10 p.m.,https://lh3.googleusercontent.com/p/AF1QipMbTX47w1vTCk1DwD3a_LBdsFFvs5dhyC1MdzII=w137-h92-k-no,"""Inexpensive, great mini golf course, and fun selection of arcade games!""",https://ssl.gstatic.com/local/servicebusiness/default_user.png
https://www.google.ca/maps/place/GOLFTEC+Paramus/data=!4m7!3m6!1s0x89c2fb46ceb37fe1:0xfb630e67f7c6bd4!8m2!3d40.9308609!4d-74.0713195!16s%2Fg%2F11rl4r4pq9!19sChIJ4X-zzkb7wokR1Gt8f-Ywtg8?authuser=0&hl=en&rclk=1,GOLFTEC Paramus,5,-8,Golf instructor,·,,·,141 NJ-17,Open,⋅ Closes 5 p.m.,https://lh3.googleusercontent.com/gps-cs-s/AC9h4nomDklhx4aghMYF9Pn-VRiomhKr-SrY5mHQXgdjgQywzkedlv8q7qnRcGmALtnnfyrk-WQMHUXjchsfa_PVdi5OlsWzTHu0XJh16f2F8NIZ1bGdQWfXyMTzb1FCeFOxUcGiLT1Y=w80-h106-k-no,Onsite services,
https://www.google.ca/maps/place/Willowbrook+Golf+Center/data=!4m7!3m6!1s0x89c30196f2050a11:0x96b741e3176cefb7!8m2!3d40.8932158!4d-74.2472321!16s%2Fg%2F1tfgqb4q!19sChIJEQoF8pYBw4kRt-9sF-NBt5Y?authuser=0&hl=en&rclk=1,Willowbrook Golf Center,4.2,-629,Golf driving range,·,,·,"Service Road, 366 US-46 E",Open,⋅ Closes 10 p.m.,https://lh3.googleusercontent.com/gps-cs-s/AC9h4nqmih3ifqVjgCXFpCcOa0b9WpWAL6F_pb1GnqscTYpiISc56KL4fSKMHe9wd84dPYlJnYcajPuXZmeps9mXZROrept6Qa73fXu-wBmhTk83MfUd7xc2q1wvZUoYmgq49JFFqwRp=w122-h92-k-no,"""They have a huge",https://ssl.gstatic.com/local/servicebusiness/default_user.png
https://www.google.ca/maps/place/Golf+v.2+-+Junior+Academy/data=!4m7!3m6!1s0x89c25b00d91aff6d:0x31646c3b873d75ff!8m2!3d40.6925522!4d-73.9934896!16s%2Fg%2F11t7ctn59d!19sChIJbf8a2QBbwokR_3U9hztsZDE?authuser=0&hl=en&rclk=1,Golf v.2 - Junior Academy,4.4,-14,Golf driving range,·,,·,130 Clinton St,Closed,⋅ Opens 3 p.m. Mon,https://lh3.googleusercontent.com/p/AF1QipP2qCbR5bI0BvRq_v7eH5pOi72aG1Ygj2qhn6bX=w122-h92-k-no,Onsite services,
https://www.google.ca/maps/place/Castle+Cove+Mini+Golf+%26+Arcade/data=!4m7!3m6!1s0x89c372962f00e51f:0xc5169317da287f13!8m2!3d40.9576636!4d-74.5957317!16s%2Fg%2F1tdk638z!19sChIJH-UAL5Zyw4kRE38o2heTFsU?authuser=0&hl=en&rclk=1,Castle Cove Mini Golf & Arcade,4.7,-257,Miniature golf course,·,,·,705 NJ-15 South,Open,⋅ Closes 9 p.m.,https://lh3.googleusercontent.com/gps-cs-s/AC9h4nqBbUHqsO2X_RDNHYoDRT8jDIHhnDX7QEzgc2DbASgwJyBiXZBTHGd1adIqhVGuKTzxsBt4vfOpSSwv9zPUAku8bs-f3hH5TtB5jwnTbGX5Z0wM42cPkggDaBvSN0igTDTiwHth=w122-h92-k-no,"""We had an absolute blast for 5$ in tokens and 11$ for 18 holes.""",https://ssl.gstatic.com/local/servicebusiness/default_user.png
https://www.google.ca/maps/place/OnX+Golf/data=!4m7!3m6!1s0x89c3a900520ff48b:0xb086a29d6726171c!8m2!3d40.8274015!4d-74.3300258!16s%2Fg%2F11w3s9ljmw!19sChIJi_QPUgCpw4kRHBcmZ52ihrA?authuser=0&hl=en&rclk=1,OnX Golf,3,-2,Golf course,·,,·,600 Eagle Rock Ave,Open,⋅ Closes 8 p.m.,https://lh3.googleusercontent.com/p/AF1QipOkEqYJR2TGAa1yvT0HZkINdBYIR-R-DmIrABhm=w122-h92-k-no,"""I would highly recommend him to anyone at any skill level!""",https://ssl.gstatic.com/local/servicebusiness/default_user.png
https://www.google.ca/maps/place/21+Golf+Range+Powered+by+Toptracer/data=!4m7!3m6!1s0x89c2f77325c5d3e9:0x24b481c1fe0c0e93!8m2!3d40.8453978!4d-74.0074777!16s%2Fg%2F11cff6pcq!19sChIJ6dPFJXP3wokRkw4M_sGBtCQ?authuser=0&hl=en&rclk=1,21 Golf Range Powered by Toptracer,4.5,-711,Indoor golf course,·,,·,1 US-46 W,Open,⋅ Closes 12 a.m.,https://lh3.googleusercontent.com/p/AF1QipPtC7T7afcOx1fMhUE3z4V0LGzDjBYApsbK-QZw=w122-h92-k-no,Onsite services,
https://www.google.ca/maps/place/Angry+Birds+Mini+Golf/data=!4m7!3m6!1s0x89c2f9d7b0a1dfd9:0x3d8913185f50426!8m2!3d40.8081164!4d-74.0707026!16s%2Fg%2F11qp43jpjk!19sChIJ2d-hsNf5wokRJgT1hTGR2AM?authuser=0&hl=en&rclk=1,Angry Birds Mini Golf,3.8,-183,Miniature golf course,·,,·,1 American Dream Wy,Open,⋅ Closes 10 p.m.,https://lh3.googleusercontent.com/gps-cs-s/AC9h4noIwaMW20wZ756xDmxLkCwzvhThyZ4CN1iaKN-4hN5ezGzM7PmGWPDFMu_ufvVSMcp15TnxEHKD6LNw5-NWmA2MmjAYznDmMsCM7aLxbENih1HvHXHm9iz_3MwVcN7xPYDA3x0=w80-h106-k-no,Onsite services,
https://www.google.ca/maps/place/Blacklight+Mini+Golf/data=!4m7!3m6!1s0x89c2f920460812b5:0xab88d032391b6c11!8m2!3d40.8083487!4d-74.0719641!16s%2Fg%2F11fr_30h_r!19sChIJtRIIRiD5wokREWwbOTLQiKs?authuser=0&hl=en&rclk=1,Blacklight Mini Golf,3.8,-383,Miniature golf course,·,,·,1 American Dream Wy,Open,⋅ Closes 10 p.m.,https://lh3.googleusercontent.com/gps-cs-s/AC9h4nrCz-AHHcFzZoRMi9H0NDbyVISp__kxzvVONAWkrIvFQIgAK9dWtYy6q3n2n2gnCYuFoRbv-gsdH-3zlVpfpQaGOYAaLlknco3zVB8pjM9Q64s8wfv7X7L4FH4kkYS0sQqP-44qeg=w80-h106-k-no,"""It’s pretty affordable at $20 per person, with 18 holes.""",https://ssl.gstatic.com/local/servicebusiness/default_user.png
https://www.google.ca/maps/place/DIAMOND+USA+PRO+LLC/data=!4m7!3m6!1s0x89c2ff209746e1fb:0xd5eab0a3eefbe0f5!8m2!3d40.849682!4d-74.15542!16s%2Fg%2F11x1ntmy1m!19sChIJ--FGlyD_wokR9eD77qOw6tU?authuser=0&hl=en&rclk=1,DIAMOND USA PRO LLC,,,Car accessories store,·,,61 Somerset Place,Closed,⋅ Opens 1 p.m.,,https://lh3.googleusercontent.com/p/AF1QipPnKobGrSBcrfwA2KF8r2FrdZArfY5RfVOCf6QO=w97-h111-p-k-no,,
https://www.google.ca/maps/place/DIAMOND+USA+PRO+LLC/data=!4m7!3m6!1s0x89c2ff209746e1fb:0xd5eab0a3eefbe0f5!8m2!3d40.849682!4d-74.15542!16s%2Fg%2F11x1ntmy1m!19sChIJ--FGlyD_wokR9eD77qOw6tU?authuser=0&hl=en&rclk=1,DIAMOND USA PRO LLC,,,Car accessories store,·,,61 Somerset Place,Closed,⋅ Opens 1 p.m.,,https://lh3.googleusercontent.com/p/AF1QipPnKobGrSBcrfwA2KF8r2FrdZArfY5RfVOCf6QO=w97-h111-p-k-no,,
https://www.google.ca/maps/place/Frontier+Falls+Mini+Golf/data=!4m7!3m6!1s0x89c486425d982699:0x4e049cd89a54b53a!8m2!3d41.0081863!4d-75.122673!16s%2Fg%2F11c48pbcrw!19sChIJmSaYXUKGxIkROrVUmticBE4?authuser=0&hl=en&rclk=1,Frontier Falls Mini Golf,4,-124,Miniature golf course,·,,·,5255 Buttermilk Falls Rd,Open,⋅ Closes 8 p.m.,https://lh3.googleusercontent.com/gps-cs-s/AC9h4nqF-qC8ScjzBoqgOiRNgCg_2JpDqijpxBPgcR9Pa-RjSyItighbZ4R4L3bOQ1wgoLQNlXx1dz8-OeSE4qmsm728p8UJVtTge6l--mCUdmV2-RMpOW5NVl20lYoemWkG5Hs8W2Bx=w122-h92-k-no,"""Clean, well kept, fun and sometimes challenging.""",https://ssl.gstatic.com/local/servicebusiness/default_user.png
https://www.google.ca/maps/place/Pier+25+Mini+Golf+%26+Volleyball+%28@PIER25NYC%29/data=!4m7!3m6!1s0x89c259f621699dfb:0x19b68653d385eb24!8m2!3d40.7202889!4d-74.0141308!16s%2Fg%2F11b6gnldvw!19sChIJ-51pIfZZwokRJOuF01OGthk?authuser=0&hl=en&rclk=1,Pier 25 Mini Golf & Volleyball (@PIER25NYC),4.5,-435,Miniature golf course,·,,·,225 West St,Open,⋅ Closes 9 p.m.,https://lh3.googleusercontent.com/gps-cs-s/AC9h4no7RlcKpKWrDzA-2FJdl-XtNwd8DULTQCMgwZssbwQrxsj7o3QkJWgmAJIYwTK87ZYjJwR6ujeVQWfyonAMDQ1qDeiGTnYI0ckVqgdDYjOFu_GT9zCcXt0deWQcEQSzg0cIYgqPDw=w80-h106-k-no,"""Great cheap place to play mini golf, come early so it’s not too crowded""",https://ssl.gstatic.com/local/servicebusiness/default_user.png
https://www.google.ca/maps/place/The+Golf+Studio/data=!4m7!3m6!1s0x89c3017c692ca9e1:0xbdfd03a40611c713!8m2!3d40.8821979!4d-74.2429108!16s%2Fg%2F11ltt1w_cb!19sChIJ4aksaXwBw4kRE8cRBqQD_b0?authuser=0&hl=en&rclk=1,The Golf Studio,,,Indoor golf course,·,,178 Newark Pompton Turnpike,,,,https://streetviewpixels-pa.googleapis.com/v1/thumbnail?panoid=KOV6UqK5tXteThW3uf0Rsw&cb_client=search.gws-prod.gps&w=80&h=92&yaw=158.70432&pitch=0&thumbfov=100,,
https://www.google.ca/maps/place/NEXUS+Golf+Club/data=!4m7!3m6!1s0x89c25ba046136669:0x5993428c1018d738!8m2!3d40.7133174!4d-74.0101115!16s%2Fg%2F11lyjlczsp!19sChIJaWYTRqBbwokRONcYEIxCk1k?authuser=0&hl=en&rclk=1,NEXUS Golf Club,5,-5,Private golf course,·,,100 Church St Basement,,Open,⋅ Closes 11 p.m.,https://lh3.googleusercontent.com/gps-cs-s/AC9h4nqz1lTqE8IPtvf3sH-aPhLlrVb3fJz2NxQPFfQjacDJn2j66-o--hVrBuJIdb1QTXUXRao-hztS_lJywEkMndfN4vOKJDhW2xea1t6PxvrYCnQ2ayJVDWtQGTVzjDL0POjpS-tp=w80-h142-k-no,"""Collin is an excellent instructor and runs a tight ship at the club.""",https://ssl.gstatic.com/local/servicebusiness/default_user.png
https://www.google.ca/maps/place/Cart+Path+Only+Golf+%26+Sport+Club/data=!4m7!3m6!1s0x89c2536e9763a1c3:0x221c5ce80f3bc877!8m2!3d40.7363776!4d-74.1544637!16s%2Fg%2F11ldxxrh27!19sChIJw6Fjl25TwokRd8g7D-hcHCI?authuser=0&hl=en&rclk=1,Cart Path Only Golf & Sport Club,5,-7,Golf driving range,·,,1100 Frank E Rodgers Blvd S,,Open,⋅ Closes 10 p.m.,https://lh3.googleusercontent.com/gps-cs-s/AC9h4no2P0woVvt_q6x-JME6uJ18GoKvQqovWzQs_sCDugujzBvTMZCnel6fewgJQ1QNjmQSeronrFDcjubHP9nsZhFrD9kC6GSeDafHtx4-ByaG-wZk6YsBPjSdj7k7EWVTiimBxZQ=w80-h106-k-no,Onsite services,
https://www.google.ca/maps/place/Lake+Hopatcong+Golf+Club/data=!4m7!3m6!1s0x89c3748de8959cd3:0xee70fd2848c62541!8m2!3d40.9477947!4d-74.62983!16s%2Fg%2F11b66cgkpz!19sChIJ05yV6I10w4kRQSXGSCj9cO4?authuser=0&hl=en&rclk=1,Lake Hopatcong Golf Club,4.8,-88,Miniature golf course,·,,·,37 Nolans Point Park Rd,Open,⋅ Closes 8 p.m.,https://lh3.googleusercontent.com/gps-cs-s/AC9h4nrgaBBi83si0Kuuuz36JgkqNEkGT17HT5b1RLfrNTyRMaoBe7VqLGat1NI0BdESgjgqsgdWXKexep4YoQKxbl_tqsCu7N5tBi3e9VHdIOOIQw7pa2e5Z2BAx3IXtUOBe04jdslN=w122-h92-k-no,"""The actual",https://ssl.gstatic.com/local/servicebusiness/default_user.png
https://www.google.ca/maps/place/Golf+Lessons+NYC/data=!4m7!3m6!1s0x89c259b24c9cbaf7:0x25d087ed6804fc51!8m2!3d40.7530233!4d-73.986164!16s%2Fg%2F12hst79cm!19sChIJ97qcTLJZwokRUfwEaO2H0CU?authuser=0&hl=en&rclk=1,Golf Lessons NYC,5,-67,Golf instructor,·,,108 W 39th St Suite #310,,Open,⋅ Closes 9 p.m.,https://lh3.googleusercontent.com/p/AF1QipObEyDtQw--4fykOypL_gx7azSxittif-2vuGm4=w80-h106-k-no,"""A must do for beginners and experienced players alike.""",https://ssl.gstatic.com/local/servicebusiness/default_user.png
https://www.google.ca/maps/place/Kate+Tempesta%27s+Urban+Golf+Academy/data=!4m7!3m6!1s0x89c2589c97b40001:0xce86f5bee37e2713!8m2!3d40.7885245!4d-73.9696647!16s%2Fg%2F11fct7csfp!19sChIJAQC0l5xYwokREyd-4771hs4?authuser=0&hl=en&rclk=1,Kate Tempesta's Urban Golf Academy,,,Golf club,·,,·,50 W 90th St,Open,⋅ Closes 7 p.m.,https://streetviewpixels-pa.googleapis.com/v1/thumbnail?panoid=fIvLzZEDpvVqpbq8bmnt-A&cb_client=search.gws-prod.gps&w=80&h=92&yaw=218.99976&pitch=0&thumbfov=100,,
https://www.google.ca/maps/place/Golf+23+Driving+Range/data=!4m7!3m6!1s0x89c3030dc9cf0521:0x7409d171f8494ee!8m2!3d40.9641523!4d-74.2834608!16s%2Fg%2F1thl1t3h!19sChIJIQXPyQ0Dw4kR7pSEHxedQAc?authuser=0&hl=en&rclk=1,Golf 23 Driving Range,4.3,-247,Golf driving range,·,,·,410 NJ-23,Open,⋅ Closes 10 p.m.,https://lh3.googleusercontent.com/gps-cs-s/AC9h4nqovSIciTTitfIjQRdPTKvRGE0rf1xCFTGU6T-eP-cPCzxqw-gpgSbcf5q3uhgqwrHoSHoK14Ynwf5CMU86YsCIojgKk4oS6Ay9rTLMZIf5u92E7bZ_t1zL-eBJE7Nfc3v9HdQnqA=w80-h142-k-no,"""$3 for an hour of fun is a very impressive cash to smiles ratio.""",https://ssl.gstatic.com/local/servicebusiness/default_user.png
https://www.google.ca/maps/place/Clubhouse+Golf+Center+%26+Grille/data=!4m7!3m6!1s0x89c39fb0a9459e29:0x5d134af9823b7e62!8m2!3d40.8607122!4d-74.6275017!16s%2Fg%2F1tj5rp46!19sChIJKZ5FqbCfw4kRYn47gvlKE10?authuser=0&hl=en&rclk=1,Clubhouse Golf Center & Grille,4.4,-142,Golf course,·,,·,1594 NJ-10,Open,⋅ Closes 8 p.m.,https://lh3.googleusercontent.com/gps-cs-s/AC9h4nphrFUcTYErQN14S11bEujprAKsN-ji6Bu3DOngnYavqGhxLnTCobXy3RsrObJzrBVrslNhAA6pZM1y_SX5ox_iLVycRD71QIQ28TLoEfDx0DGnoRRVQj8fVeffWSXNg4twKKSz=w92-h92-k-no,In-store shopping,
https://www.google.ca/maps/place/True+Spec+Golf+-+NYC+Grand+Central/data=!4m7!3m6!1s0x89c259519c199141:0x80604d0051a98360!8m2!3d40.7537444!4d-73.9783829!16s%2Fg%2F11vdfjjt0h!19sChIJQZEZnFFZwokRYIOpUQBNYIA?authuser=0&hl=en&rclk=1,True Spec Golf - NYC Grand Central,5,-45,Golf instructor,·,,·,335 Madison Ave,Closed,⋅ Opens 9 a.m. Mon,https://lh3.googleusercontent.com/p/AF1QipNnF4QEIAyo_mqDazm1bwBeb-4o_mIytqYA1H_J=w91-h92-k-no,"""if you are a golfer this is the only place to go for clubs.""",https://ssl.gstatic.com/local/servicebusiness/default_user.png
https://www.google.ca/maps/place/Evan+Cather+-+Upper+East+Side+Golf+Lessons+-+Randalls+Island+Location/data=!4m7!3m6!1s0x89c2f5270a621557:0xdc99b5fe8f4507c4!8m2!3d40.792899!4d-73.9191158!16s%2Fg%2F11g1q7g2gl!19sChIJVxViCif1wokRxAdFj_61mdw?authuser=0&hl=en&rclk=1,Evan Cather - Upper East Side Golf Lessons - Randalls Island Location,5,-21,Golf instructor,·,,·,1 Randalls Is,Open 24 hours,,https://lh3.googleusercontent.com/p/AF1QipPHHGmeQipBMQu3KKwAZxw8PfzFZQCvFMp4174X=w80-h106-k-no,"""I took three lessons and improved my iron game.""",https://ssl.gstatic.com/local/servicebusiness/default_user.png
https://www.google.ca/maps/place/Anchor+Golf+Center+powered+by+Toptracer/data=!4m7!3m6!1s0x89c3a862a9cc830f:0xd888ca044ddc7510!8m2!3d40.8124434!4d-74.3958388!16s%2Fg%2F1tfpqmqp!19sChIJD4PMqWKow4kREHXcTQTKiNg?authuser=0&hl=en&rclk=1,Anchor Golf Center powered by Toptracer,3.7,-159,Golf driving range,·,,·,21 NJ-10,Open,⋅ Closes 10 p.m.,https://lh3.googleusercontent.com/p/AF1QipPSWj-43jxW_elCiHVBKunhg0IjAayBIh_nKUqf=w80-h93-k-no,"""Fun layout",https://ssl.gstatic.com/local/servicebusiness/default_user.png
https://www.google.ca/maps/place/THE+CRAZY+GOLF+CLUB/data=!4m7!3m6!1s0x89c259af54cc61ad:0xbae3c9982006c66e!8m2!3d40.7462607!4d-73.9888918!16s%2Fg%2F11tk8kpdlp!19sChIJrWHMVK9ZwokRbsYGIJjJ47o?authuser=0&hl=en&rclk=1,THE CRAZY GOLF CLUB,4.2,-5,Sports club,·,,·,31 W 29th St,,,https://lh3.googleusercontent.com/gps-cs-s/AC9h4noBEgqDOhdHak15nFG9DX7T2tgXSbCTVf299-1QGiI3lLvrBh8lFjGjbFjElHkeSeMt1J0o0Kpsa0rjImxqeQgeEZic_ezqnjvp-y2m4uJJeYnSESB3LlJY27zfFgQzcRJd8UNa=w122-h92-k-no,"""It is so well decorated and has different courses that they will assign you.""",https://ssl.gstatic.com/local/servicebusiness/default_user.png
https://www.google.ca/maps/place/Closter+Golf+Center/data=!4m7!3m6!1s0x89c2ee6ba1ab0ff3:0xa1743790be79c154!8m2!3d40.9710266!4d-73.9547224!16s%2Fg%2F1vg6vnws!19sChIJ8w-roWvuwokRVMF5vpA3dKE?authuser=0&hl=en&rclk=1,Closter Golf Center,4.1,-360,Golf course,·,,·,153 Homans Ave,Open,⋅ Closes 10 p.m.,https://lh3.googleusercontent.com/gps-cs-s/AC9h4nowCD5dNGEu5zfkGq1fjvyouYFYrU_TuGsq6DJTtExeoIfpOFrlOoKHtBIgdcTHNIywhWLeuIrZ-Zui45mi7vq2UQCPqypeQMfTkNvOQJZ7ftTyUGHTqw8gzGtgrd8IVQc7vFRkNg=w163-h92-k-no,"""Very good place for",https://ssl.gstatic.com/local/servicebusiness/default_user.png
https://www.google.ca/maps/place/Core+Golf+Performance+Lab/data=!4m7!3m6!1s0x89c31d3e8bfc7547:0xec0ee8187dfba08c!8m2!3d40.9939963!4d-74.2129853!16s%2Fg%2F11c1s8p8xx!19sChIJR3X8iz4dw4kRjKD7fRjoDuw?authuser=0&hl=en&rclk=1,Core Golf Performance Lab,4.9,-83,Golf instructor,·,,·,808 High Mountain Rd,Open,⋅ Closes 5 p.m.,https://lh3.googleusercontent.com/p/AF1QipOf7HUevYX9Is-7z1xGQaWkdOM87y6qVJI3CWCr=w122-h92-k-no,"""The space is very clean and sanitized quickly after each use.""",https://ssl.gstatic.com/local/servicebusiness/default_user.png
https://www.google.ca/maps/place/T-Squared+Social/data=!4m7!3m6!1s0x89c2591989976e53:0xa5b127935c6fd15a!8m2!3d40.7533482!4d-73.9798543!16s%2Fg%2F11vc_l_d_j!19sChIJU26XiRlZwokRWtFvXJMnsaU?authuser=0&hl=en&rclk=1,T-Squared Social,4.3,-285,Bar,·,,7 E 42nd St,,Open,⋅ Closes 10 p.m.,https://lh3.googleusercontent.com/gps-cs-s/AC9h4nof-HjiVlEVvuDZd5cRJDsMgGbrnIqim0-M7d6nljAVOdqpT54RFQQ1qLMrDyLFrVb_N784yNtxKMS7shvghMyYHmiFO17xVx-olClh2mJUHirI3z05sQC7wWOPDx3vGa9_pWu5=w80-h106-k-no,"""They have a",https://ssl.gstatic.com/local/servicebusiness/default_user.png
https://www.google.ca/maps/place/Tappan+Golf+Center/data=!4m7!3m6!1s0x89c2eeaeb70870b9:0x2bccf1cc596a14ed!8m2!3d41.0336619!4d-73.9462617!16s%2Fg%2F1tqg1822!19sChIJuXAIt67uwokR7RRqWczxzCs?authuser=0&hl=en&rclk=1,Tappan Golf Center,4,-471,Golf driving range,·,,·,116 NY-303,Open,⋅ Closes 9:30 p.m.,https://lh3.googleusercontent.com/gps-cs-s/AC9h4noh5vV_DfAYoLkMfIi6Fi8YKQ0uZ0BB93OujspeQ4SllxCQx0vRdPHT6OvGdRtyl_ejhHnG4sJkRv0PVxsNxvrQJRjn7FU12NelKyys3lZY4K_-TyVE_nbb_RvfWyAsPfXUkSKe=w92-h92-k-no,"""",https://ssl.gstatic.com/local/servicebusiness/default_user.png
https://www.google.ca/maps/place/Cascades+Golf+Club/data=!4m7!3m6!1s0x89c31508eb1e2b33:0x926bb71d9aafd53a!8m2!3d41.1593429!4d-74.5516703!16s%2Fg%2F1pp2x7zfg!19sChIJMyse6wgVw4kROtWvmh23a5I?authuser=0&hl=en&rclk=1,Cascades Golf Club,4.4,-74,Golf course,·,,·,1 Wild Turkey Way,,,https://lh3.googleusercontent.com/p/AF1QipMIUhQROSUF_k515lZmWULy-auKjHZOcOZ-k1sb=w137-h92-k-no,"""Course is fairly challenging and the layout is good.""",https://ssl.gstatic.com/local/servicebusiness/default_user.png
https://www.google.ca/maps/place/Eric+Simon+-+Golf+Professional/data=!4m7!3m6!1s0x89c2ff51bc9104ed:0xe148758cb2a4d6ae!8m2!3d40.925844!4d-74.3917234!16s%2Fg%2F11w3x20cdr!19sChIJ7QSRvFH_wokRrtaksox1SOE?authuser=0&hl=en&rclk=1,Eric Simon - Golf Professional,5,-15,Golf instructor,,,,,Open,⋅ Closes 6 p.m.,https://lh3.googleusercontent.com/p/AF1QipN8crRgrHMQuNAbw5gfPeNfyBIXQ-eCJai2Qnv9=w80-h106-k-no,Online classes,
https://www.google.ca/maps/place/Lawn+Club/data=!4m7!3m6!1s0x89c25b73091b2e37:0xd32f92986c99fe7e!8m2!3d40.7064675!4d-74.0030615!16s%2Fg%2F11ty86s7lj!19sChIJNy4bCXNbwokRfv6ZbJiSL9M?authuser=0&hl=en&rclk=1,Lawn Club,4.3,-121,Bar,·,,·,1 Fulton St,Open,⋅ Closes 1 a.m.,https://lh3.googleusercontent.com/p/AF1QipNfIPlPBthiIwW9hdBLdHL8LMH3snCe3amL5FDW=w138-h92-k-no,Dine-in,
"https://www.google.ca/maps/place/The+Patriot+Lounge+%7C+Bar+%26+Grille+-+Golf+Simulators,+Axe+Throwing+%26+Events/data=!4m7!3m6!1s0x89c2dbf8e813a63d:0x33e0ecc9b82c12a8!8m2!3d41.2245527!4d-74.0309303!16s%2Fg%2F11qbj31889!19sChIJPaYT6PjbwokRqBIsuMns4DM?authuser=0&hl=en&rclk=1","The Patriot Lounge | Bar & Grille - Golf Simulators, Axe Throwing & Events",4.7,-49,Indoor golf course,·,,·,19 Club House Ln,Open,⋅ Closes 12 a.m.,https://lh3.googleusercontent.com/gps-cs-s/AC9h4nqKEvgc4oghhTQTPZ__fj9GgzE_pPE6H06PXi4tp4dfqfXQxwIeEjEEEAsDhztCFxMaPHa49LCc1CdorHjmZjfD-9DhtiJmcDAgTfW29RCAslc324EUELUiiiGju6nl30pPp9dr=w80-h106-k-no,Dine-in,
https://www.google.ca/maps/place/Farmview+Golf+Center/data=!4m7!3m6!1s0x89c383775a241ec3:0xedd1b79b66156643!8m2!3d40.8428344!4d-74.8188601!16s%2Fg%2F1v5k3zbz!19sChIJwx4kWneDw4kRQ2YVZpu30e0?authuser=0&hl=en&rclk=1,Farmview Golf Center,4.6,-181,Miniature golf course,·,,·,15 East Ave,Open,⋅ Closes 8 p.m.,https://lh3.googleusercontent.com/gps-cs-s/AC9h4npUsaE5LRGEWy6D0iD4gvNS83d3ynlhYPycEBEQbIT2w1UG9vu-CKuIPedMpH17my4l6TVvtICTCXXTQmvToGutGvdFuVgX8szem8F2sMRR6ou_d2m-H_GquWkHjIpXmPMi70l9=w122-h92-k-no,"""Very nice and clean",https://ssl.gstatic.com/local/servicebusiness/default_user.png
https://www.google.ca/maps/place/19th+Hole+Wine+and+Whiskey+Bar/data=!4m7!3m6!1s0x89c39d914a707e11:0x62b26452132de471!8m2!3d40.8404055!4d-74.7081923!16s%2Fg%2F11v0x6pz3c!19sChIJEX5wSpGdw4kRceQtE1JksmI?authuser=0&hl=en&rclk=1,19th Hole Wine and Whiskey Bar,4.2,-14,Indoor golf course,·,,·,240 US-206 Suite 2a,Open,⋅ Closes 11 p.m.,https://lh3.googleusercontent.com/p/AF1QipOZNsyWG2AFqsqpFnSNVOhKw9Pg2qrpdBqso_nc=w122-h92-k-no,Dine-in,
https://www.google.ca/maps/place/Mike+Doyle+Golf/data=!4m7!3m6!1s0x89c259aa0c308bab:0x32d2cd13feaf085!8m2!3d40.7390301!4d-73.9917847!16s%2Fg%2F11c523k8w8!19sChIJq4swDKpZwokRhfDqP9EsLQM?authuser=0&hl=en&rclk=1,Mike Doyle Golf,,,Golf instructor,·,,138 5th Ave,,Open,⋅ Closes 10 p.m.,https://streetviewpixels-pa.googleapis.com/v1/thumbnail?panoid=gI30feOBydoG-tCL8mRDCA&cb_client=search.gws-prod.gps&w=80&h=92&yaw=294.41388&pitch=0&thumbfov=100,,
https://www.google.ca/maps/place/Mt+Freedom+Golf/data=!4m7!3m6!1s0x89c3a1d0f396e297:0x1a09b3a88923214c!8m2!3d40.828289!4d-74.5836334!16s%2Fg%2F1td7p7t4!19sChIJl-KW89Chw4kRTCEjiaizCRo?authuser=0&hl=en&rclk=1,Mt Freedom Golf,4,-138,Golf driving range,·,,·,1275 Sussex Turnpike,Open,⋅ Closes 9 p.m.,https://lh3.googleusercontent.com/gps-cs-s/AC9h4nqqObJq8j3Bw2JkUs26Ga08B9OMLUsn6UNJognUj7LqmtMbOsl4iyCl4tKk7OlbwdIQgUGh-1j3XnL9C23pH9Bbw7xYMBSny6GPBUw6G_y5WF4dlgydPG9LEBV1bmXBbEMsGKk=w163-h92-k-no,"""This place has a",https://ssl.gstatic.com/local/servicebusiness/default_user.png
https://www.google.ca/maps/place/Castlegate+Restaurant+%26+Mini+Golf/data=!4m7!3m6!1s0x89c46df481ed0c0b:0x23543d3f44de2a07!8m2!3d40.6999845!4d-75.1598756!16s%2Fg%2F113fnxtk2!19sChIJCwztgfRtxIkRByreRD89VCM?authuser=0&hl=en&rclk=1,Castlegate Restaurant & Mini Golf,4.2,-298,Miniature golf course,·,,·,67 NJ-57,Open,⋅ Closes 9 p.m.,https://lh3.googleusercontent.com/gps-cs-s/AC9h4nqYoCDbjQDM3z8m30nx1-Ww2M98RYWC5n9vVK7nMq0cKepVZWhvWcl1h94qq49Be8LeUAGRUlpQ9EhC5TR_4FUPx4qq9FbYDmMnF69Ae2-hWOQAZuVhCWu_RnzppAX35EyOPSIYeA=w163-h92-k-no,"""The mini-golf was fun, and the ice cream was absolutely delicious.""",https://ssl.gstatic.com/local/servicebusiness/default_user.png
https://www.google.ca/maps/place/Jon+Manos+Golf+Academy/data=!4m7!3m6!1s0x89c2ee6ba1ab0ff3:0x60136b98704188c0!8m2!3d40.9710035!4d-73.9546608!16s%2Fg%2F1tjdmp5c!19sChIJ8w-roWvuwokRwIhBcJhrE2A?authuser=0&hl=en&rclk=1,Jon Manos Golf Academy,4.9,-39,Golf instructor,·,,"Closter Miniature Golf, 153 Homans Ave",,,,https://streetviewpixels-pa.googleapis.com/v1/thumbnail?panoid=FFePUWU1uFbpc5JPf2k1Lg&cb_client=search.gws-prod.gps&w=80&h=92&yaw=43.283176&pitch=0&thumbfov=100,"""Prepare to Tee up to a lower handicap with Jon on your side.""",https://ssl.gstatic.com/local/servicebusiness/default_user.png
https://www.google.ca/maps/place/Paramus+Mini+Golf/data=!4m7!3m6!1s0x89c2fb1639f9f287:0xa9c1d3aba7ff99ed!8m2!3d40.946901!4d-74.0927363!16s%2Fg%2F11fx7w9mkf!19sChIJh_L5ORb7wokR7Zn_p6vTwak?authuser=0&hl=en&rclk=1,Paramus Mini Golf,4.4,-105,Miniature golf course,·,,·,314 Paramus Rd,Open,⋅ Closes 9 p.m.,https://lh3.googleusercontent.com/gps-cs-s/AC9h4noj5rPBcFfUzmVQ3KzD_c1QYerebMX_8ros1rNM5oqC35Hrc4FGLkaz32VFuig2aFJyjWI6_8RHbEttnL1yxwrI_M-YZNOzBa6ZRcNiBLC5JSaDVx9wEnwb1VYzlDr9hPe5oklHuw=w80-h142-k-no,"""Fun course, nicely maintained and reasonably priced.""",https://ssl.gstatic.com/local/servicebusiness/default_user.png
https://www.google.ca/maps/place/Brooklyn+Greens/data=!4m7!3m6!1s0x89c25c3b4b2436c5:0x591bf66bb342bd7d!8m2!3d40.7107512!4d-73.9341586!16s%2Fg%2F11c0xrv1dq!19sChIJxTYkSztcwokRfb1Cs2v2G1k?authuser=0&hl=en&rclk=1,Brooklyn Greens,4.5,-63,Indoor golf course,·,,·,195 Morgan Ave,,,https://lh3.googleusercontent.com/gps-cs-s/AC9h4nqqYieWLByOiJ0Z-ysiEhbzhHUnynXwxRgIV2fjFWlIcGtgsZyONX2uLhzQPeECr18IQBqRJzPNPnlmE0VgCetD3VxYSGKQ9WIaFtTANxQf2_QNhRDzPr17UXGsN6OP_9wA9PI=w80-h106-k-no,"""There is a fully stocked bar, water, even 6-10 holes to putt around.""",https://ssl.gstatic.com/local/servicebusiness/default_user.png
https://www.google.ca/maps/place/Tee+Performance+Indoor+Golf/data=!4m7!3m6!1s0x89c35d747520979b:0x1fe00570c1aa5906!8m2!3d41.2254776!4d-74.8038976!16s%2Fg%2F11gh9p6k59!19sChIJm5cgdXRdw4kRBlmqwXAF4B8?authuser=0&hl=en&rclk=1,Tee Performance Indoor Golf,4.6,-38,Indoor golf course,·,,·,183 Rt 206 South,,,https://lh3.googleusercontent.com/p/AF1QipMendR6mgRGgx20Ycbxfq2yVRmJRUHK4XdD3goJ=w123-h92-k-no,"""Accurate indoor golf
Owner friendly and helpful learning how to use""",https://ssl.gstatic.com/local/servicebusiness/default_user.png
https://www.google.ca/maps/place/Germonds+Park+Miniature+Golf/data=!4m7!3m6!1s0x89c2c280830ebdc5:0x5ee7cf6c64aae131!8m2!3d41.1145057!4d-73.9857316!16s%2Fg%2F1w347jxn!19sChIJxb0Og4DCwokRMeGqZGzP514?authuser=0&hl=en&rclk=1,Germonds Park Miniature Golf,4.4,-55,Miniature golf course,·,,185 Germonds Rd,,,,https://lh3.googleusercontent.com/gps-cs-s/AC9h4nr6RucnwIniWRohQIcmPfU8Tc0ZCIehgh1aFjugThkmm7rBsLLg0UG6RCgECFYUmfMexg6xEFI7GqEVxEqgDTzB_8k2fkj3eHqF7h0mW2uck2qrAW-HrEoeKjymegH0XDUPRJYVMA=w80-h142-k-no,"""Great price, friendly staff, and a really good",https://ssl.gstatic.com/local/servicebusiness/default_user.png
https://www.google.ca/maps/place/Mini-Golf/data=!4m7!3m6!1s0x89c2e9e636f91555:0xee4f4b362b139e2a!8m2!3d41.0970838!4d-73.9560328!16s%2Fg%2F11sghpx6rn!19sChIJVRX5NubpwokRKp4TKzZLT-4?authuser=0&hl=en&rclk=1,Mini-Golf,,,Miniature golf course,·,,1000 Palisades Center Dr,,,,https://streetviewpixels-pa.googleapis.com/v1/thumbnail?panoid=6HI5UVF1jBMdKq0NiDKb6w&cb_client=search.gws-prod.gps&w=80&h=92&yaw=333.9363&pitch=0&thumbfov=100,,
https://www.google.ca/maps/place/Birdies+%26+Lattes/data=!4m7!3m6!1s0x89c3c74f3447cba1:0x9fc07014ddeafbd8!8m2!3d40.5125308!4d-74.406579!16s%2Fg%2F11wbjtlzgc!19sChIJoctHNE_Hw4kR2Pvq3RRwwJ8?authuser=0&hl=en&rclk=1,Birdies & Lattes,4.8,-47,Indoor golf course,·,,·,"1781 Lincoln Hwy 201, Second Floor",Open,⋅ Closes 11 p.m.,https://lh3.googleusercontent.com/gps-cs-s/AC9h4noxx4WR4tuRUAbJqXyuzDfNQvq9vfimc5C0Bu0ENX-Bb_HjRmFtAlqrW3V__ppnDWYzLx3JFOxgexm4B7DgND6JEJPjlGR0iwvr4XQ9bZjGdqjF2anRfgSI494qjJOIHp43tMCUBA=w80-h106-k-no,https://ssl.gstatic.com/local/servicebusiness/default_user.png,"""The golf simulators were the most advanced and easy to use I've ever seen."""
https://www.google.ca/maps/place/Golf+Republic/data=!4m7!3m6!1s0x89c3cd0b175dd01b:0xc933d66f6b1ba74a!8m2!3d40.4247729!4d-74.270079!16s%2Fg%2F11lnnyvb4_!19sChIJG9BdFwvNw4kRSqcba2_WM8k?authuser=0&hl=en&rclk=1,Golf Republic,5,-29,Indoor golf course,·,,·,343 NJ-34,Open,⋅ Closes 10 p.m.,https://lh3.googleusercontent.com/p/AF1QipOeT4vGu-6HKl5Mz7haeHT6prw-OShfX_l8Uj-A=w122-h92-k-no,https://ssl.gstatic.com/local/servicebusiness/default_user.png,"""Relaxed, nice facilities and staff is friendly and helpful."""
https://www.google.ca/maps/place/Par2play/data=!4m7!3m6!1s0x89c3c73cbbb8701d:0x4ab1ea042bb0fe02!8m2!3d40.491337!4d-74.4740133!16s%2Fg%2F11kpv6x1kh!19sChIJHXC4uzzHw4kRAv6wKwTqsUo?authuser=0&hl=en&rclk=1,Par2play,5,-80,Indoor golf course,·,,·,695 Hamilton St G,Open,⋅ Closes 10 p.m.,https://lh3.googleusercontent.com/gps-cs-s/AC9h4nr2s8C3DvCRR8PGtKSgFGt3OMdvC_6JtcsKCbrgL7lRsCE4FQMGK8LNVfAIYkMwJT1OyEhp56ZeHJOS5W5g4QmsQFcECl6pKfbHD1MPrWiVTOtLRjNYzIfoxogQ4knd24z9zO4I=w122-h92-k-no,https://ssl.gstatic.com/local/servicebusiness/default_user.png,"""State of art golf simulators and comfortable training and party rooms."""
https://www.google.ca/maps/place/The+Dome/data=!4m7!3m6!1s0x89c163a3196d7be3:0xf6ccfc2bd1103a19!8m2!3d40.1554414!4d-74.4269895!16s%2Fg%2F11k9dbq3sk!19sChIJ43ttGaNjwYkRGToQ0Sv8zPY?authuser=0&hl=en&rclk=1,The Dome,4.5,-52,Indoor golf course,·,,·,515 Monmouth Rd building 200,Open,⋅ Closes 10 p.m.,https://lh3.googleusercontent.com/p/AF1QipN-Jawyj4UMxUhiHOpa1kIIq9xmcttNzJKPFilz=w80-h120-k-no,https://ssl.gstatic.com/local/servicebusiness/default_user.png,"""Everything was lots of fun and very reasonably priced."""
https://www.google.ca/maps/place/Endless+18+Indoor+Golf+Simulator/data=!4m7!3m6!1s0x89c159ed0afaa829:0x34973f676cf07bb!8m2!3d40.2582298!4d-74.7308526!16s%2Fg%2F11w3lc9tww!19sChIJKaj6Cu1ZwYkRuwfPdvZzSQM?authuser=0&hl=en&rclk=1,Endless 18 Indoor Golf Simulator,5,-20,Indoor golf course,·,,·,"2495 Brunswick Pike, Trenton Fwy BUS",Open,⋅ Closes 10 p.m.,https://lh3.googleusercontent.com/gps-cs-s/AC9h4noLFSQv9o2PxAXGhuKXOmZSRvXMOgyWQMKq-dHZGJXAxtqTMKsh7r9cG2Y5GZJXyum222zwdC8V0M8ai30fBFyxn2BnZKXtmHhm9oDo-rlnVExGeJhHEf2yrVK0R8ZiLdoQKL7s=w122-h92-k-no,https://ssl.gstatic.com/local/servicebusiness/default_user.png,"""The setup was incredible, and it was such a fun and immersive experience."""
https://www.google.ca/maps/place/Raritan+Ridge+Indoor+Golf/data=!4m7!3m6!1s0x89c3b8c90ff8f6cb:0x75b64fd6d6a9c084!8m2!3d40.5748355!4d-74.4887683!16s%2Fg%2F1pv19p5kx!19sChIJy_b4D8m4w4kRhMCp1tZPtnU?authuser=0&hl=en&rclk=1,Raritan Ridge Indoor Golf,4.7,-18,Indoor golf course,·,,·,822 Lincoln Blvd Unit B,Open,⋅ Closes 10 p.m.,https://lh3.googleusercontent.com/gps-cs-s/AC9h4nq76Kk7-XmVIgEUrsVjO7TFX7VUTL2gCHOS3aLnHwJ5HlPWMDmK6FZvJF57gK7ROfWGEWoYb7mvd5bQSmMdszQXv-Cksd60CNd5toVAoQJISLcNWq6PM4WrIYOUPtKieokz2gfaLA=w163-h92-k-no,https://ssl.gstatic.com/local/servicebusiness/default_user.png,"""The price is not expensive and the they have 2 bathrooms and they are clean."""
https://www.google.ca/maps/place/Baylinks+Golf/data=!4m7!3m6!1s0x89c154611dde67ad:0x6a412c48abda1e73!8m2!3d40.2245083!4d-74.9172016!16s%2Fg%2F1thd2q3q!19sChIJrWfeHWFUwYkRcx7aq0gsQWo?authuser=0&hl=en&rclk=1,Baylinks Golf,4.7,-34,Indoor golf course,·,,8 Pheasant Run,,Open,⋅ Closes 10 p.m.,https://lh3.googleusercontent.com/p/AF1QipMexKa8llqnMPRzCgpSIwWGeMHZOLnWv66pSf8r=w130-h92-k-no,https://ssl.gstatic.com/local/servicebusiness/default_user.png,"""Easy to book on-line, and wide selection of courses."""
https://www.google.ca/maps/place/GolfCave/data=!4m7!3m6!1s0x89c3e7e9cff8215f:0x25fd156a42b803a7!8m2!3d40.3371827!4d-74.5957568!16s%2Fg%2F11y9p9pdmn!19sChIJXyH4z-nnw4kRpwO4QmoV_SU?authuser=0&hl=en&rclk=1,GolfCave,4.6,-9,Indoor golf course,·,,·,10 Schalks Crossing Rd,Open 24 hours,,https://lh3.googleusercontent.com/p/AF1QipO15Hi8sbbGEWlsJN3YD4ZZBYcjMSHDKzjoC2JG=w122-h92-k-no,https://ssl.gstatic.com/local/servicebusiness/default_user.png,"""Staff is friendly and golf rooms are amazing."""
https://www.google.ca/maps/place/GOLFTEC+East+Brunswick/data=!4m7!3m6!1s0x89c3cf6b7d2d329b:0x37ae5d7c80e75a8e!8m2!3d40.4577043!4d-74.3950379!16s%2Fg%2F1tls3sc3!19sChIJmzItfWvPw4kRjlrngHxdrjc?authuser=0&hl=en&rclk=1,GOLFTEC East Brunswick,5,-23,Golf instructor,·,,·,300 NJ-18 Unit 40,Open,⋅ Closes 5 p.m.,https://lh3.googleusercontent.com/p/AF1QipPvppWszm7fsuQh44Fn1-tEUbVPPXSx_yBml2Mz=w155-h92-k-no,,Onsite services
https://www.google.ca/maps/place/Tee+Box+Golf+House/data=!4m7!3m6!1s0x89c3e9420721455f:0x8719a18f88e9bb6d!8m2!3d40.4802236!4d-74.6656381!16s%2Fg%2F11wpl9v7t_!19sChIJX0UhB0Lpw4kRbbvpiI-hGYc?authuser=0&hl=en&rclk=1,Tee Box Golf House,5,-4,Indoor golf course,·,,137 Mountain View Rd,,Open,⋅ Closes 10 p.m.,https://lh3.googleusercontent.com/p/AF1QipPDtCT-F1tdz_MZ0cZFVkHGxrQWjCSxGIDJ_qZ3=w122-h92-k-no,https://ssl.gstatic.com/local/servicebusiness/default_user.png,"""Great family friendly atmosphere and great staff!"""
"https://www.google.ca/maps/place/The+Back+Nine+Golf+%7C+Princeton,+NJ/data=!4m7!3m6!1s0x89c3e70df591f5db:0xdccf831cb418d2e4!8m2!3d40.36294!4d-74.6511801!16s%2Fg%2F11wth4ct4l!19sChIJ2_WR9Q3nw4kR5NIYtByDz9w?authuser=0&hl=en&rclk=1","The Back Nine Golf | Princeton, NJ",,,Indoor golf course,·,,301 N Harrison St,,Open 24 hours,,https://lh3.googleusercontent.com/p/AF1QipOOtMnYX1SjK5Jz1c0xQl9_LVyPa2YusPUFLQm1=w119-h92-k-no,,Onsite services
https://www.google.ca/maps/place/InClubGolf+Newtown/data=!4m7!3m6!1s0x89c1546648ffffff:0xaf6c4d6f9a6bd9e!8m2!3d40.2232992!4d-74.9110175!16s%2Fg%2F11f63y15q_!19sChIJ____SGZUwYkRnr2m-dbE9go?authuser=0&hl=en&rclk=1,InClubGolf Newtown,5,-1,Golf instructor,·,,·,120 Pheasant Run,Open,⋅ Closes 11 p.m.,https://lh3.googleusercontent.com/p/AF1QipM2DIUfDJDd0toIlqnfDuCHIVllw83jORwD1iVU=w152-h92-k-no,https://ssl.gstatic.com/local/servicebusiness/default_user.png,"""Highly recommend"""
https://www.google.ca/maps/place/the+Golf+Den/data=!4m7!3m6!1s0x89c3b529648e8829:0xe84b92cbffcf3262!8m2!3d40.5432578!4d-74.3013513!16s%2Fg%2F11y9633w3q!19sChIJKYiOZCm1w4kRYjLP_8uSS-g?authuser=0&hl=en&rclk=1,the Golf Den,,,Sports complex,·,,·,585 Main St,Open,⋅ Closes 7 p.m.,https://lh3.googleusercontent.com/p/AF1QipPcpZSo2CrEIY4vPYgmy3Vsx1Euyk1Yson5Qfni=w138-h92-k-no,,
https://www.google.ca/maps/place/Topgolf+Swing+Suite+at+iPlay+America/data=!4m7!3m6!1s0x89c3d59335168fbf:0x1228a90d80a858ad!8m2!3d40.2405667!4d-74.2807538!16s%2Fg%2F11fkqsdqmg!19sChIJv48WNZPVw4kRrViogA2pKBI?authuser=0&hl=en&rclk=1,Topgolf Swing Suite at iPlay America,3.8,-103,Indoor golf course,·,,·,106 Schanck Rd,Open,⋅ Closes 11 p.m.,https://lh3.googleusercontent.com/gps-cs-s/AC9h4noeoead-nsEUCir1OxXBY8TzaXvd5VOWXIz9Gcle3W2azpoo4P9X4Lo3I-t8xMM84bLmGVP69VlDK2B_Kt6yGrQgknPXNCBcuT5dA2koCNQmA0j2pcM8EE-16XaR3zKQS97WRcn=w80-h106-k-no,https://ssl.gstatic.com/local/servicebusiness/default_user.png,"""Plenty on interactive activities other than golf as well."""
https://www.google.ca/maps/place/Mad+Golfer/data=!4m7!3m6!1s0x89c6add400b35679:0x2f72f88a5c0a4f4c!8m2!3d40.1812484!4d-75.0559635!16s%2Fg%2F1tgp1rvd!19sChIJeVazANStxokRTE8KXIr4ci8?authuser=0&hl=en&rclk=1,Mad Golfer,4.3,-174,Golf driving range,·,,·,114 Street Rd,Open,⋅ Closes 5 p.m.,https://lh3.googleusercontent.com/p/AF1QipMi2iGLGT1pOmJFXmCTiVPnNZtBuzWoS9pM386H=w80-h106-k-no,,Onsite services
https://www.google.ca/maps/place/Adventure+Crossing+USA/data=!4m7!3m6!1s0x89c1630b1429000f:0x9cfa3e0682aab48c!8m2!3d40.156382!4d-74.4286337!16s%2Fg%2F11q24dmtl2!19sChIJDwApFAtjwYkRjLSqggY--pw?authuser=0&hl=en&rclk=1,Adventure Crossing USA,4.1,-230,Golf driving range,·,,·,515 Monmouth Rd,Open now,,https://lh3.googleusercontent.com/gps-cs-s/AC9h4nom7cPNfmnHV5F2h1GT6V8Pa4r13R9WdortDJYw4YydqSkTDNzRrcOJLxWZZvRe2J4mrXPQ_potE0ftEqL2Q44CwUUQHHaLe_8mtRoswg-FZfCF5jg2rmPctKANmtvfqipB0Ids=w80-h106-k-no,https://ssl.gstatic.com/local/servicebusiness/default_user.png,"""Very friendly and helpful staff and the"
https://www.google.ca/maps/place/Space+Adventure+Mini+Golf/data=!4m7!3m6!1s0x89c3b5facf428b57:0x2c73e4d44a167e23!8m2!3d40.5565795!4d-74.2990249!16s%2Fg%2F11txjhy5bd!19sChIJV4tCz_q1w4kRI34WStTkcyw?authuser=0&hl=en&rclk=1,Space Adventure Mini Golf,3.4,-33,Miniature golf course,·,,·,250 Woodbridge Center Dr,Open,⋅ Closes 9 p.m.,https://lh3.googleusercontent.com/p/AF1QipN99XX73vnf0n00OQjfx4cT5wO_NBf3nNKo-dBJ=w122-h92-k-no,https://ssl.gstatic.com/local/servicebusiness/default_user.png,"""The prices are affordable, the atmosphere is fun."""
https://www.google.ca/maps/place/GOLFTEC+Woodbridge/data=!4m7!3m6!1s0x89c3b6721d8e15cd:0xca90476f62b83bd1!8m2!3d40.5599324!4d-74.3001612!16s%2Fg%2F1pv1hyd1g!19sChIJzRWOHXK2w4kR0Tu4Ym9HkMo?authuser=0&hl=en&rclk=1,GOLFTEC Woodbridge,4.9,-59,Golf instructor,·,,·,465 Green St Suite 451,Open,⋅ Closes 5 p.m.,https://lh3.googleusercontent.com/p/AF1QipP-DuoXWe-9WNb0InCNW8FtO3AW39o0f-s64n6H=w122-h92-k-no,,Onsite services
https://www.google.ca/maps/place/Monster+Mini+Golf+Edison/data=!4m7!3m6!1s0x89c3b5d39177b2db:0x660023580fc70ed6!8m2!3d40.5129912!4d-74.3844842!16s%2Fg%2F113dk12vr!19sChIJ27J3kdO1w4kR1g7HD1gjAGY?authuser=0&hl=en&rclk=1,Monster Mini Golf Edison,4.2,-668,Miniature golf course,·,,·,775 US-1,Open,⋅ Closes 10 p.m.,https://lh3.googleusercontent.com/gps-cs-s/AC9h4npI-Qj59Q05C_ijzJCm2olF_aynakCJB29WIP2wr5tpV_B-Y3sbSp3hGFMksFSU3uDd51OEv59_xq8LmZ3WtnUuO8C_ve1sRb4Oc6KPqDw6MuQwu527YnmCQpaI9j32DHsZgA=w122-h92-k-no,,Onsite services
https://www.google.ca/maps/place/Topgolf+Edison/data=!4m7!3m6!1s0x89c3c83197993bb5:0x2a5df13c651c084a!8m2!3d40.5195437!4d-74.3683515!16s%2Fg%2F11csqw1myd!19sChIJtTuZlzHIw4kRSggcZTzxXSo?authuser=0&hl=en&rclk=1,Topgolf Edison,4.3,"-5,490",Golf course,·,,·,1013 US-1,Open,⋅ Closes 1 a.m.,https://lh3.googleusercontent.com/gps-cs-s/AC9h4nq3OIt8NQrGbsDZnSSx5mtYW7nztoqXf8FlNrP9TR2BJ-_2_ffb-JK2b5q1CXG7BCH7qmMwe2Q5vq1XfHUdMrk0ZbgEhr7wgsw05uJGHH9xugvM_GitbjDCB-eu7Te9h8CkM15c=w122-h92-k-no,,Dine-in
