"hfpxzc href","qBF1Pd","MW4etd","UY7F9","W4Efsd","W4Efsd 2","doJOZc","W4Efsd 3","W4Efsd 4","W4Efsd 5","W4Efsd 6","FQ2IWe src","Jn12ke src","ah5Ghc"
"","","","","","","","","","","","","",""
"","","","","","","","","","","","","",""
"https://www.google.ca/maps/place/X-Golf+Scarsdale/data=!4m7!3m6!1s0x89c293e9f9800dc1:0x633175acb1ce5e1!8m2!3d40.9936693!4d-73.8196653!16s%2Fg%2F11l2j82hkq!19sChIJwQ2A-emTwokR4eUcy1oXMwY?authuser=0&hl=en&rclk=1","X-Golf Scarsdale","4.9","(29)","Indoor golf course","·","","·","870 Central Park Ave","Open","⋅ Closes 11 p.m.","https://lh5.googleusercontent.com/p/AF1QipPffgDQwPz1GpqxLTtNKLeR36zV3hDUnHBQ1kjp=w122-h92-k-no","https://ssl.gstatic.com/local/servicebusiness/default_user.png","""Attention GOLFERS: This is THE PLACE for indoor golf simulation."""
"https://www.google.ca/maps/place/X-Golf/data=!4m7!3m6!1s0x89c30b9befa4fb05:0xb48efb69b8b7f3dc!8m2!3d40.8716176!4d-74.5171023!16s%2Fg%2F11l6jgyn0s!19sChIJBfuk75sLw4kR3PO3uGn7jrQ?authuser=0&hl=en&rclk=1","X-Golf","5.0","(43)","Indoor golf course","·","","·","3130 NJ-10","Open","⋅ Closes 10 p.m.","https://lh5.googleusercontent.com/p/AF1QipNXDImydtfAkOF_XEKQcouLEvoWowQEVNvogUTl=w138-h92-k-no","https://ssl.gstatic.com/local/servicebusiness/default_user.png","""The facility is brand new and there is plenty of space for large groups."""
"https://www.google.ca/maps/place/X-Golf+Stratford/data=!4m7!3m6!1s0x89e80b19317bf02f:0x4965688db1eca7c0!8m2!3d41.2320043!4d-73.1490896!16s%2Fg%2F11vb7l47j6!19sChIJL_B7MRkL6IkRwKfssY1oZUk?authuser=0&hl=en&rclk=1","X-Golf Stratford","5.0","(75)","Indoor golf course","·","","·","Across from Trumbull Target, 345 Hawley Ln","Open","⋅ Closes 8 p.m.","https://lh5.googleusercontent.com/p/AF1QipOOBVQacdV0MnIDIRe-mGdziMz0RPX1ywhOzb7n=w87-h92-k-no","https://ssl.gstatic.com/local/servicebusiness/default_user.png","""It is clean, decorated/furnished nicely, and the simulators are awesome!"""
"https://www.google.ca/maps/place/Birdies+%26+Lattes/data=!4m7!3m6!1s0x89c3c74f3447cba1:0x9fc07014ddeafbd8!8m2!3d40.5125308!4d-74.406579!16s%2Fg%2F11wbjtlzgc!19sChIJoctHNE_Hw4kR2Pvq3RRwwJ8?authuser=0&hl=en&rclk=1","Birdies & Lattes","4.6","(37)","Indoor golf course","·","","·","1781 Lincoln Hwy 201, Second Floor","Open","⋅ Closes 11 p.m.","https://lh5.googleusercontent.com/p/AF1QipM2cn8q-gkIlk9VwoZHGr1kNXMOoKSelH2FzagP=w80-h106-k-no","https://ssl.gstatic.com/local/servicebusiness/default_user.png","""The place is really clean and advanced."""
"https://www.google.ca/maps/place/Montclair+Indoor+Golf+Club/data=!4m7!3m6!1s0x89c2557ca3c0927f:0x27a8c434c4b2fa4e!8m2!3d40.8124379!4d-74.2154533!16s%2Fg%2F11l2c2g3ls!19sChIJf5LAo3xVwokRTvqyxDTEqCc?authuser=0&hl=en&rclk=1","Montclair Indoor Golf Club","5.0","(14)","Indoor golf course","·","","·","369 Bloomfield Ave","Open 24 hours","","https://lh5.googleusercontent.com/p/AF1QipPB-naNavK9oKEM4Cb7af0QW0D2o5rmLdCGsxns=w173-h92-k-no","https://ssl.gstatic.com/local/servicebusiness/default_user.png","""Facilities are clean and comfortable, equipment is well-maintained."""
"https://www.google.ca/maps/place/X-Golf+Westbury/data=!4m7!3m6!1s0x89c287dc1a9717bd:0x8ee7d3911603f346!8m2!3d40.7456512!4d-73.5958277!16s%2Fg%2F11jzpzw0mz!19sChIJvReXGtyHwokRRvMDFpHT544?authuser=0&hl=en&rclk=1","X-Golf Westbury","5.0","(141)","Indoor golf course","·","","·","1500 Old Country Rd","Open","⋅ Closes 9 p.m.","https://lh5.googleusercontent.com/p/AF1QipPdeUGzizeDq791vvRgLg1EJPf-SZNlEa0FMJSi=w80-h106-k-no","https://ssl.gstatic.com/local/servicebusiness/default_user.png","""The place is clean, and the golf simulators are amazing!"""
"https://www.google.ca/maps/place/The+Mulligans+Golf+Club/data=!4m7!3m6!1s0x89c25f2971bdbe41:0x8c477f0a01d08b34!8m2!3d40.7438213!4d-73.9277511!16s%2Fg%2F11wg45bycm!19sChIJQb69cSlfwokRNIvQAQp_R4w?authuser=0&hl=en&rclk=1","The Mulligans Golf Club","5.0","(43)","Indoor golf course","·","","·","37-04 Queens Blvd","Open","⋅ Closes 11 p.m.","https://lh5.googleusercontent.com/p/AF1QipNi-Fzogjsex9Q-Mgx4btV5X2Av0m4FB1ynRDMO=w80-h106-k-no","https://ssl.gstatic.com/local/servicebusiness/default_user.png","""Looks like they recently opened, the place is super clean and well set up."""
"https://www.google.ca/maps/place/Golf+Lounge+18/data=!4m7!3m6!1s0x89dd555079423109:0x2a70f747af7aca87!8m2!3d41.380903!4d-73.4812097!16s%2Fg%2F11sgk8sp96!19sChIJCTFCeVBV3YkRh8p6r0f3cCo?authuser=0&hl=en&rclk=1","Golf Lounge 18","4.8","(169)","Indoor golf course","·","","·","7 Backus Ave Space# C101","Open","⋅ Closes 10 p.m.","https://lh5.googleusercontent.com/p/AF1QipMsUKfWyfBCRccWRjkzbl6TyFpTNxnNS5fHBl7F=w80-h106-k-no","","Onsite services"
"https://www.google.ca/maps/place/Five+Iron+Golf/data=!4m7!3m6!1s0x89c2594108cbef65:0x59cd9d5874541b98!8m2!3d40.7509797!4d-73.9778639!16s%2Fg%2F11l29tj45n!19sChIJZe_LCEFZwokRmBtUdFidzVk?authuser=0&hl=en&rclk=1","Five Iron Golf","5.0","(219)","Indoor golf course","·","","·","101 Park Ave Floor 3","Open","⋅ Closes 11 p.m.","https://lh5.googleusercontent.com/p/AF1QipP-Hu6k7_hTAjn1fFHzHuvRM-JW0n7kFL7dRwOz=w122-h92-k-no","","Onsite services"
"https://www.google.ca/maps/place/Birdies+Mini+Golf+%26+Simulators/data=!4m7!3m6!1s0x89c2e7509cbd8e5f:0x4de6caf91e4d060e!8m2!3d41.0511076!4d-74.1174077!16s%2Fg%2F11wwyrkmbf!19sChIJX469nFDnwokRDgZNHvnK5k0?authuser=0&hl=en&rclk=1","Birdies Mini Golf & Simulators","5.0","(14)","Indoor golf course","·","","107 Pleasant Ave","","Open","⋅ Closes 7 p.m.","https://lh5.googleusercontent.com/p/AF1QipOj8ArM0ub94hckFcYBr_T8ND6oRj7mMTeEG4Dy=w122-h92-k-no","https://ssl.gstatic.com/local/servicebusiness/default_user.png","""There’s a ton of space and my husband went crazy for the simulator rooms."""
"https://www.google.ca/maps/place/Happy%27s+Indoor+Golf/data=!4m7!3m6!1s0x89e7b70b269d8f63:0x7be5ffef6a6166de!8m2!3d41.6017265!4d-72.8788154!16s%2Fg%2F11s7wtgzvj!19sChIJY4-dJgu354kR3mZhau__5Xs?authuser=0&hl=en&rclk=1","Happy's Indoor Golf","5.0","(76)","Indoor golf course","·","","·","22 Center St","Open","⋅ Closes 10 p.m.","https://lh5.googleusercontent.com/p/AF1QipOVPeHfiBQb188wFI-zYDl4QGSrOXDQazgA9TE1=w138-h92-k-no","","Onsite services"
"https://www.google.ca/maps/place/X-Golf+Commack/data=!4m7!3m6!1s0x89e82fb5ee4fece7:0x33c052a73adb2c09!8m2!3d40.8378836!4d-73.2845853!16s%2Fg%2F11sn_7m9ql!19sChIJ5-xP7rUv6IkRCSzbOqdSwDM?authuser=0&hl=en&rclk=1","X-Golf Commack","4.9","(76)","Indoor golf course","·","","·","108 Veterans Memorial Hwy Suite A","Open","⋅ Closes 7 p.m.","https://lh5.googleusercontent.com/p/AF1QipPaORREehWx4gnlYJCz7TFsY24Wfzw-Al2Ftk16=w80-h106-k-no","","Dine-in"
"https://www.google.ca/maps/place/Edge+Golf/data=!4m7!3m6!1s0x89c2f75f634af7a5:0x4efca9d1236fb5b6!8m2!3d40.8253147!4d-73.973807!16s%2Fg%2F11v0gmcd8z!19sChIJpfdKY1_3wokRtrVvI9Gp_E4?authuser=0&hl=en&rclk=1","Edge Golf","4.8","(56)","Indoor golf course","·","","·","US, 18 Edgewater Town Center","Open","⋅ Closes 10 p.m.","https://lh5.googleusercontent.com/p/AF1QipMIiuY1ci7rzucBFOlXy-Sw8TAPkfm_3Thjt3pK=w80-h106-k-no","https://ssl.gstatic.com/local/servicebusiness/default_user.png","""Their most updated equipment and software provide real feel simulation game."""
"https://www.google.ca/maps/place/Essex+Indoor+Golf+Center/data=!4m7!3m6!1s0x89e63d329383ee75:0x1833f7ba637fa626!8m2!3d41.3512306!4d-72.3997421!16s%2Fg%2F11fw2s6y4_!19sChIJde6DkzI95okRJqZ_Y7r3Mxg?authuser=0&hl=en&rclk=1","Essex Indoor Golf Center","5.0","(153)","Indoor golf course","·","","·","23 Saybrook Rd","Open","⋅ Closes 10 p.m.","https://lh5.googleusercontent.com/p/AF1QipP2JPMOw8e9tRif8WmLugOhIBLKmMF0OW_pdCBK=w80-h106-k-no","https://ssl.gstatic.com/local/servicebusiness/default_user.png","""They have great food and activities to keep everyone busy."""
"https://www.google.ca/maps/place/The+19th+Hole+Indoor+Golf,+Bar+and+Restaurant/data=!4m7!3m6!1s0x89c2c191f33357e7:0xec4c66f9a364dbfa!8m2!3d41.1428005!4d-73.8622984!16s%2Fg%2F11vrzp438l!19sChIJ51cz85HBwokR-ttko_lmTOw?authuser=0&hl=en&rclk=1","The 19th Hole Indoor Golf, Bar and Restaurant","4.6","(64)","Indoor golf course","·","","·","240 S Highland Ave","Open","⋅ Closes 12 a.m.","https://lh5.googleusercontent.com/p/AF1QipMwJ2DHoO-kHFSPnn09w8skMP1x2NddOcbCegJX=w80-h106-k-no","https://ssl.gstatic.com/local/servicebusiness/default_user.png","""You can use the clubs provided by 19th hole or you can bring your own."""
"https://www.google.ca/maps/place/Five+Iron+Golf/data=!4m7!3m6!1s0x89c25985059e8ddb:0xd503e94f1a9d5270!8m2!3d40.7484018!4d-73.9892996!16s%2Fg%2F11n02_m393!19sChIJ242eBYVZwokRcFKdGk_pA9U?authuser=0&hl=en&rclk=1","Five Iron Golf","4.9","(301)","Indoor golf course","·","","·","883 6th Ave 3rd floor","Open","⋅ Closes 11 p.m.","https://lh5.googleusercontent.com/p/AF1QipNvADperXEWV9w-mr9ab3-hlo0uT7mvZtgRdq7Q=w122-h92-k-no","","Onsite services"
"https://www.google.ca/maps/place/Golf+Cove/data=!4m7!3m6!1s0x89e7d126f856a001:0x951f231331b13b81!8m2!3d41.370443!4d-72.8867664!16s%2Fg%2F11p67jkm_k!19sChIJAaBW-CbR54kRgTuxMRMjH5U?authuser=0&hl=en&rclk=1","Golf Cove","4.7","(116)","Indoor golf course","·","","·","336 State St","Open","⋅ Closes 10 p.m.","https://lh5.googleusercontent.com/p/AF1QipPUtZUUExVWiXPcVoxhyb-TJr23M9xOJyEnQ1d5=w80-h106-k-no","https://ssl.gstatic.com/local/servicebusiness/default_user.png","""Private rooms and lots of drink options."""
"https://www.google.ca/maps/place/Par2play/data=!4m7!3m6!1s0x89c3c73cbbb8701d:0x4ab1ea042bb0fe02!8m2!3d40.491337!4d-74.4740133!16s%2Fg%2F11kpv6x1kh!19sChIJHXC4uzzHw4kRAv6wKwTqsUo?authuser=0&hl=en&rclk=1","Par2play","5.0","(78)","Indoor golf course","·","","·","695 Hamilton St G","Open","⋅ Closes 10 p.m.","https://lh5.googleusercontent.com/p/AF1QipM_foyNeetqDuRs-0y8Z5vZFQM6HUxVffCvP_0=w122-h92-k-no","https://ssl.gstatic.com/local/servicebusiness/default_user.png","""The equipment and layout is high-end, and everyone at the center is nice."""
"https://www.google.ca/maps/place/The+Golf+Den/data=!4m7!3m6!1s0x89c231ad54338e6f:0xff50211a9e66e438!8m2!3d40.352134!4d-74.064859!16s%2Fg%2F11nx690n1b!19sChIJb44zVK0xwokROORmnhohUP8?authuser=0&hl=en&rclk=1","The Golf Den","4.9","(52)","Indoor golf course","·","","·","8 E Front St","Open","⋅ Closes 10 p.m.","https://lh5.googleusercontent.com/p/AF1QipPRxPhOlWeQbVG3Gnc9Q7UMjy9h1W3bgZST9I9u=w80-h120-k-no","https://ssl.gstatic.com/local/servicebusiness/default_user.png","""It BYOB and you can bring food in as well."""
"https://www.google.ca/maps/place/Let%27s+Birdie/data=!4m7!3m6!1s0x89c2637ed4bfaecd:0xbb9bbd34d76cf0d7!8m2!3d40.7337807!4d-73.6873238!16s%2Fg%2F11ssttpp7c!19sChIJza6_1H5jwokR1_Bs1zS9m7s?authuser=0&hl=en&rclk=1","Let's Birdie","4.8","(15)","Indoor golf course","·","","·","90 Lakeville Rd","Open","⋅ Closes 12 a.m.","https://lh5.googleusercontent.com/p/AF1QipOodoqV_GIVavpw-7xYSlqX7nGphvLzCyd3jRh-=w80-h106-k-no","https://ssl.gstatic.com/local/servicebusiness/default_user.png","""Bathroom inside / free water and easy system."""
"https://www.google.ca/maps/place/Five+Iron+Golf/data=!4m7!3m6!1s0x89c259f014895ec9:0x5788a8cb8e3815c0!8m2!3d40.745854!4d-73.946201!16s%2Fg%2F11s879pzfk!19sChIJyV6JFPBZwokRwBU4jsuoiFc?authuser=0&hl=en&rclk=1","Five Iron Golf","4.9","(180)","Indoor golf course","·","","·","22-43 Jackson Ave","Open","⋅ Closes 11 p.m.","https://lh5.googleusercontent.com/p/AF1QipOdcpUOv0Sh17FR_g5RqNrlekdj1WLfQ73WZIQK=w80-h106-k-no","","Onsite services"
"https://www.google.ca/maps/place/Ready+to+Golf/data=!4m7!3m6!1s0x89c2fb7abf73fdb1:0x90962e5e79ed9a36!8m2!3d40.9137976!4d-74.0338317!16s%2Fg%2F11pws7p487!19sChIJsf1zv3r7wokRNprteV4ulpA?authuser=0&hl=en&rclk=1","Ready to Golf","4.8","(141)","Indoor golf course","·","","·","3 New Bridge Rd","Open","⋅ Closes 10 p.m.","https://lh5.googleusercontent.com/p/AF1QipNvVMlRBgtKevtrvS9Azw3mpNdw_nuBGAduNuiI=w122-h92-k-no","https://ssl.gstatic.com/local/servicebusiness/default_user.png","""The staff is so nice, the facility is clean and the simulators are awesome."""
"https://www.google.ca/maps/place/Golfzon+Social+-+Palisades+Center/data=!4m7!3m6!1s0x89c2e93c53ecd75f:0x840f4d582f6d0531!8m2!3d41.0976626!4d-73.9552874!16s%2Fg%2F11tjp8jc_8!19sChIJX9fsUzzpwokRMQVtL1hND4Q?authuser=0&hl=en&rclk=1","Golfzon Social - Palisades Center","5.0","(254)","Indoor golf course","·","","·","3565 Palisades Center Dr","Open","⋅ Closes 7 p.m.","https://lh5.googleusercontent.com/p/AF1QipO2qZ85n__uhvYkvdxMvaCXDlFKwSb3CHap6MoB=w80-h106-k-no","","Dine-in"
"https://www.google.ca/maps/place/Next+Level+Indoor+Golf/data=!4m7!3m6!1s0x89c3b59ca7d5c329:0x41a08e4df5004bca!8m2!3d40.526613!4d-74.2314137!16s%2Fg%2F11p5672dq3!19sChIJKcPVp5y1w4kRyksA9U2OoEE?authuser=0&hl=en&rclk=1","Next Level Indoor Golf","4.5","(23)","Indoor golf course","·","","·","2935 Veterans Rd W","Open","⋅ Closes 9 p.m.","https://lh5.googleusercontent.com/p/AF1QipP_QByZK_1nfrP6kIJvMGi4vS0aBjyiL23yKDZt=w122-h92-k-no","https://ssl.gstatic.com/local/servicebusiness/default_user.png","""It is a little expensive but still very fun"""
"https://www.google.ca/maps/place/Stingers+Indoor+Golf/data=!4m7!3m6!1s0x89e7b3f78e11e949:0x42cf62ac5768f257!8m2!3d41.696123!4d-72.7906124!16s%2Fg%2F11rhvgph0r!19sChIJSekRjvez54kRV_JoV6xiz0I?authuser=0&hl=en&rclk=1","Stingers Indoor Golf","4.9","(42)","Indoor golf course","·","","·","679 Farmington Ave","Open","⋅ Closes 8 p.m.","https://lh5.googleusercontent.com/p/AF1QipNzHG9YLF4hXyK8shyK_1BzF9xjCRu7ZG5jJ6S9=w163-h92-k-no","https://ssl.gstatic.com/local/servicebusiness/default_user.png","""... tech golf simulator that provides loads of fun even for a non golfer."""
"https://www.google.ca/maps/place/Golf+Lounge+18/data=!4m7!3m6!1s0x89e657ed7f3dc6e7:0xd808d2802d304ae8!8m2!3d41.8123829!4d-72.5564275!16s%2Fg%2F11vhg137xz!19sChIJ58Y9f-1X5okR6EowLYDSCNg?authuser=0&hl=en&rclk=1","Golf Lounge 18","4.7","(66)","Indoor golf course","·","","·","401 Evergreen Way","Open","⋅ Closes 11 p.m.","https://lh5.googleusercontent.com/p/AF1QipMX8Lg6xmOo0oX80jAInR-VF-cknlrkUdKsQCQH=w80-h106-k-no","https://ssl.gstatic.com/local/servicebusiness/default_user.png","""Nice bar area and high quality golf simulators."""
"https://www.google.ca/maps/place/GolfCave/data=!4m7!3m6!1s0x89c3b16177712cbb:0xd9012c7cf5e1c6!8m2!3d40.6278216!4d-74.3145877!16s%2Fg%2F1hf9wq99r!19sChIJuyxxd2Gxw4kRxuH1fCwB2QA?authuser=0&hl=en&rclk=1","GolfCave","4.7","(54)","Indoor golf course","·","","·","1 Clarkton Dr","Open","⋅ Closes 9:15 p.m.","https://lh5.googleusercontent.com/p/AF1QipNHsW575ycGkoTgFg3lWz5Eudz__qGYfsfuTxjS=w137-h92-k-no","https://ssl.gstatic.com/local/servicebusiness/default_user.png","""Excellent facility, staff is always extremely helpful."""
"https://www.google.ca/maps/place/Hudson+Golf/data=!4m7!3m6!1s0x89c2591aafa16dc3:0x6fba89a4f63fb534!8m2!3d40.7360494!4d-74.0286214!16s%2Fg%2F11thnfkgf5!19sChIJw22hrxpZwokRNLU_9qSJum8?authuser=0&hl=en&rclk=1","Hudson Golf","4.9","(76)","Indoor golf course","·","","·","16 Hudson Pl","Open","⋅ Closes 8 p.m.","https://lh5.googleusercontent.com/p/AF1QipOROExaTD5RSCZbe59IipvqZv7AVcIHUzMTNmpJ=w122-h92-k-no","https://ssl.gstatic.com/local/servicebusiness/default_user.png","""The service was lovely, the golf was fun, and the turkey club was delicious!"""
"https://www.google.ca/maps/place/Go+Low+Indoor+Golf/data=!4m7!3m6!1s0x89c2fb933963d855:0x92d5c8fe7d4accea!8m2!3d40.9491208!4d-74.0676481!16s%2Fg%2F11ll1p1b3s!19sChIJVdhjOZP7wokR6sxKff7I1ZI?authuser=0&hl=en&rclk=1","Go Low Indoor Golf","5.0","(31)","Indoor golf course","·","","·","49 E Midland Ave","Open","⋅ Closes 7 p.m.","https://lh5.googleusercontent.com/p/AF1QipN0oVzdvvztPBYcm8fapu-gaHKaqTbktFXhshWr=w80-h106-k-no","","Onsite services"
"https://www.google.ca/maps/place/Greens+Indoor+Golf+%26+Cafe/data=!4m7!3m6!1s0x89c3ac44fa09563f:0xfa88415cb0e68654!8m2!3d40.7305699!4d-74.2791399!16s%2Fg%2F11cjnpl7z1!19sChIJP1YJ-kSsw4kRVIbmsFxBiPo?authuser=0&hl=en&rclk=1","Greens Indoor Golf & Cafe","4.6","(38)","Indoor golf course","·","","·","97 Baker St","Open","⋅ Closes 11 p.m.","https://lh5.googleusercontent.com/p/AF1QipPzWemH7gJPjOwLJt646cFu3P6Lzcgb3Z2v3Dkx=w80-h106-k-no","https://ssl.gstatic.com/local/servicebusiness/default_user.png","""Greens Indoor Golf & Cafe was surprisingly really cool."""
"https://www.google.ca/maps/place/Cranford+Golf+Studio/data=!4m7!3m6!1s0x89c3b3625117cc2d:0xd57495dac90c9872!8m2!3d40.6556843!4d-74.3054758!16s%2Fg%2F11v_194nzl!19sChIJLcwXUWKzw4kRcpgMydqVdNU?authuser=0&hl=en&rclk=1","Cranford Golf Studio","5.0","(11)","Indoor golf course","·","","·","15 Eastman St","Open","⋅ Closes 11 p.m.","https://lh5.googleusercontent.com/p/AF1QipPEp_k1rel6X4TrRngz2BWXXTd8J_LEogj9e4cM=w80-h106-k-no","https://ssl.gstatic.com/local/servicebusiness/default_user.png","""Amazing space, high end technology and a fun atmosphere."""
"https://www.google.ca/maps/place/GolfCave/data=!4m7!3m6!1s0x89c3bf3e11c8d7e9:0x2f463ea26fb02d97!8m2!3d40.5876127!4d-74.5044968!16s%2Fg%2F11jr32b9h6!19sChIJ6dfIET6_w4kRly2wb6I-Ri8?authuser=0&hl=en&rclk=1","GolfCave","4.9","(55)","Indoor golf course","·","","·","325 US-22","Open","⋅ Closes 9:15 p.m.","https://lh5.googleusercontent.com/p/AF1QipNXO4RlkFm_dcsDh7WxiQCfiDK6fflNYsb_fZ-f=w137-h92-k-no","https://ssl.gstatic.com/local/servicebusiness/default_user.png","""Laidback atmosphere with beautiful simulators."""
"https://www.google.ca/maps/place/Chip+%2B+Birdie%E2%80%99s+-+Indoor+Virtual+Golf+Club/data=!4m7!3m6!1s0x89c3b1c580d4b941:0x3f500eecca9fb2d9!8m2!3d40.6812654!4d-74.3386769!16s%2Fg%2F11l5txhl_7!19sChIJQbnUgMWxw4kR2bKfyuwOUD8?authuser=0&hl=en&rclk=1","Chip + Birdie’s - Indoor Virtual Golf Club","5.0","(24)","Indoor golf course","·","","·","187 Mill Ln","","","https://lh5.googleusercontent.com/p/AF1QipOYToq6g39ZurA_Vn8feogbhEhbag8l3921ji0g=w80-h106-k-no","","Onsite services"
"https://www.google.ca/maps/place/Golfzon+Social+-+Scarsdale/data=!4m7!3m6!1s0x89c293270ad5b94b:0x4272420091f36ac3!8m2!3d40.9992999!4d-73.8163125!16s%2Fg%2F11tmqh5wrm!19sChIJS7nVCieTwokRw2rzkQBCckI?authuser=0&hl=en&rclk=1","Golfzon Social - Scarsdale","4.8","(94)","Indoor golf course","·","","·","691 Central Park Ave","Open","⋅ Closes 10 p.m.","https://lh5.googleusercontent.com/p/AF1QipM2R80OmS4djto-V287iBNyPPENEQPdyvC0fwl6=w80-h106-k-no","","Dine-in"
"https://www.google.ca/maps/place/One+Golf+Haven/data=!4m7!3m6!1s0x89e80df08084436f:0x41273c5caaa43f05!8m2!3d41.2053454!4d-73.0921524!16s%2Fg%2F11r50389y8!19sChIJb0OEgPAN6IkRBT-kqlw8J0E?authuser=0&hl=en&rclk=1","One Golf Haven","4.8","(27)","Indoor golf course","·","","·","461 Bridgeport Ave","Open","⋅ Closes 10 p.m.","https://lh5.googleusercontent.com/p/AF1QipN02BjgQwZIVimaZoRmTuoO80DTJNI07sBslCLK=w122-h92-k-no","https://ssl.gstatic.com/local/servicebusiness/default_user.png","""Byob and the golfzon simulator gives as close to the real feel as possible."""
"https://www.google.ca/maps/place/IDG+CLUB+Golf+%26+Cafe/data=!4m7!3m6!1s0x89c2f999581c2843:0x7ddd8c652b812e4c!8m2!3d40.8734648!4d-74.0868111!16s%2Fg%2F11rrq5vw02!19sChIJQygcWJn5wokRTC6BK2WM3X0?authuser=0&hl=en&rclk=1","IDG CLUB Golf & Cafe","4.9","(90)","Indoor golf course","·","","·","1 S Main St STE 6","Open","⋅ Closes 10 p.m.","https://lh5.googleusercontent.com/p/AF1QipMq2PmppaO0L6V_pduyLgSGH7kWL86cuGuOMVAR=w80-h106-k-no","","Onsite services"
"https://www.google.ca/maps/place/Golf+Lounge+18/data=!4m7!3m6!1s0x89e7a9a123727511:0xbf2e6c5610bfd464!8m2!3d41.8222081!4d-72.8808891!16s%2Fg%2F11thnpfl38!19sChIJEXVyI6Gp54kRZNS_EFZsLr8?authuser=0&hl=en&rclk=1","Golf Lounge 18","4.8","(87)","Indoor golf course","·","","·","110 Albany Turnpike Suite# 909","Open","⋅ Closes 10 p.m.","https://lh5.googleusercontent.com/p/AF1QipNLRfsj3FXAivqv45-VUCZ3GRnG8IujdbTJpuS3=w80-h106-k-no","","Onsite services"
"https://www.google.ca/maps/place/West+End+Golf+Club/data=!4m7!3m6!1s0x89c2f9e75a30e9c3:0x9ea7f07a7dcd288f!8m2!3d40.8376491!4d-74.1170252!16s%2Fg%2F11khjxp133!19sChIJw-kwWuf5wokRjyjNfXrwp54?authuser=0&hl=en&rclk=1","West End Golf Club","4.8","(31)","Indoor golf course","·","","·","118 Jackson Ave","Open","⋅ Closes 8 p.m.","https://lh5.googleusercontent.com/p/AF1QipNyPPveB5Y9OGFJlJATSxNjiKo_aFq9hP0rkxPt=w122-h92-k-no","","Onsite services"
"https://www.google.ca/maps/place/Golf+Lounge+18/data=!4m7!3m6!1s0x89e81185de7e252f:0xa00f60b8f5ec6f56!8m2!3d41.1417827!4d-73.2661872!16s%2Fg%2F11ff4k8qpg!19sChIJLyV-3oUR6IkRVm_s9bhgD6A?authuser=0&hl=en&rclk=1","Golf Lounge 18","4.9","(105)","Indoor golf course","·","","·","85 Mill Plain Rd Suite H","Open","⋅ Closes 11 p.m.","https://lh5.googleusercontent.com/p/AF1QipMqci6TI__Aunvyi4zhujUTCh48qjXI-t3bdra6=w122-h92-k-no","https://ssl.gstatic.com/local/servicebusiness/default_user.png","""Super fun, intuitive, and amazing games and system - and a great staff too!"""
"https://www.google.ca/maps/place/Golf+Lounge+18/data=!4m7!3m6!1s0x89c29598688a179f:0x5f31f4955eee9f94!8m2!3d41.0306874!4d-73.759162!16s%2Fg%2F11j8dm0t_f!19sChIJnxeKaJiVwokRlJ_uXpX0MV8?authuser=0&hl=en&rclk=1","Golf Lounge 18","4.9","(51)","Indoor golf course","·","","·","125 Westchester Ave","Open","⋅ Closes 8 p.m.","https://lh5.googleusercontent.com/p/AF1QipN8A19pCkhp0oEpAuUazrzfJINxmHKMb1sRWb61=w122-h92-k-no","https://ssl.gstatic.com/local/servicebusiness/default_user.png","""The venue was perfect—fun, unique, and engaging for kids and adults alike."""
"https://www.google.ca/maps/place/Tee+Time+Golf/data=!4m7!3m6!1s0x89c25911ee2cd84b:0xaf0dd59d8c56b1af!8m2!3d40.7462548!4d-73.9866105!16s%2Fg%2F11vwrbmdgp!19sChIJS9gs7hFZwokRr7FWjJ3VDa8?authuser=0&hl=en&rclk=1","Tee Time Golf","5.0","(10)","Indoor golf course","·","","·","286 5th Ave FL8","Open","⋅ Closes 8:30 p.m.","https://lh5.googleusercontent.com/p/AF1QipMhqx5VwrLj2EYh2WIyqTJg7fLGMJZWaMvBBKCK=w80-h106-k-no","","Onsite services"
"https://www.google.ca/maps/place/iGolf+By+Space+NYC+%7C+Trackman+%26+Kakao+VX+Simulators/data=!4m7!3m6!1s0x89c2594764e5c03b:0xbd6219b4acdade35!8m2!3d40.7475891!4d-73.986913!16s%2Fg%2F11vdwbv8b0!19sChIJO8DlZEdZwokRNd7arLQZYr0?authuser=0&hl=en&rclk=1","iGolf By Space NYC | Trackman & Kakao VX Simulators","5.0","(49)","Indoor golf course","·","","·","22 W 32nd St Floor 6","Open","⋅ Closes 12 a.m.","https://lh5.googleusercontent.com/p/AF1QipMHpoV_qQ3sA4GxeNYB-XRw6FVEsXRTqlf8nbdl=w128-h92-k-no","https://ssl.gstatic.com/local/servicebusiness/default_user.png","""Prices are great and staff are friendly and accommodating."""
"https://www.google.ca/maps/place/Indoor+Golf+at+Chris+Cote%27s+Golf+Shop/data=!4m7!3m6!1s0x89e6495fcfcbac7f:0xa2685b135ae3dc5b!8m2!3d41.5749078!4d-72.612739!16s%2Fg%2F11fntdcklg!19sChIJf6zLz19J5okRW9zjWhNbaKI?authuser=0&hl=en&rclk=1","Indoor Golf at Chris Cote's Golf Shop","4.9","(182)","Indoor golf course","·","","·","750B Portland-Cobalt Rd","Open","⋅ Closes 8 p.m.","https://lh5.googleusercontent.com/p/AF1QipNPW53KZJdINuh1XWD9xjY_HszShMSJszZNH4Nw=w80-h106-k-no","","Onsite services"
"https://www.google.ca/maps/place/Bushwood+Indoor+Golf/data=!4m7!3m6!1s0x89e671580eafdd77:0x2e9aa7f348cb7207!8m2!3d41.5544517!4d-72.1089337!16s%2Fg%2F11vhs0l92v!19sChIJd92vDlhx5okRB3LLSPOnmi4?authuser=0&hl=en&rclk=1","Bushwood Indoor Golf","4.9","(29)","Indoor golf course","·","","·","188 W Town St","Open","⋅ Closes 8 p.m.","https://lh5.googleusercontent.com/p/AF1QipPFZ5mXa2d7He80d_6LF-UGHcqt8eiD4DJVIcJa=w163-h92-k-no","https://ssl.gstatic.com/local/servicebusiness/default_user.png","""Great atmosphere and good simulators"""
"https://www.google.ca/maps/place/Players+Club+Virtual+Golf/data=!4m7!3m6!1s0x89c2fae765dfad5f:0xf5dcbbfb0916d7db!8m2!3d40.9444274!4d-74.0698367!16s%2Fg%2F1tksp8__!19sChIJX63fZef6wokR29cWCfu73PU?authuser=0&hl=en&rclk=1","Players Club Virtual Golf","4.6","(78)","Indoor golf course","·","","·","348 Evelyn St","Open","⋅ Closes 9 p.m.","https://lh5.googleusercontent.com/p/AF1QipMbpExnJ2CLTBuhf8OZhc1NtbD1OCWaZid0hmUt=w80-h106-k-no","https://ssl.gstatic.com/local/servicebusiness/default_user.png","""Great facility and very reasonably priced."""
"https://www.google.ca/maps/place/The+Experience/data=!4m7!3m6!1s0x89e8303413347041:0xd3f178f74dd1a033!8m2!3d40.8111141!4d-73.2578097!16s%2Fg%2F11bwqbr1p9!19sChIJQXA0EzQw6IkRM6DRTfd48dM?authuser=0&hl=en&rclk=1","The Experience","4.7","(381)","Indoor golf course","·","","·","180 Commerce Dr","Open","⋅ Closes 8 p.m.","https://lh5.googleusercontent.com/p/AF1QipPD6GtQau3-v8TBj2_Sy3IYQkJ2YECZ3m4hO-Yk=w147-h92-k-no","https://ssl.gstatic.com/local/servicebusiness/default_user.png","""Our guests had so much fun using the simulators and raved about the food!"""
"https://www.google.ca/maps/place/Raritan+Ridge+Indoor+Golf/data=!4m7!3m6!1s0x89c3b8c90ff8f6cb:0x75b64fd6d6a9c084!8m2!3d40.5748355!4d-74.4887683!16s%2Fg%2F1pv19p5kx!19sChIJy_b4D8m4w4kRhMCp1tZPtnU?authuser=0&hl=en&rclk=1","Raritan Ridge Indoor Golf","4.7","(18)","Indoor golf course","·","","·","822 Lincoln Blvd Unit B","Open","⋅ Closes 10 p.m.","https://lh5.googleusercontent.com/p/AF1QipNOyphbUQZ2hh-h852CSjOL1wyOBXb855ZcoyeG=w163-h92-k-no","https://ssl.gstatic.com/local/servicebusiness/default_user.png","""The price is not expensive and the they have 2 bathrooms and they are clean."""
"https://www.google.ca/maps/place/Five+Iron+Golf/data=!4m7!3m6!1s0x89c259a30003b3d5:0x297eb90e9286edaa!8m2!3d40.7390851!4d-73.9918869!16s%2Fg%2F11dyqs1rcm!19sChIJ1bMDAKNZwokRqu2Gkg65fik?authuser=0&hl=en&rclk=1","Five Iron Golf","4.8","(293)","Indoor golf course","·","","·","138 5th Ave","Open","⋅ Closes 11 p.m.","https://lh5.googleusercontent.com/p/AF1QipNIaWgDmeT11BkbHOwFS7SEx7yeAt8zo1SjUQra=w163-h92-k-no","","Onsite services"
"https://www.google.ca/maps/place/Golf+Lounge+18/data=!4m7!3m6!1s0x89e87568aca846e1:0x83ae271fbde0314b!8m2!3d41.2623868!4d-73.0024233!16s%2Fg%2F11fp8kx4c1!19sChIJ4UaorGh16IkRSzHgvR8nroM?authuser=0&hl=en&rclk=1","Golf Lounge 18","4.8","(84)","Indoor golf course","·","","·","220 Indian River Rd","Open","⋅ Closes 10 p.m.","https://lh5.googleusercontent.com/p/AF1QipOoPSoht9HbFi4hRGXZzfebMG5Rn7s66yVl8PuT=w122-h92-k-no","","Onsite services"
"https://www.google.ca/maps/place/9%C2%B0%28Degree%29+Golf+-+Golf+Simulator,+Bar+%26+Restaurant/data=!4m7!3m6!1s0x89c2f7bbb1ebb495:0x7de3c7b4dad90cb4!8m2!3d40.8505339!4d-73.9697279!16s%2Fg%2F11tcs7886_!19sChIJlbTrsbv3wokRtAzZ2rTH430?authuser=0&hl=en&rclk=1","9°(Degree) Golf - Golf Simulator, Bar & Restaurant","4.3","(59)","Indoor golf course","·","","·","1642 Schlosser St 2nd Floor","Open","⋅ Closes 12 a.m.","https://lh5.googleusercontent.com/p/AF1QipOws3A_iYfyhALR6P69-nFUzPVygPAC4QoADu26=w163-h92-k-no","","Dine-in"
"https://www.google.ca/maps/place/Choice+Screen+Golf/data=!4m7!3m6!1s0x89c261e034e204af:0x36b0dc128f0dc9b!8m2!3d40.7628558!4d-73.7684949!16s%2Fg%2F11hbk9bx0w!19sChIJrwTiNOBhwokRm9zwKMENawM?authuser=0&hl=en&rclk=1","Choice Screen Golf","4.5","(93)","Indoor golf course","·","","·","42-02 215th St 2nd floor","Open","⋅ Closes 12 a.m.","https://lh5.googleusercontent.com/p/AF1QipPo_BzoWCzQJ26lGFKR_jd0X3YKTC-_rAGh30Z6=w270-h92-k-no","https://ssl.gstatic.com/local/servicebusiness/default_user.png","""Clean good working equipment"""
"https://www.google.ca/maps/place/Five+Iron+Golf/data=!4m7!3m6!1s0x89c259bf528f3d2d:0x509203fbc8329acd!8m2!3d40.7839425!4d-73.9499197!16s%2Fg%2F11tx0_jd0_!19sChIJLT2PUr9ZwokRzZoyyPsDklA?authuser=0&hl=en&rclk=1","Five Iron Golf","4.9","(203)","Indoor golf course","·","","·","1681 3rd Ave","Open","⋅ Closes 11 p.m.","https://lh5.googleusercontent.com/p/AF1QipNeEdjiWGObMcp40kzsHYi1_7vHnZZ1nkG0lH9Q=w137-h92-k-no","","Onsite services"
"https://www.google.ca/maps/place/Golf+On+6/data=!4m7!3m6!1s0x89c2b596ea286c41:0x62097bb4cd4bbb1b!8m2!3d41.3523178!4d-73.7494506!16s%2Fg%2F11h3ng74mj!19sChIJQWwo6pa1wokRG7tLzbR7CWI?authuser=0&hl=en&rclk=1","Golf On 6","4.6","(46)","Indoor golf course","·","","·","250 US-6","Open","⋅ Closes 10 p.m.","https://lh5.googleusercontent.com/p/AF1QipOn1uv-6Tpo5OghmKUUW0LMq_gxdKEQVTckocD3=w122-h92-k-no","https://ssl.gstatic.com/local/servicebusiness/default_user.png","""Simulators are clean and up to date."""
"https://www.google.ca/maps/place/Five+Iron+Golf/data=!4m7!3m6!1s0x89c25b542c7c90bd:0x4dcc25ac78634dc2!8m2!3d40.7039276!4d-74.0118565!16s%2Fg%2F11fjqhhh7_!19sChIJvZB8LFRbwokRwk1jeKwlzE0?authuser=0&hl=en&rclk=1","Five Iron Golf","4.7","(170)","Indoor golf course","·","","·","22 Stone St","Open","⋅ Closes 11 p.m.","https://lh5.googleusercontent.com/p/AF1QipNDEZWnw5yppfbOXuGsBIN7wJdWl8tdBDUWQ_8n=w163-h92-k-no","","Onsite services"
"https://www.google.ca/maps/place/Millburn+Indoor+Golf+Club/data=!4m7!3m6!1s0x89c3ad00309f6abd:0x43a5cae0ee254c4f!8m2!3d40.7231354!4d-74.3093755!16s%2Fg%2F11y5vnb8jd!19sChIJvWqfMACtw4kRT0wl7uDKpUM?authuser=0&hl=en&rclk=1","Millburn Indoor Golf Club","5.0","(8)","Indoor golf course","·","","378 Millburn Ave","","Open 24 hours","","https://lh5.googleusercontent.com/p/AF1QipNvHbPEC9qIg_k58806N-kwaA0d6keFJvwMCv7q=w80-h106-k-no","https://ssl.gstatic.com/local/servicebusiness/default_user.png","""Huge amount of courses to choose from within the simulator."""
"https://www.google.ca/maps/place/Florham+Park+Golf+Club/data=!4m7!3m6!1s0x89c3a9bc71dae9a3:0xc3e4b057024f1ec!8m2!3d40.7879654!4d-74.3921472!16s%2Fg%2F11vkkd1342!19sChIJo-nacbypw4kR7PEkcAVLPgw?authuser=0&hl=en&rclk=1","Florham Park Golf Club","5.0","(17)","Indoor golf course","·","","·","187 Columbia Turnpike","Open","⋅ Closes 8 p.m.","https://lh5.googleusercontent.com/p/AF1QipO4X2twC0V9hpaJ3UsqEzjMz62rQPWR5e8mP4cY=w80-h106-k-no","https://ssl.gstatic.com/local/servicebusiness/default_user.png","""It’s super clean and they have a very friendly staff."""
"https://www.google.ca/maps/place/Tee+Performance+Indoor+Golf/data=!4m7!3m6!1s0x89c35d747520979b:0x1fe00570c1aa5906!8m2!3d41.2254776!4d-74.8038976!16s%2Fg%2F11gh9p6k59!19sChIJm5cgdXRdw4kRBlmqwXAF4B8?authuser=0&hl=en&rclk=1","Tee Performance Indoor Golf","4.6","(38)","Indoor golf course","·","","·","183 Rt 206 South","Open","⋅ Closes 7 p.m.","https://lh5.googleusercontent.com/p/AF1QipMendR6mgRGgx20Ycbxfq2yVRmJRUHK4XdD3goJ=w123-h92-k-no","https://ssl.gstatic.com/local/servicebusiness/default_user.png","""Accurate indoor golf
Owner friendly and helpful learning how to use"""
"https://www.google.ca/maps/place/Swing+Loose+Indoor+Golf/data=!4m7!3m6!1s0x89c2334147a61675:0xaad0c61e3252f9e8!8m2!3d40.3645682!4d-74.1670737!16s%2Fg%2F11h7q76hcf!19sChIJdRamR0EzwokR6PlSMh7G0Ko?authuser=0&hl=en&rclk=1","Swing Loose Indoor Golf","4.9","(61)","Indoor golf course","·","","·","Bell Works Complex, 101 Crawfords Corner Rd","Open","⋅ Closes 7 p.m.","https://lh5.googleusercontent.com/p/AF1QipOhyDTC1YJnOH39jaJQJZe4JqS_fjZuDmzhCJn-=w122-h92-k-no","","Onsite services"
"https://www.google.ca/maps/place/ZSTRICT+at+Chelsea+Piers/data=!4m7!3m6!1s0x89c2a12a4799d025:0xabb89d1f646abb31!8m2!3d41.0509484!4d-73.5167523!16s%2Fg%2F11h_6x9wpl!19sChIJJdCZRyqhwokRMbtqZB-duKs?authuser=0&hl=en&rclk=1","ZSTRICT at Chelsea Piers","4.9","(357)","Indoor golf course","·","","·","1 Blachley Rd Suite #102","Open","⋅ Closes 10:30 p.m.","https://lh5.googleusercontent.com/p/AF1QipOJEHgj5TyeDGjjS4qhrAUefMYjg9ucG-Mgbr5w=w138-h92-k-no","https://ssl.gstatic.com/local/servicebusiness/default_user.png","""They have high quality simulators and a fun atmosphere."""
"https://www.google.ca/maps/place/LoftLinks+-+Upper+East+Side+Golf/data=!4m7!3m6!1s0x89c259acccdc7b11:0xe27612add7a09fe!8m2!3d40.7797929!4d-73.9539596!16s%2Fg%2F11j4vrg87f!19sChIJEXvczKxZwokR_gl63SphJw4?authuser=0&hl=en&rclk=1","LoftLinks - Upper East Side Golf","4.5","(36)","Indoor golf course","·","","·","177 E 87th St Suite 200","Closes soon","⋅ 6 p.m. ⋅ Opens 7 a.m. Mon","https://lh5.googleusercontent.com/p/AF1QipNdMvMWycyJupwDcIjI9_GgMq8eds4H7FP6LqX_=w138-h92-k-no","https://ssl.gstatic.com/local/servicebusiness/default_user.png","""great spot with super friendly staff and knowledgeable coaches."""
"https://www.google.ca/maps/place/The+Green+973/data=!4m7!3m6!1s0x89c36d5163c91e45:0x72d30391e16b15f7!8m2!3d41.0814457!4d-74.6534465!16s%2Fg%2F11sdn8xd6m!19sChIJRR7JY1Ftw4kR9xVr4ZED03I?authuser=0&hl=en&rclk=1","The Green 973","4.9","(179)","Indoor golf course","·","","·","10 Park Lake Rd","Closes soon","⋅ 6 p.m. ⋅ Opens 9 a.m. Mon","https://lh5.googleusercontent.com/p/AF1QipPOkzAOegz8MTRmY12oTXqv_u7ob-NHf2aiyLsV=w92-h92-k-no","","Onsite services"
"https://www.google.ca/maps/place/Big+Indoor+Golf/data=!4m7!3m6!1s0x89e829aa6fdd00e3:0x2a76a3831c1709d8!8m2!3d40.7329799!4d-73.4240151!16s%2Fg%2F11g9n2l9dz!19sChIJ4wDdb6op6IkR2AkXHIOjdio?authuser=0&hl=en&rclk=1","Big Indoor Golf","4.7","(40)","Indoor golf course","·","","·","1260 Broadhollow Rd","Closes soon","⋅ 6 p.m. ⋅ Opens 12 p.m. Mon","https://lh5.googleusercontent.com/p/AF1QipPCju7tw4boIwRaSS5zYINZWg8dbg7uQHXM8ljx=w147-h92-k-no","https://ssl.gstatic.com/local/servicebusiness/default_user.png","""Friendly service and great simulator setup!"""
"https://www.google.ca/maps/place/The+Challenger+Bay+Indoor+Golf+%26+Sports+Bar/data=!4m7!3m6!1s0x89c2e9fd39ddf94f:0x7a181f1434bcc6f2!8m2!3d41.0939216!4d-73.9467093!16s%2Fg%2F11tg6phrsg!19sChIJT_ndOf3pwokR8sa8NBQfGHo?authuser=0&hl=en&rclk=1","The Challenger Bay Indoor Golf & Sports Bar","5.0","(21)","Indoor golf course","·","","·","306 NY-59","Open","⋅ Closes 10 p.m.","https://lh5.googleusercontent.com/p/AF1QipM5KbZ3_0aiQbT7BGU_1YMitUIpQjl5han-c2A7=w122-h92-k-no","https://ssl.gstatic.com/local/servicebusiness/default_user.png","""The place was clean and the bays for the virtual golf were good."""
"https://www.google.ca/maps/place/Golf+v.2+-+Brooklyn+Heights/data=!4m7!3m6!1s0x89c25ba356c1c52d:0x9658e41a0a78142d!8m2!3d40.694724!4d-73.9948612!16s%2Fg%2F11w8xmxdnt!19sChIJLcXBVqNbwokRLRR4ChrkWJY?authuser=0&hl=en&rclk=1","Golf v.2 - Brooklyn Heights","4.7","(10)","Indoor golf course","·","","116 Montague St","","Open","⋅ Closes 8 p.m.","https://lh5.googleusercontent.com/p/AF1QipPIrCvLYgklXcDPwSQCPaVcpWQpPxV2RR0PEb7N=w122-h92-k-no","https://ssl.gstatic.com/local/servicebusiness/default_user.png","""They use trackman technology and have 4 hitting bays."""
"https://www.google.ca/maps/place/Friends+Screen+Golf/data=!4m7!3m6!1s0x89c2f70176cf9243:0x3301188474e2bb80!8m2!3d40.8312063!4d-73.992874!16s%2Fg%2F11srfxz2k1!19sChIJQ5LPdgH3wokRgLvidIQYATM?authuser=0&hl=en&rclk=1","Friends Screen Golf","4.0","(40)","Indoor golf course","·","","685 Bergen Blvd","","Open","⋅ Closes 12 a.m.","https://lh5.googleusercontent.com/p/AF1QipP8p4Sl4tHgHJqrOUqh59lQtNOZ2ZPfeDU6yHVv=w122-h92-k-no","https://ssl.gstatic.com/local/servicebusiness/default_user.png","""Pristine and clean facility, high ceilings and great customer service."""
"https://www.google.ca/maps/place/The+Back+Nine+Indoor+Golf/data=!4m7!3m6!1s0x89c2c9a9de840e33:0xe19aa80b5ee502a0!8m2!3d41.2986488!4d-73.8887634!16s%2Fg%2F1ptxlhk10!19sChIJMw6E3qnJwokRoALlXguomuE?authuser=0&hl=en&rclk=1","The Back Nine Indoor Golf","4.5","(242)","Indoor golf course","·","","·","2050 E Main St","Open","⋅ Closes 10 p.m.","https://lh5.googleusercontent.com/p/AF1QipNPOT9ei_Wf_7ZytY03bAsKm9-VJGxC5V_0sl8O=w80-h106-k-no","https://ssl.gstatic.com/local/servicebusiness/default_user.png","""Fun and reasonable, helpful staff for total beginners."""
"https://www.google.ca/maps/place/DC+Indoor+Golf+Club/data=!4m7!3m6!1s0x89dd3e720b1f6cfb:0xb50f84339fc9ddf7!8m2!3d41.7031717!4d-73.9244088!16s%2Fg%2F126228jy7!19sChIJ-2wfC3I-3YkR993JnzOED7U?authuser=0&hl=en&rclk=1","DC Indoor Golf Club","4.5","(71)","Indoor golf course","·","","·","10 Crannell St","Open","⋅ Closes 8 p.m.","https://lh5.googleusercontent.com/p/AF1QipMQG4nhim61rEAkb-PHJn8ZMCYuIoOhlDMj0yio=w163-h92-k-no","https://ssl.gstatic.com/local/servicebusiness/default_user.png","""Great spot with good food and nice simulators."""
"https://www.google.ca/maps/place/The+Clubhouse+%7C+Eat+%E2%80%A2+Drink+%E2%80%A2+Golf/data=!4m7!3m6!1s0x89c301221cfa1821:0xaec721eeb313bf5e!8m2!3d40.881737!4d-74.2883613!16s%2Fg%2F11cs9wspm4!19sChIJIRj6HCIBw4kRXr8Ts-4hx64?authuser=0&hl=en&rclk=1","The Clubhouse | Eat • Drink • Golf","4.8","(158)","Indoor golf course","·","","·","410 US-46","Open","⋅ Closes 11 p.m.","https://lh5.googleusercontent.com/p/AF1QipNOiU_YcTv-09eD5EJ8ZYbfdFCq5I0atpN-tOkR=w137-h92-k-no","","Dine-in"
"https://www.google.ca/maps/place/The+Hack+Shack/data=!4m7!3m6!1s0x89c259a7483198c9:0xa913f4f3bb6b7cd3!8m2!3d40.7530233!4d-73.986164!16s%2Fg%2F1t_wq86n!19sChIJyZgxSKdZwokR03xru_P0E6k?authuser=0&hl=en&rclk=1","The Hack Shack","4.7","(72)","Indoor golf course","·","","·","108 W 39th St Suite #310","Open","⋅ Closes 9 p.m.","https://lh5.googleusercontent.com/p/AF1QipM0sdJ0HRF2TrR5KRpxdZGHOKR7Ty171dmO4hPk=w80-h120-k-no","https://ssl.gstatic.com/local/servicebusiness/default_user.png","""Friendly staff, great club selection, best simulator in the city"""
"https://www.google.ca/maps/place/Oakwood+Virtual+Golf/data=!4m7!3m6!1s0x89e651afef4db2cb:0x66550e94ea2c5275!8m2!3d41.7098157!4d-72.5785311!16s%2Fg%2F11c1nwc63w!19sChIJy7JN769R5okRdVIs6pQOVWY?authuser=0&hl=en&rclk=1","Oakwood Virtual Golf","4.7","(112)","Indoor golf course","·","","·","293 Oakwood Dr","Open","⋅ Closes 8 p.m.","https://lh5.googleusercontent.com/p/AF1QipNnaT22B6TKuHK-7gPd8ZenH3th78DAM1TxPYOs=w138-h92-k-no","","Onsite services"
"https://www.google.ca/maps/place/BLEU+GOLF/data=!4m7!3m6!1s0x89c261da8e132a81:0x3301c10195d4cd4a!8m2!3d40.7597747!4d-73.8043415!16s%2Fg%2F11ll5jqmm2!19sChIJgSoTjtphwokRSs3UlQHBATM?authuser=0&hl=en&rclk=1","BLEU GOLF","4.4","(11)","Indoor golf course","·","","4216 162nd St","","Open","⋅ Closes 10 p.m.","https://lh5.googleusercontent.com/p/AF1QipMprAQJw6lbtarsU9Puu5ORowE0YfL5_JtmZ3jp=w163-h92-k-no","https://ssl.gstatic.com/local/servicebusiness/default_user.png","""Jack is a good man"""
"https://www.google.ca/maps/place/Four+Seasons+Golf/data=!4m7!3m6!1s0x89e60c066a3c5a89:0x9894a64f6fdf2e1!8m2!3d41.3722584!4d-72.0514209!16s%2Fg%2F1td4w8_1!19sChIJiVo8agYM5okR4fL99mRKiQk?authuser=0&hl=en&rclk=1","Four Seasons Golf","4.8","(24)","Indoor golf course","·","","515 Gold Star Hwy","","Open","⋅ Closes 7 p.m.","https://lh5.googleusercontent.com/p/AF1QipNTaRnhTca3yJ1hFksNXlgIo1Bshr7b0B3Gipix=w122-h92-k-no","https://ssl.gstatic.com/local/servicebusiness/default_user.png","""Great price good variety of course s next best thing to being outside"""
"https://www.google.ca/maps/place/Bear%27s+Virtual+Golf/data=!4m7!3m6!1s0x89e4293eb4bad823:0xf8ada39508476194!8m2!3d41.8057518!4d-71.885025!16s%2Fg%2F11lkpsc179!19sChIJI9i6tD4p5IkRlGFHCJWjrfg?authuser=0&hl=en&rclk=1","Bear's Virtual Golf","5.0","(21)","Indoor golf course","·","","31 Commerce Ave","","Open","⋅ Closes 8 p.m.","https://lh5.googleusercontent.com/p/AF1QipN30DUxBx7i_Lyoy3Sf99NSRoGQlJxoaBWpa9tN=w80-h106-k-no","","Onsite services"
"https://www.google.ca/maps/place/Forged+Iron+Golf/data=!4m7!3m6!1s0x89c2bb8c8edb415f:0x75e536b065b57f34!8m2!3d41.2140299!4d-73.7259992!16s%2Fg%2F11qnkbx3r3!19sChIJX0Hbjoy7wokRNH-1ZbA25XU?authuser=0&hl=en&rclk=1","Forged Iron Golf","4.6","(21)","Indoor golf course","·","","·","145 Kisco Ave","Open","⋅ Closes 8 p.m.","https://lh5.googleusercontent.com/p/AF1QipOCNd5lmjzb3TpTdFunpYi4oupGZ6Z7FTzW4ioS=w80-h106-k-no","","Onsite services"
"https://www.google.ca/maps/place/Urban+Golf+-+NY/data=!4m7!3m6!1s0x89c29436b8033e03:0x43c1e0b97b2566e1!8m2!3d41.0332399!4d-73.7661881!16s%2Fg%2F11f0kvftpn!19sChIJAz4DuDaUwokR4WYle7ngwUM?authuser=0&hl=en&rclk=1","Urban Golf - NY","5.0","(2)","Indoor golf course","·","","·","245 Main St #100","Open","⋅ Closes 8 p.m.","https://streetviewpixels-pa.googleapis.com/v1/thumbnail?panoid=ARF6GWk6zoWsE9p0VMpy2A&cb_client=search.gws-prod.gps&w=80&h=92&yaw=61.39667&pitch=0&thumbfov=100","",""
"https://www.google.ca/maps/place/Back+9+Social/data=!4m7!3m6!1s0x89e7cfb6476dc201:0x5863535faedd0e68!8m2!3d41.477628!4d-72.8134307!16s%2Fg%2F11s15mj91s!19sChIJAcJtR7bP54kRaA7drl9TY1g?authuser=0&hl=en&rclk=1","Back 9 Social","4.8","(129)","Indoor golf course","·","","·","805 N Colony Rd","Closes soon","⋅ 6 p.m. ⋅ Opens 4 p.m. Mon","https://lh5.googleusercontent.com/p/AF1QipMjNRv6zrNZEMQWPuBrNdBxi5syQGP9oGHdTLK9=w137-h92-k-no","","Dine-in"
"https://www.google.ca/maps/place/Brookfield+Indoor+Golf+%2B+Event+Lounge+at+Maggie+McFly%27s/data=!4m7!3m6!1s0x89e7f910b2333f99:0xaea7db171d17251b!8m2!3d41.441583!4d-73.403998!16s%2Fg%2F1td9x4qd!19sChIJmT8zshD554kRGyUXHRfbp64?authuser=0&hl=en&rclk=1","Brookfield Indoor Golf + Event Lounge at Maggie McFly's","4.2","(18)","Indoor golf course","·","","·","195 Federal Rd #2556","Open","⋅ Closes 1 a.m.","https://lh5.googleusercontent.com/p/AF1QipOeCCHinlKbrWgzTnbr2lxjgYk7tliKYPc9ys9T=w137-h92-k-no","https://ssl.gstatic.com/local/servicebusiness/default_user.png","""Staff was super apologetic and the only redeeming quality of my experience."""
"https://www.google.ca/maps/place/Golf+Lab+CT/data=!4m7!3m6!1s0x89e80f338151bde1:0xdc41e0172e569c6f!8m2!3d41.1826697!4d-73.2558722!16s%2Fg%2F11vlgw0czd!19sChIJ4b1RgTMP6IkRb5xWLhfgQdw?authuser=0&hl=en&rclk=1","Golf Lab CT","5.0","(7)","Indoor golf course","·","","·","2317 Black Rock Tpke","Open 24 hours","","https://lh5.googleusercontent.com/p/AF1QipNHnkftwCECt0VHTsSjPK-Hgq6m3uV2g8V_Xo0U=w122-h92-k-no","https://ssl.gstatic.com/local/servicebusiness/default_user.png","""Highly recommended!"""
"https://www.google.ca/maps/place/Under+Par+NJ/data=!4m7!3m6!1s0x89c2ef1beecdc975:0xafc307e52d16071f!8m2!3d41.0169298!4d-73.9464985!16s%2Fg%2F11vx6qpqwf!19sChIJdcnN7hvvwokRHwcWLeUHw68?authuser=0&hl=en&rclk=1","Under Par NJ","5.0","(18)","Indoor golf course","·","","281 Livingston St","","Open","⋅ Closes 9 p.m.","https://lh5.googleusercontent.com/p/AF1QipOheYK-SZAQatqtN0WabQotrqqnQLzEoj2s8QzI=w122-h92-k-no","https://ssl.gstatic.com/local/servicebusiness/default_user.png","""The facility is also clean, modern, and well-maintained."""
"https://www.google.ca/maps/place/Rockaway+Beach+Golf+Club/data=!4m7!3m6!1s0x89c26839cc6d2087:0xb5edd693bc7f81fb!8m2!3d40.5844053!4d-73.8216314!16s%2Fg%2F11clygqgsc!19sChIJhyBtzDlowokR-4F_vJPW7bU?authuser=0&hl=en&rclk=1","Rockaway Beach Golf Club","4.7","(40)","Indoor golf course","·","","·","219 Beach 100th St","Open","⋅ Closes 12 a.m.","https://lh5.googleusercontent.com/p/AF1QipM51HA-A5z4IOCZO04dI7P147hwODy5VaGnJkbZ=w137-h92-k-no","https://ssl.gstatic.com/local/servicebusiness/default_user.png","""Would recommend for small parties of about 30-35 people."""
"https://www.google.ca/maps/place/Patty+B%27s+Golf+Shack/data=!4m7!3m6!1s0x89e42704488e0cbb:0x29f0041d9d3c19a5!8m2!3d41.9173773!4d-71.907671!16s%2Fg%2F11ld62swz2!19sChIJuwyOSAQn5IkRpRk8nR0E8Ck?authuser=0&hl=en&rclk=1","Patty B's Golf Shack","5.0","(10)","Indoor golf course","·","","26 Buck St","","","","https://lh5.googleusercontent.com/p/AF1QipOt45m3hixfLj878eiG5cvonphyOzr3p6iGcwwp=w80-h120-k-no","https://ssl.gstatic.com/local/servicebusiness/default_user.png","""Patty B’s Golf Shack has a clean and professional setup."""
"https://www.google.ca/maps/place/Pinnacle+Golf+Club/data=!4m7!3m6!1s0x89c27b50656421af:0x776ce69dc871c7d3!8m2!3d40.6587029!4d-73.6423152!16s%2Fg%2F1tffq83m!19sChIJryFkZVB7wokR08dxyJ3mbHc?authuser=0&hl=en&rclk=1","Pinnacle Golf Club","4.4","(14)","Indoor golf course","·","","·","60 Maple Ave","Open","⋅ Closes 11 p.m.","https://lh5.googleusercontent.com/p/AF1QipMDGMprlob3YehpmA50Hd0Ewbd19b0r-mfgeoLL=w122-h92-k-no","https://ssl.gstatic.com/local/servicebusiness/default_user.png","""Highly recommend you check this spot out if you are a golfer!"""
"https://www.google.ca/maps/place/Ready+Golf+Club/data=!4m7!3m6!1s0x89c25915a4632a33:0x73e262a5b2c81f1d!8m2!3d40.7266026!4d-73.9888109!16s%2Fg%2F11wjc0bjp7!19sChIJMypjpBVZwokRHR_IsqVi4nM?authuser=0&hl=en&rclk=1","Ready Golf Club","5.0","(25)","Indoor golf course","·","","300 E 5th St","","Open 24 hours","","https://lh5.googleusercontent.com/p/AF1QipNtqkTbC8zA5CjDXYNSBmN-2ypujwkN654NHFx2=w122-h92-k-no","https://ssl.gstatic.com/local/servicebusiness/default_user.png","""High quality simulators at a very reasonable price."""
"https://www.google.ca/maps/place/The+Back+Nine+Golf+%7C+Pompton+Plains,+NJ/data=!4m7!3m6!1s0x89c303676ba0221d:0xdbcc72009d7ce257!8m2!3d40.9697173!4d-74.2853512!16s%2Fg%2F11w824rhbc!19sChIJHSKga2cDw4kRV-J8nQByzNs?authuser=0&hl=en&rclk=1","The Back Nine Golf | Pompton Plains, NJ","5.0","(23)","Indoor golf course","·","","·","566 NJ-23","Closed","⋅ Opens 11 a.m. Mon","https://lh5.googleusercontent.com/p/AF1QipOzPdA7GkVWeM1ZrmUuMQnYQmBAPXb18NiE0zWk=w138-h92-k-no","","Onsite services"
"https://www.google.ca/maps/place/Rodeo+Plaza+Screen+Golf/data=!4m7!3m6!1s0x89c2f7138fb1024d:0xf863c387a0fc2deb!8m2!3d40.8466504!4d-73.9992531!16s%2Fg%2F11sqw52_5_!19sChIJTQKxjxP3wokR6y38oIfDY_g?authuser=0&hl=en&rclk=1","Rodeo Plaza Screen Golf","4.2","(94)","Indoor golf course","·","","·","225 Broad Ave #101","Open","⋅ Closes 12 a.m.","https://lh5.googleusercontent.com/p/AF1QipM1jkPdh0HQsnpnltZYGaN07l0pQ87YOIgvmsTu=w80-h106-k-no","https://ssl.gstatic.com/local/servicebusiness/default_user.png","""We had a great experience and played for 3 hours."""
"https://www.google.ca/maps/place/The+Office+Golf+CT/data=!4m7!3m6!1s0x89dd5764a1dd353b:0xd42551454cc0fa36!8m2!3d41.4668498!4d-73.4807661!16s%2Fg%2F11ss13pvgb!19sChIJOzXdoWRX3YkRNvrATEVRJdQ?authuser=0&hl=en&rclk=1","The Office Golf CT","4.4","(7)","Indoor golf course","·","","·","4 Dunham Dr","Open 24 hours","","https://lh5.googleusercontent.com/p/AF1QipPbWZg9T2qXW4aYZcQTUg8RPOIjAWrZnMIbCbj1=w122-h92-k-no","https://ssl.gstatic.com/local/servicebusiness/default_user.png","""Great facilities, helpful orientation, easy to use."""
"https://www.google.ca/maps/place/Chatham+Indoor+Golf+Club/data=!4m7!3m6!1s0x89c3afef9b9d3367:0x53284681565e0eb7!8m2!3d40.7399133!4d-74.3757095!16s%2Fg%2F11sdbn4wjl!19sChIJZzOdm--vw4kRtw5eVoFGKFM?authuser=0&hl=en&rclk=1","Chatham Indoor Golf Club","4.1","(9)","Indoor golf course","·","","·","11A Roosevelt Ave","Open","⋅ Closes 12 a.m.","https://lh5.googleusercontent.com/p/AF1QipMmVsv23n_52aEDwgbOgvGW9UDO49M_8cmor89Z=w122-h92-k-no","https://ssl.gstatic.com/local/servicebusiness/default_user.png","""Two types of memberships, the full membership seems to be much better value."""
"https://www.google.ca/maps/place/Play!+Hoboken/data=!4m7!3m6!1s0x89c2575c20241a63:0x4dedd0c56a31b80c!8m2!3d40.7502593!4d-74.0331064!16s%2Fg%2F1tdfp55r!19sChIJYxokIFxXwokRDLgxasXQ7U0?authuser=0&hl=en&rclk=1","Play! Hoboken","4.0","(93)","Indoor golf course","·","","·","1012 Grand Street FL3 FL2","Open","⋅ Closes 10 p.m.","https://lh5.googleusercontent.com/p/AF1QipPAbfYSensnqZKmkl78cCdyWvvNpIy6v5ufqTp-=w122-h92-k-no","https://ssl.gstatic.com/local/servicebusiness/default_user.png","""Amazing atmosphere, great prices, and awesome employees."""
"https://www.google.ca/maps/place/Essex+Golf+Center/data=!4m7!3m6!1s0x89c3a9ebf17deb81:0xcaf6cb392c0b2b3!8m2!3d40.8273124!4d-74.3300323!16s%2Fg%2F1tl9nhtn!19sChIJget98eupw4kRs7LAkrNsrww?authuser=0&hl=en&rclk=1","Essex Golf Center","4.2","(192)","Golf driving range","·","","·","600 Eagle Rock Ave","Open","⋅ Closes 9 p.m.","https://lh5.googleusercontent.com/p/AF1QipOCjEnVrWIifkno_R8wMJ-XF--mE0AR7kDJUaNf=w122-h92-k-no","","Onsite services"
"https://www.google.ca/maps/place/Fore+Seasons+Golf+Club/data=!4m7!3m6!1s0x89e7dc86aa8723c9:0xc817f7e21e0203c2!8m2!3d41.4002064!4d-72.9997028!16s%2Fg%2F1hc78g67j!19sChIJySOHqobc54kRwgMCHuL3F8g?authuser=0&hl=en&rclk=1","Fore Seasons Golf Club","4.5","(61)","Indoor golf course","·","","28 Old Amity Rd","","Closes soon","⋅ 6 p.m. ⋅ Opens 11 a.m. Mon","https://lh5.googleusercontent.com/p/AF1QipOGT_x1NdL7LnCXw8dgNfihpjE3h9X0tFwDyCpr=w122-h92-k-no","https://ssl.gstatic.com/local/servicebusiness/default_user.png","""Inexpensive way to spend 2/3 hours playing 9 or 18 virtual holes."""
"https://www.google.ca/maps/place/Golf+Lounge+18/data=!4m7!3m6!1s0x89e839ae3e5c744b:0xf7ed8487bad16790!8m2!3d40.8642805!4d-73.1329621!16s%2Fg%2F11x1zqs70f!19sChIJS3RcPq456IkRkGfRuoeE7fc?authuser=0&hl=en&rclk=1","Golf Lounge 18","","","Indoor golf course","·","","·","619 Smith Haven Mall","","","https://lh5.googleusercontent.com/p/AF1QipMaNxjoAdY9XCoRpwBxTlvLj0nUIbIQtJTEYWFq=w80-h99-k-no","",""
"https://www.google.ca/maps/place/CT+Virtual+Golf/data=!4m7!3m6!1s0x89e7c6da4380017f:0x5b51f11c4bdc69d1!8m2!3d41.5415229!4d-72.9793692!16s%2Fg%2F11gdh1dqz9!19sChIJfwGAQ9rG54kR0WncSxzxUVs?authuser=0&hl=en&rclk=1","CT Virtual Golf","4.4","(21)","Indoor golf course","·","","·","108 Captain Neville Dr","Open","⋅ Closes 10 p.m.","https://lh5.googleusercontent.com/p/AF1QipNzv0PfCC_Ic9KDZscUcOHgE8nIMMdGCNC69rQs=w122-h92-k-no","https://ssl.gstatic.com/local/servicebusiness/default_user.png","""Great for golfers looking to improve and keep playing throughout the winter."""
"https://www.google.ca/maps/place/Proactive+PT+Golf+Simulator/data=!4m7!3m6!1s0x89e827d7c64816df:0xad0ce76753eb0c46!8m2!3d40.8731045!4d-73.4271311!16s%2Fg%2F1tdpn3bb!19sChIJ3xZIxtcn6IkRRgzrU2fnDK0?authuser=0&hl=en&rclk=1","Proactive PT Golf Simulator","5.0","(1)","Indoor golf course","·","","·","52 Wall St # 2","Open","⋅ Closes 5 a.m. Mon","https://lh5.googleusercontent.com/p/AF1QipN2dwqNVswDqNF-2uMg-tXLPpb4NR3dZ7Qx8e8B=w138-h92-k-no","",""
"https://www.google.ca/maps/place/The+Eagle+Club/data=!4m7!3m6!1s0x89c39bc4cf182d2f:0x9a443f08d898bec3!8m2!3d40.7838503!4d-74.6953193!16s%2Fg%2F11n0gnr3tp!19sChIJLy0Yz8Sbw4kRw76Y2Ag_RJo?authuser=0&hl=en&rclk=1","The Eagle Club","5.0","(12)","Golf club","·","","·","125 Maple Ave","Open","⋅ Closes 10 p.m.","https://lh5.googleusercontent.com/p/AF1QipNaufqnbrLGbf6iTVex0Qc_ArUotkg13m1tiooA=w122-h92-k-no","https://ssl.gstatic.com/local/servicebusiness/default_user.png","""Place is clean, simulator is easy to use."""
"https://www.google.ca/maps/place/Four+Seasons+Indoor+Golf/data=!4m7!3m6!1s0x89e894a1bd94340f:0x7406f008eed9709!8m2!3d40.8945687!4d-72.4209796!16s%2Fg%2F11hbk4s9qk!19sChIJDzSUvaGU6IkRCZftjgBvQAc?authuser=0&hl=en&rclk=1","Four Seasons Indoor Golf","5.0","(2)","Indoor golf course","·","","·","668 County Rd 39","Open","⋅ Closes 11 p.m.","https://lh5.googleusercontent.com/p/AF1QipMtJ7505G8HwWxACGDnNsD2L-Y5rBGD7W6YguG9=w138-h92-k-no","https://ssl.gstatic.com/local/servicebusiness/default_user.png","""No one bothers you."""
"https://www.google.ca/maps/place/Arena+Golf/data=!4m7!3m6!1s0x89e7b3e89884d1d9:0x7e0ddc3c98d073ba!8m2!3d41.7034124!4d-72.7431581!16s%2Fg%2F11mq3k1k1s!19sChIJ2dGEmOiz54kRunPQmDzcDX4?authuser=0&hl=en&rclk=1","Arena Golf","4.3","(7)","Indoor golf course","·","","·","300 Alumni Rd","Open","⋅ Closes 9 p.m.","https://maps.gstatic.com/tactile/pane/result-no-thumbnail-2x.png","https://ssl.gstatic.com/local/servicebusiness/default_user.png","""Simulator is kind of spotty but the space and service was amazing!"""
"https://www.google.ca/maps/place/Puttery/data=!4m7!3m6!1s0x89c25965c0721a53:0xb772a1dfc108f022!8m2!3d40.7417118!4d-74.0075088!16s%2Fg%2F11sx343klg!19sChIJUxpywGVZwokRIvAIwd-hcrc?authuser=0&hl=en&rclk=1","Puttery","4.3","(387)","Indoor golf course","·","","·","446 W 14th St","Open","⋅ Closes 10 p.m.","https://lh5.googleusercontent.com/p/AF1QipMb5J_iwjBaHwHP0eIwGRTUl6L6dTDrmVEPyipB=w138-h92-k-no","","No delivery"
"https://www.google.ca/maps/place/Golf+Pro+Delivered/data=!4m7!3m6!1s0x89c288cc513c3681:0x5f7ab0b2e259d547!8m2!3d40.8125261!4d-72.959645!16s%2Fg%2F11fx7y10fp!19sChIJgTY8UcyIwokRR9VZ4rKwel8?authuser=0&hl=en&rclk=1","Golf Pro Delivered","5.0","(76)","Indoor golf course","·","","·","23F Industrial Blvd","Closed","⋅ Opens 9 a.m. Mon","https://lh5.googleusercontent.com/p/AF1QipP8ibvLFcWdE53K3sGNsfK7K3r0aEFZkJ8CRUWX=w133-h92-k-no","","Onsite services"
"https://www.google.ca/maps/place/Great+Brook+Sports/data=!4m7!3m6!1s0x89e60bf479f12427:0xa8c0dd64bea75b44!8m2!3d41.3787675!4d-72.0401526!16s%2Fg%2F1tcz9bjm!19sChIJJyTxefQL5okRRFunvmTdwKg?authuser=0&hl=en&rclk=1","Great Brook Sports","4.0","(108)","Indoor golf course","·","","·","850 Gold Star Hwy","Open","⋅ Closes 7 p.m.","https://lh5.googleusercontent.com/p/AF1QipMXf7-2hKRK-Ec-35eRVghoG2ngF5hPaEoYe5qw=w163-h92-k-no","","Onsite services"
"https://www.google.ca/maps/place/Wins%27+Society+Golf/data=!4m7!3m6!1s0x89c259e155391309:0x7d4b8138857e7c93!8m2!3d40.722304!4d-73.9552499!16s%2Fg%2F11tp2j0ys9!19sChIJCRM5VeFZwokRk3x-hTiBS30?authuser=0&hl=en&rclk=1","Wins' Society Golf","4.5","(8)","Indoor golf course","·","","·","8 Berry St #4","Open","⋅ Closes 10 p.m.","https://lh5.googleusercontent.com/p/AF1QipO2Send39nayKMLSVSXKPyqLFTQfI3ldQH-Q4ep=w163-h92-k-no","https://ssl.gstatic.com/local/servicebusiness/default_user.png","""Excellent staff and a supportive and chill member community."""
"https://www.google.ca/maps/place/Monster+Mini+Golf+Garden+City/data=!4m7!3m6!1s0x89c27d6918d1062d:0xf3a195092564e782!8m2!3d40.733531!4d-73.6106941!16s%2Fg%2F11t40k044c!19sChIJLQbRGGl9wokRgudkJQmVofM?authuser=0&hl=en&rclk=1","Monster Mini Golf Garden City","4.3","(142)","Miniature golf course","·","","·","645 Stewart Ave","Open","⋅ Closes 10 p.m.","https://lh5.googleusercontent.com/p/AF1QipOBc36QliD556Kut1flp2pcn5GiXj-a4pSKnMgO=w80-h106-k-no","https://ssl.gstatic.com/local/servicebusiness/default_user.png","""Nice indoor mini golf course with some skeeball, bowling, and arcade games."""
"https://www.google.ca/maps/place/JS+Screen+Golf+%7C+Indoor+Golf+Lesson+%7C+%EC%8A%A4%ED%81%AC%EB%A6%B0%EA%B3%A8%ED%94%84+%EB%89%B4%EC%A0%80%EC%A7%80+%7C+Trackman+Indoor+Golf/data=!4m7!3m6!1s0x89c2ef479ef7dff1:0x9a1633c25e16de3a!8m2!3d41.0167896!4d-73.9462548!16s%2Fg%2F11h4nhmvy6!19sChIJ8d_3nkfvwokROt4WXsIzFpo?authuser=0&hl=en&rclk=1","JS Screen Golf | Indoor Golf Lesson | 스크린골프 뉴저지 | Trackman Indoor Golf","4.9","(11)","Golf instructor","·","","·","283 Livingston St","Closed","⋅ Opens 9 a.m. Tue","https://lh5.googleusercontent.com/p/AF1QipOU2FJzBGu1nHAQl3eX4fe0J64B0nDy2LROOIdH=w80-h111-k-no","https://ssl.gstatic.com/local/servicebusiness/default_user.png","""Nice indoor facility and friendly owner and staffs."""
"https://www.google.ca/maps/place/Konnectgolf/data=!4m7!3m6!1s0x89c258fef4c3ffff:0x288658997c0c5774!8m2!3d40.7571637!4d-73.9786641!16s%2Fg%2F11f519y7hl!19sChIJ___D9P5YwokRdFcMfJlYhig?authuser=0&hl=en&rclk=1","Konnectgolf","4.9","(106)","Indoor golf course","·","","·","590 5th Ave Floor 2","Closed","⋅ Opens 8 a.m. Mon","https://lh5.googleusercontent.com/p/AF1QipMs9ck017_IQcj1SEp0wHmyqwm5Ylr1RIsuUK7o=w105-h92-k-no","https://ssl.gstatic.com/local/servicebusiness/default_user.png","""Good food and drinks, big putting green, and a great simulator experience."""
"https://www.google.ca/maps/place/The+Golf+Zone+Club+Fitting/data=!4m7!3m6!1s0x89c39c154f22369f:0x151474dd8fe8b854!8m2!3d40.8399302!4d-74.7055362!16s%2Fg%2F1tmxghbg!19sChIJnzYiTxWcw4kRVLjoj910FBU?authuser=0&hl=en&rclk=1","The Golf Zone Club Fitting","3.6","(102)","Indoor golf course","·","","·","239 US-206","Open","⋅ Closes 7 p.m.","https://lh5.googleusercontent.com/p/AF1QipNERUNpcsrBT2TIT7Op2IovQkn7g4PFO33e2R_o=w122-h92-k-no","https://ssl.gstatic.com/local/servicebusiness/default_user.png","""Great fun at reasonable prices"""
"https://www.google.ca/maps/place/Westerly+Virtual+Golf/data=!4m7!3m6!1s0x89e5e7e7b33e4249:0x63b8ad487c7f3d0f!8m2!3d41.3722733!4d-71.8186058!16s%2Fg%2F11j0j1t33q!19sChIJSUI-s-fn5YkRDz1_fEituGM?authuser=0&hl=en&rclk=1","Westerly Virtual Golf","5.0","(17)","Indoor golf course","·","","·","114 Granite St","Open","⋅ Closes 9 p.m.","https://lh5.googleusercontent.com/p/AF1QipP1hb8frMaVgqlLH6M8YEko86tbb3i1ka4dBXW-=w122-h92-k-no","https://ssl.gstatic.com/local/servicebusiness/default_user.png","""Their simulators are as accurate as a simulator can be and they let us BYOB."""
"https://www.google.ca/maps/place/DC+Sports/data=!4m7!3m6!1s0x89dd39a2f64f735d:0xd3787ac3f703bb5e!8m2!3d41.6003499!4d-73.9105208!16s%2Fg%2F11clg_71lb!19sChIJXXNP9qI53YkRXrsD98N6eNM?authuser=0&hl=en&rclk=1","DC Sports","4.3","(416)","Indoor golf course","·","","·","1630 US-9","Open","⋅ Closes 9 p.m.","https://lh5.googleusercontent.com/p/AF1QipM105Vnx6a8LfTev8B8zV-kcK06rf-o49gUWkq9=w80-h106-k-no","https://ssl.gstatic.com/local/servicebusiness/default_user.png","""Arcade, golf simulator, wall climbing, ice cream, and pretty good food!"""
"https://www.google.ca/maps/place/Brooklyn+Red+Hook+Golf/data=!4m7!3m6!1s0x89c25b98baa055b9:0xdc9ed4e636a1f1e8!8m2!3d40.6774992!4d-74.0106521!16s%2Fg%2F11l5q0yw2r!19sChIJuVWguphbwokR6PGhNubUntw?authuser=0&hl=en&rclk=1","Brooklyn Red Hook Golf","5.0","(1)","Indoor golf course","·","","99 King St","","Closed","⋅ Opens 9 a.m. Mon","https://lh5.googleusercontent.com/p/AF1QipOEmX0cMQ6wqo_igldFEIp3WocK1M2Ozee7d6F9=w92-h92-k-no","https://ssl.gstatic.com/local/servicebusiness/default_user.png","""Super fun golf simulator!"""
"https://www.google.ca/maps/place/The+Golf+Center/data=!4m7!3m6!1s0x89c3326a654666b1:0xbb4eb161e79112f9!8m2!3d41.4310293!4d-74.427059!16s%2Fg%2F1tfrsw3z!19sChIJsWZGZWoyw4kR-RKR52GxTrs?authuser=0&hl=en&rclk=1","The Golf Center","4.6","(31)","Indoor golf course","·","","·","130 Dolson Ave","Closed","⋅ Opens 9 a.m. Mon","https://lh5.googleusercontent.com/p/AF1QipMdyexWGMvWmHwlAbGqE-hN7SXxYPpo0YSbWidB=w163-h92-k-no","https://ssl.gstatic.com/local/servicebusiness/default_user.png","""If u love golf this is the place."""
"https://www.google.ca/maps/place/Cloud+9+Virtual+Golf/data=!4m7!3m6!1s0x89e7a914c010e605:0x9901fd7c2053f6d8!8m2!3d41.8110657!4d-72.8464707!16s%2Fg%2F11h9qz_r6j!19sChIJBeYQwBSp54kR2PZTIHz9AZk?authuser=0&hl=en&rclk=1","Cloud 9 Virtual Golf","3.8","(10)","Indoor golf course","·","","·","177 W Main St","Open","⋅ Closes 9 p.m.","https://lh5.googleusercontent.com/p/AF1QipM0RvQUWYUFLlGGk9ZhUa9Dm_sCwEoMHkDjwk59=w122-h92-k-no","","Onsite services"
"https://www.google.ca/maps/place/24%2F7+Golf+Academy/data=!4m7!3m6!1s0x89e849db1fb4d0c5:0x951e224862ceba10!8m2!3d40.7727734!4d-73.0841063!16s%2Fg%2F11r3wc651z!19sChIJxdC0H9tJ6IkRELrOYkgiHpU?authuser=0&hl=en&rclk=1","24/7 Golf Academy","4.9","(18)","Golf instructor","·","","·","920 Lincoln Ave suite 4","Open 24 hours","","https://lh5.googleusercontent.com/p/AF1QipPjduRa-y2XhEzW0LJLEEs1GIZrtW2SnOkMs1P2=w80-h106-k-no","https://ssl.gstatic.com/local/servicebusiness/default_user.png","""A great team of instructors and a great facility have made golf fun."""
"https://www.google.ca/maps/place/Full+Circle+Golf/data=!4m7!3m6!1s0x89e7b353d89f6b37:0x22b706114ecf03e4!8m2!3d41.6399726!4d-72.7434616!16s%2Fg%2F11p0fzyxcz!19sChIJN2uf2FOz54kR5APPThEGtyI?authuser=0&hl=en&rclk=1","Full Circle Golf","5.0","(19)","Indoor golf course","·","","·","170 Deming Rd","Closed","⋅ Opens 2 p.m. Mon","https://lh5.googleusercontent.com/p/AF1QipN1o9QfKNjPt5WjL7U-CXgaPz3kafvFXEFyQBEn=w138-h92-k-no","https://ssl.gstatic.com/local/servicebusiness/default_user.png","""Simulators are very good with a variety of courses and games."""
"https://www.google.ca/maps/place/The+Players+Club+at+Whitney+Farms+Golf+Club/data=!4m7!3m6!1s0x89e7e351eeadbd0d:0x1d77d453e3374a97!8m2!3d41.3332039!4d-73.1939842!16s%2Fg%2F11rk0bsyvb!19sChIJDb2t7lHj54kRl0o341PUdx0?authuser=0&hl=en&rclk=1","The Players Club at Whitney Farms Golf Club","5.0","(1)","Indoor golf course","·","","·","175 Shelton Rd","","","https://lh5.googleusercontent.com/p/AF1QipNY1tcLnB2KonZwVEVyNz8RCuHX0CasbXq9fWed=w122-h92-k-no","https://ssl.gstatic.com/local/servicebusiness/default_user.png","""State of the art golf simulators, along with a full list of food and drinks."""
"https://www.google.ca/maps/place/GOLFTEC+Carle+Place/data=!4m7!3m6!1s0x89c287896c47a443:0xbaee864ff5cc3330!8m2!3d40.7499188!4d-73.6171812!16s%2Fg%2F1tmk9f1b!19sChIJQ6RHbImHwokRMDPM9U-G7ro?authuser=0&hl=en&rclk=1","GOLFTEC Carle Place","5.0","(15)","Golf instructor","·","","·","89 Westbury Ave","Open","⋅ Closes 7 p.m.","https://lh5.googleusercontent.com/p/AF1QipPOMngPCsRRB3mLOE7lPGSHnp8qoMYj2N9okwoK=w133-h92-k-no","","Onsite services"
"https://www.google.ca/maps/place/Xfit+Golf+Lab/data=!4m7!3m6!1s0x89c2f7177c3824e5:0x1a80a26a0b916149!8m2!3d40.8400126!4d-73.9810423!16s%2Fg%2F11m1mphbfn!19sChIJ5SQ4fBf3wokRSWGRC2qigBo?authuser=0&hl=en&rclk=1","Xfit Golf Lab","5.0","(91)","Golf instructor","·","","1224 Anderson Ave #9","","Closed","⋅ Opens 9 a.m. Mon","https://lh5.googleusercontent.com/p/AF1QipNleZ5J46zypYUvglWReEPSNABdOl_CYne9F93f=w80-h106-k-no","","Onsite services"
"https://www.google.ca/maps/place/Pinks+Links+Virtual+Golf/data=!4m7!3m6!1s0x89dce12a63469ccb:0xccd1bc1dfccf27ea!8m2!3d41.7869042!4d-74.2756789!16s%2Fg%2F11v5sf055p!19sChIJy5xGYyrh3IkR6ifP_B280cw?authuser=0&hl=en&rclk=1","Pinks Links Virtual Golf","5.0","(4)","Indoor golf course","·","","·","5914 US-209","Open","⋅ Closes 7 p.m.","https://lh5.googleusercontent.com/p/AF1QipPk47yo-0dyrTKI73J9W898iL5AKDXtUpPWac6u=w123-h92-k-no","https://ssl.gstatic.com/local/servicebusiness/default_user.png","""We can't wait to play again."""
"https://www.google.ca/maps/place/SSWING/data=!4m7!3m6!1s0x89c2595b7b3a5e6f:0x36efd81c7ee9e607!8m2!3d40.7547214!4d-73.9743401!16s%2Fg%2F11n_ys88n5!19sChIJb146e1tZwokRB-bpfhzY7zY?authuser=0&hl=en&rclk=1","SSWING","3.9","(32)","Indoor golf course","·","","·","245 Park Avenue, E 47th St Level Retail","Closed","⋅ Opens 7 a.m. Mon","https://lh5.googleusercontent.com/p/AF1QipNXRlfFb7bxxQST15MMPD6xz2Mp3UkL3n4sEQ6i=w122-h92-k-no","https://ssl.gstatic.com/local/servicebusiness/default_user.png","""Fantastic facility and excellent golf instruction."""
"https://www.google.ca/maps/place/Birdies+Indoor+Golf+and+Cocktail+Bar+Long+Island/data=!4m7!3m6!1s0x89e84941341a65cb:0xf2ff5c307a9abaec!8m2!3d40.766097!4d-73.014815!16s%2Fg%2F11pb9z5l1n!19sChIJy2UaNEFJ6IkR7LqaejBc__I?authuser=0&hl=en&rclk=1","Birdies Indoor Golf and Cocktail Bar Long Island","4.2","(81)","Indoor golf course","·","","·","17 N Ocean Ave","Closes soon","⋅ 6 p.m. ⋅ Opens 5 p.m. Mon","https://lh5.googleusercontent.com/p/AF1QipNHohImiiHuqGJ7RxwGOsZ-xwHEvQDZztWdpxPB=w122-h92-k-no","","Dine-in"
"https://www.google.ca/maps/place/The+Ryder+Cup+Room/data=!4m7!3m6!1s0x89c252f02ffd7465:0x78c7df60b847c02f!8m2!3d40.7451652!4d-74.0088118!16s%2Fg%2F1t_wq80c!19sChIJZXT9L_BSwokRL8BHuGDfx3g?authuser=0&hl=en&rclk=1","The Ryder Cup Room","3.7","(3)","Indoor golf course","·","","·","Pier 59 - 18th St. & Hudson River Park","Open","⋅ Closes 12 a.m.","https://lh5.googleusercontent.com/p/AF1QipOZ8muJIH2GqbpNlSGlqsbJDbRy5dw_mxi7e4XA=w122-h92-k-no","",""
"https://www.google.ca/maps/place/Chris+Cote%27s+Golf+Range+powered+by+Toptracer/data=!4m7!3m6!1s0x89e7b828fc5c48ad:0x47f5db5deaccc512!8m2!3d41.6087689!4d-72.9033061!16s%2Fg%2F1tfqrzp2!19sChIJrUhc_Ci454kREsXM6l3b9Uc?authuser=0&hl=en&rclk=1","Chris Cote's Golf Range powered by Toptracer","4.7","(368)","Golf driving range","·","","125 Jude Ln","","Open","⋅ Closes 7 p.m.","https://lh5.googleusercontent.com/p/AF1QipN8ienBoCudgGDtOUbPJTImJfPKLRhMPRCLONLF=w80-h106-k-no","","Onsite services"
"https://www.google.ca/maps/place/Southampton+Golf+Range/data=!4m7!3m6!1s0x89e894a19548976b:0xe89b74fb35e0dedd!8m2!3d40.8945675!4d-72.4209942!16s%2Fg%2F1tgzcct8!19sChIJa5dIlaGU6IkR3d7gNft0m-g?authuser=0&hl=en&rclk=1","Southampton Golf Range","4.6","(129)","Golf driving range","·","","·","668 County Rd 39","Open","⋅ Closes 8 p.m.","https://lh5.googleusercontent.com/p/AF1QipPHYb6KwKwojEZ3C92fbPEqNbhV_9RkcNBMyRpH=w122-h92-k-no","https://ssl.gstatic.com/local/servicebusiness/default_user.png","""There's a"
"","","","","","","","","","","","","",""