map url,Name,rating,reviews,keyword,Address,city,postal,state,country,region,website link,website short,,,FQ2IWe src,ah5Ghc,Jn12ke src
https://www.google.ca/maps/place/Golf+Lounge/data=!4m7!3m6!1s0x4cb7b1304506c0f5:0x3ceab8b4a070b116!8m2!3d45.4467043!4d-71.8623248!16s%2Fg%2F11tnxxg2jd!19sChIJ9cAGRTCxt0wRFrFwoLS46jw?authuser=0&hl=en&rclk=1,Golf Lounge,4.7,-31,Indoor golf course,3000 12e Avenue N suite 200,Sherbrook,,qc,can,sherbrook,http://www.golfloungesherbrooke.com/,,Open,â‹… Closes 9â€¯p.m.,https://lh5.googleusercontent.com/p/AF1QipNlADM9luE6p8X8fvgfBQVIqmuXv8YBJacL0eaH=w80-h106-k-no,,
https://www.google.ca/maps/place/Golf+18+Laval/data=!4m7!3m6!1s0x4cc9215fe8c72a97:0x6e20ef9667f5690c!8m2!3d45.581005!4d-73.7481919!16s%2Fg%2F1tdg7dz1!19sChIJlyrH6F8hyUwRDGn1Z5bvIG4?authuser=0&hl=en&rclk=1,Golf 18 Laval,4.5,-117,Indoor golf course,2854 Boul. le Corbusier,Laval,H7L 3S1,qc,can,montreal,http://www.golf18.ca/,,Open,â‹… Closes 12â€¯a.m.,https://lh5.googleusercontent.com/p/AF1QipNyS6YU8ccnJblFvE0Uu9hZq6WaPhp5P88OPwKN=w138-h92-k-no,,
https://www.google.ca/maps/place/Golf+IN+Brossard/data=!4m7!3m6!1s0x4cc9057727c802e9:0x6c1d5df4af725ca1!8m2!3d45.4740517!4d-73.4678865!16s%2Fg%2F1hm3tgt19!19sChIJ6QLIJ3cFyUwRoVxyr_RdHWw?authuser=0&hl=en&rclk=1,Golf IN Brossard,4.7,-80,Indoor golf course,6200 Taschereau Blvd,,,qc,can,,,,Open,â‹… Closes 8â€¯p.m.,https://lh5.googleusercontent.com/p/AF1QipPW_LoO4ZIX4RrBJImr9ouC1jUZAqw4W3vWY_BN=w138-h92-k-no,Takeout,
https://www.google.ca/maps/place/King+Golf+Club/data=!4m7!3m6!1s0x4cc923f2bc39a629:0x83cbf12a4841c177!8m2!3d45.5428738!4d-73.7489594!16s%2Fg%2F11pcs0yc97!19sChIJKaY5vPIjyUwRd8FBSCrxy4M?authuser=0&hl=en&rclk=1,King Golf Club,4.9,-17,Indoor golf course,965 Bd du CurÃ©-Labelle,,,qc,can,,,,Open,â‹… Closes 3â€¯a.m.,https://lh5.googleusercontent.com/p/AF1QipNEtmbw9tO1jDkClHK7ldzLMxJv9hBl2iI02nLN=w121-h92-k-no,,
https://www.google.ca/maps/place/OB+Golf/data=!4m7!3m6!1s0x4cc8d7f8efb32637:0x9834a1cb44a7bcf0!8m2!3d45.6889645!4d-73.9028109!16s%2Fg%2F11sb00zyk5!19sChIJNyaz7_jXyEwR8LynRMuhNJg?authuser=0&hl=en&rclk=1,OB Golf,5,-26,Indoor golf course,1356 Bd du CurÃ©-Labelle local 248,,,qc,can,,,,Open,â‹… Closes 12â€¯a.m.,https://lh5.googleusercontent.com/p/AF1QipPTLVy3U52tJwuyQVLtxm_oGzCMM_KiQXtPAfQG=w80-h106-k-no,,
https://www.google.ca/maps/place/Golf+int%C3%A9rieur+Le+Birdie/data=!4m7!3m6!1s0x4cc91b17f4c0fbf9:0x8008e0e6687dfb63!8m2!3d45.5420037!4d-73.5725913!16s%2Fg%2F11w945kkbk!19sChIJ-fvA9BcbyUwRY_t9aObgCIA?authuser=0&hl=en&rclk=1,Golf intÃ©rieur Le Birdie,4.9,-31,Indoor golf course,"EntrÃ©e porte de gauche via stationnement, 2520 Bd Saint-Joseph E #204",,,qc,can,,,,Open 24 hours,,https://lh5.googleusercontent.com/p/AF1QipOiEhDQUlOc91ttzmUxEPd2tvC4a46PwRgcsh6o=w80-h106-k-no,,
https://www.google.ca/maps/place/Golf+1600+Inc./data=!4m7!3m6!1s0x4cc93c5572ffffff:0x2455861a0b2495e2!8m2!3d45.4870228!4d-73.7772291!16s%2Fg%2F11t4f0kxmc!19sChIJ____clU8yUwR4pUkCxqGVSQ?authuser=0&hl=en&rclk=1,Golf 1600 Inc.,5,-19,Indoor golf course,1600 Trans Canada Route,,,qc,can,,,,Open,â‹… Closes 7â€¯p.m.,https://lh5.googleusercontent.com/p/AF1QipM-NB7v_x5LQXNwHHz8oNRajcEwFp2IQPM_Rm7D=w80-h106-k-no,,
https://www.google.ca/maps/place/T-Golf/data=!4m7!3m6!1s0x4cc9019b3d8b8d7b:0xed6216015d0cab76!8m2!3d45.5417448!4d-73.3578232!16s%2Fg%2F11kt46yp2w!19sChIJe42LPZsByUwRdqsMXQEWYu0?authuser=0&hl=en&rclk=1,T-Golf,5,-21,Indoor golf course,746 Mnt Montarville,,,qc,can,,,,Open,â‹… Closes 11â€¯p.m.,https://lh5.googleusercontent.com/p/AF1QipMLpsBmpbbuxFLE5v9z5dPLkIedeV31ooqRzBdi=w122-h92-k-no,,
https://www.google.ca/maps/place/Golf+365+Quebec/data=!4m7!3m6!1s0x4cc92f676ef82f51:0x26f75b52e8c04df7!8m2!3d45.5562589!4d-73.9208507!16s%2Fg%2F11gydnn2_n!19sChIJUS_4bmcvyUwR903A6FJb9yY?authuser=0&hl=en&rclk=1,Golf 365 Quebec,4.8,-33,Indoor golf course,670 Bd Industriel,,,qc,can,,,,Open,â‹… Closes 12â€¯a.m.,https://lh5.googleusercontent.com/p/AF1QipPJRLmRciRHKUXqlvSxi8dhiHJyg5KWYRXZNh8L=w163-h92-k-no,,
https://www.google.ca/maps/place/Muni/data=!4m7!3m6!1s0x4cc91b2d24ec7a7d:0x956cf496822d0dd7!8m2!3d45.4848458!4d-73.5637712!16s%2Fg%2F11w4gz4_f6!19sChIJfXrsJC0byUwR1w0tgpb0bJU?authuser=0&hl=en&rclk=1,Muni,4.8,-41,Indoor golf course,1750 Rue Saint-Patrick Suite R110,,,qc,can,,,,Open,â‹… Closes 11â€¯p.m.,https://lh5.googleusercontent.com/p/AF1QipNM4_tAAsm-q9UGiZzkjvhOk-4BvzOd0T86llfr=w80-h106-k-no,Onsite services,
https://www.google.ca/maps/place/Le+Golf+Club/data=!4m7!3m6!1s0x4cc9174ae2fe212f:0x63a32f419fb4e75d!8m2!3d45.4928303!4d-73.6784863!16s%2Fg%2F11lrlptb8p!19sChIJLyH-4koXyUwRXee0n0Evo2M?authuser=0&hl=en&rclk=1,Le Golf Club,4.7,-124,Indoor golf course,5832 De la CÃ´te-de-Liesse Rd,,,qc,can,,,,Open,â‹… Closes 11â€¯p.m.,https://lh5.googleusercontent.com/p/AF1QipPZAHdOZiqAAxKcZQrmW86zuKIFZVYZbIV70ZM=w148-h92-k-no,,
https://www.google.ca/maps/place/Golf+Exp%C3%A9rience/data=!4m7!3m6!1s0x4cc8bd471e06aa7d:0xb7b421a1273b73c7!8m2!3d46.0276916!4d-73.44558!16s%2Fg%2F11slbjhkg3!19sChIJfaoGHke9yEwRx3M7J6EhtLc?authuser=0&hl=en&rclk=1,Golf ExpÃ©rience,4.9,-44,Indoor golf course,289 Rue St Marc,,,qc,can,,,,Open,â‹… Closes 9â€¯p.m.,https://lh5.googleusercontent.com/p/AF1QipMVq4gnqQcDN1qGlLQunAomKovvpJjrlHMmGMYG=w196-h92-k-no,,
https://www.google.ca/maps/place/VGolf+Lounge+Qu%C3%A9bec/data=!4m7!3m6!1s0x4cb890bd60008ec7:0x21a2929b59544874!8m2!3d46.8041652!4d-71.3312041!16s%2Fg%2F124sw4cbr!19sChIJx44AYL2QuEwRdEhUWZuSoiE?authuser=0&hl=en&rclk=1,VGolf Lounge QuÃ©bec,4.7,-265,Indoor golf course,5050 Bd Wilfrid-Hamel local 200,,,qc,can,,,,Open,â‹… Closes 11:30â€¯p.m.,https://lh5.googleusercontent.com/p/AF1QipNzDyOhIDzGGHoZU4OM7wreL1cRk_nM3FM9u1N8=w138-h92-k-no,,
https://www.google.ca/maps/place/Le+Golf+Club+-+Golfin+Dorion/data=!4m7!3m6!1s0x4cc9481b070aa195:0x79f611f16f6b79da!8m2!3d45.3802154!4d-74.0130685!16s%2Fg%2F1ptznl8qw!19sChIJlaEKBxtIyUwR2nlrb_ER9nk?authuser=0&hl=en&rclk=1,Le Golf Club - Golfin Dorion,4.9,-54,Indoor golf course,83 Rte de LotbiniÃ¨re,,,qc,can,,,,,,https://lh5.googleusercontent.com/p/AF1QipPZalUGI8ZTb5QE7tXlcbYfc8x_G8ga_zJJgm51=w122-h92-k-no,,
https://www.google.ca/maps/place/VGolf+Laval/data=!4m7!3m6!1s0x4cc9238ca2e26ac5:0x2bee25b2e687c75b!8m2!3d45.5758515!4d-73.7878614!16s%2Fg%2F1tykt_n5!19sChIJxWrioowjyUwRW8eH5rIl7is?authuser=0&hl=en&rclk=1,VGolf Laval,4.6,-136,Indoor golf course,379 Bd du CurÃ©-Labelle,,,qc,can,,,,Open,â‹… Closes 10â€¯p.m.,https://lh5.googleusercontent.com/p/AF1QipMle3lr5sNYSBHcyYt0w1E0si5ywTAI9C6TMvk=w138-h92-k-no,,
https://www.google.ca/maps/place/Centre+de+Golf+Le+Foursome/data=!4m7!3m6!1s0x4cc92f8094f06949:0x633f89185197b28!8m2!3d45.5735099!4d-73.9008539!16s%2Fg%2F11v6f79j0w!19sChIJSWnwlIAvyUwRKHsZhZH4MwY?authuser=0&hl=en&rclk=1,Centre de Golf Le Foursome,4.9,-92,Indoor golf course,200A R. Dubois,,,qc,can,,,,Open,â‹… Closes 9â€¯p.m.,https://lh5.googleusercontent.com/p/AF1QipPlT9jo2RyFsyM_PEvzIbGRD_K1inQ4dnOFOUn7=w80-h106-k-no,,
https://www.google.ca/maps/place/Simulation+Sports+Laurentides-+simulateur+de+golf+int%C3%A9rieur+et+plus/data=!4m7!3m6!1s0x4cc8d5f58a4e2067:0x6dbe1a9656419d08!8m2!3d45.7554643!4d-73.9802304!16s%2Fg%2F11kpf3cslj!19sChIJZyBOivXVyEwRCJ1BVpYavm0?authuser=0&hl=en&rclk=1,Simulation Sports Laurentides- simulateur de golf intÃ©rieur et plus,5,-55,Indoor golf course,1185 Bd des Laurentides,,,qc,can,,,,Open,â‹… Closes 9â€¯p.m.,https://lh5.googleusercontent.com/p/AF1QipNvq-QIRHOBUk-S4KEyarvSFQHD4FqzVRGRcH1B=w138-h92-k-no,,
https://www.google.ca/maps/place/GOLF+VIRTUEL+CARLO+BLANCHARD/data=!4m7!3m6!1s0x4cc91ef4db3889cf:0x461c1b08dc7aaadd!8m2!3d45.5919882!4d-73.5811693!16s%2Fg%2F11cm05d1t5!19sChIJz4k42_QeyUwR3ap63AgbHEY?authuser=0&hl=en&rclk=1,GOLF VIRTUEL CARLO BLANCHARD,4.1,-59,Indoor golf course,6245 Boulevard MÃ©tropolitain E,,,qc,can,,,,Open,â‹… Closes 12â€¯a.m.,https://lh5.googleusercontent.com/p/AF1QipOpSiY_OmLpyy38feK-hIwq_mnoxx03MYL271JF=w122-h92-k-no,,
https://www.google.ca/maps/place/King+Golf+Club/data=!4m7!3m6!1s0x4cc93b2898ba6edf:0xfdc877db32100d66!8m2!3d45.5066467!4d-73.8226226!16s%2Fg%2F11rmzhqsgb!19sChIJ3266mCg7yUwRZg0QMtt3yP0?authuser=0&hl=en&rclk=1,King Golf Club,4.7,-3,Indoor golf course,11841 Pierrefonds Blvd.,,,qc,can,,,,Open,â‹… Closes 3â€¯a.m.,https://lh5.googleusercontent.com/p/AF1QipPOxa8N2-0Uu6pzJWfs3YVfmY03NLaMC1dhdBQg=w80-h142-k-no,,
https://www.google.ca/maps/place/Golf+O+Max+Boucherville/data=!4m7!3m6!1s0x4cc9032f1244f6a1:0xb098f25b24225d78!8m2!3d45.5687901!4d-73.4480774!16s%2Fg%2F11b6gghxcy!19sChIJofZEEi8DyUwReF0iJFvymLA?authuser=0&hl=en&rclk=1,Golf O Max Boucherville,4.6,-143,Indoor golf course,"20 De, Bd de Mortagne",,,qc,can,,,,Open,â‹… Closes 11â€¯p.m.,https://lh5.googleusercontent.com/p/AF1QipP_L4bULmfApLqXrNxcl-PPFa-xVYSJBBH2S7DS=w80-h106-k-no,,
https://www.google.ca/maps/place/Pavillon+de+golf+Ahuntsic/data=!4m7!3m6!1s0x4cc918b547529c4b:0xd0c080c67bdb6653!8m2!3d45.565464!4d-73.6495285!16s%2Fg%2F1tg2k901!19sChIJS5xSR7UYyUwRU2bbe8aAwNA?authuser=0&hl=en&rclk=1,Pavillon de golf Ahuntsic,4.4,-25,Indoor golf course,1750 Rue Sauriol East,,,qc,can,,,,Closes soon,â‹… 5:30â€¯p.m. â‹… Opens 9â€¯a.m. Mon,https://maps.gstatic.com/tactile/pane/result-no-thumbnail-2x.png,,
https://www.google.ca/maps/place/Pur+Golf+-+simulateurs+de+golf+-+golf+int%C3%A9rieur/data=!4m7!3m6!1s0x4cc90db8384a51fd:0xa1e3c3b967806567!8m2!3d45.3787487!4d-73.5359361!16s%2Fg%2F11dxdd90_m!19sChIJ_VFKOLgNyUwRZ2WAZ7nD46E?authuser=0&hl=en&rclk=1,Pur Golf - simulateurs de golf - golf intÃ©rieur,4.4,-44,Indoor golf course,169 Chem. Saint-FranÃ§ois-Xavier,,,qc,can,,,,Open,â‹… Closes 12â€¯a.m.,https://lh5.googleusercontent.com/p/AF1QipMdGUtqi_X03ye8q1u1-2hgvzL0X6Fh_lY-WEvm=w80-h106-k-no,"""I believe they might have some clubs for rent.""",https://ssl.gstatic.com/local/servicebusiness/default_user.png
https://www.google.ca/maps/place/Dickson+Golf/data=!4m7!3m6!1s0x4cc91492a558fdbb:0xaebd03795cc698bf!8m2!3d45.3713262!4d-73.7087462!16s%2Fg%2F11l65_0hxt!19sChIJu_1YpZIUyUwRv5jGXHkDva4?authuser=0&hl=en&rclk=1,Dickson Golf,5,-7,Indoor golf course,2000 QC-138,,,qc,can,,,,Open,â‹… Closes 11â€¯p.m.,https://lh5.googleusercontent.com/p/AF1QipOkCh2kdtxHnp4AxOgJJBIh3ruTPjaaxkRn-BKo=w80-h106-k-no,"""Outstanding indoor golf practice facility.""",https://ssl.gstatic.com/local/servicebusiness/default_user.png
https://www.google.ca/maps/place/LE+CLUBHOUSE+-+Caf%C3%A9+%26+Golf/data=!4m7!3m6!1s0x4cc901b46c619cbd:0x442c620e672e57ff!8m2!3d45.5879395!4d-73.2848265!16s%2Fg%2F11y581c9rs!19sChIJvZxhbLQByUwR_1cuZw5iLEQ?authuser=0&hl=en&rclk=1,LE CLUBHOUSE - CafÃ© & Golf,4.9,-28,Indoor golf course,4705 Chem. du CrÃ©puscule Local 100,,,qc,can,,,,Closes soon,â‹… 6â€¯p.m. â‹… Opens 9â€¯a.m. Mon,https://lh5.googleusercontent.com/p/AF1QipNnieL3Wxd7ImnALTKudEyzp_2MA7MPZ36HgZH0=w80-h106-k-no,,
https://www.google.ca/maps/place/KING+GOLF+CLUB+LAVAL/data=!4m7!3m6!1s0x4cc923847276981d:0x189faedb9b40fc66!8m2!3d45.5420423!4d-73.7482257!16s%2Fg%2F11shc5zvdl!19sChIJHZh2coQjyUwRZvxAm9uunxg?authuser=0&hl=en&rclk=1,KING GOLF CLUB LAVAL,5,-8,Indoor golf course,Center St-Martin,,,qc,can,,,,Open,â‹… Closes 3â€¯a.m.,https://lh5.googleusercontent.com/p/AF1QipN2HIjN-lNVGImSLuvXodBK0M2bMcIUcLfJQIqM=w138-h92-k-no,"""This place is well equipped with high technology screens.""",https://ssl.gstatic.com/local/servicebusiness/default_user.png
https://www.google.ca/maps/place/Putting+Edge+Downtown/data=!4m7!3m6!1s0x4cc91a6bd2e5ade5:0x87ebbd22309fb615!8m2!3d45.4951268!4d-73.5771893!16s%2Fg%2F1hm444lhp!19sChIJ5a3l0msayUwRFbafMCK964c?authuser=0&hl=en&rclk=1,Putting Edge Downtown,4,"-1,276",Indoor golf course,1259 Guy St,,,qc,can,,,,Open,â‹… Closes 11â€¯p.m.,https://lh5.googleusercontent.com/p/AF1QipPUMJDoWcaP1N8JUyHrR2TIwtXUtAKeZggPynGI=w122-h92-k-no,Onsite services,
https://www.google.ca/maps/place/Golf+Virtuel+Saguenay/data=!4m7!3m6!1s0x4cc021e888e1e137:0xa5c1834c8d663d0a!8m2!3d48.4153425!4d-71.0504169!16s%2Fg%2F11l68jr76t!19sChIJN-HhiOghwEwRCj1mjUyDwaU?authuser=0&hl=en&rclk=1,Golf Virtuel Saguenay,5,-11,Indoor golf course,763 Rue d'Alma,,,qc,can,,,,Open,â‹… Closes 10â€¯p.m.,https://lh3.googleusercontent.com/p/AF1QipPrJMMlw8OB_thnZPbZLCqBI9jesI4-Oh2eAv5Y=w80-h92-k-no-pi-0-ya229.0301-ro0-fo100,,
https://www.google.ca/maps/place/Saison+Golf+-+Simulateur+de+golf+int%C3%A9rieur+%C3%A0+Saint-J%C3%A9r%C3%B4me/data=!4m7!3m6!1s0x4ccf2bcd22af0839:0x36517c1728c86e8b!8m2!3d45.7683205!4d-74.0169616!16s%2Fg%2F11vkjb2srv!19sChIJOQivIs0rz0wRi27IKBd8UTY?authuser=0&hl=en&rclk=1,Saison Golf - Simulateur de golf intÃ©rieur Ã  Saint-JÃ©rÃ´me,4.7,-90,Indoor golf course,1085 Boul Jean-Baptiste-Rolland O,,,qc,can,,,,Open,â‹… Closes 11â€¯p.m.,https://lh5.googleusercontent.com/p/AF1QipMXOoGQVoFITx7LNkOEowc7qcGZ6DMxtMW89uQ2=w80-h106-k-no,"""Great simulator and ""cage"" (spacious, place for your bag, seating, etc...""",https://ssl.gstatic.com/local/servicebusiness/default_user.png
https://www.google.ca/maps/place/Golf+O-Max+Chateauguay/data=!4m7!3m6!1s0x4cc914c0b2c7ce7b:0x81391b840fc721d!8m2!3d45.3594856!4d-73.7163644!16s%2Fg%2F1hc433mrr!19sChIJe87HssAUyUwRHXL8QLiREwg?authuser=0&hl=en&rclk=1,Golf O-Max Chateauguay,3.8,-31,Indoor golf course,301 Boulevard d'Anjou,,,qc,can,,,,Open,â‹… Closes 3â€¯a.m.,https://lh5.googleusercontent.com/p/AF1QipPZAc5Ske95Liscv8Dt_TPCULcn-ZQrcIeaeu2Y=w80-h142-k-no,"""Relaxing not too crowded.""",https://ssl.gstatic.com/local/servicebusiness/default_user.png
https://www.google.ca/maps/place/GENERATION+GOLF+MIRABEL/data=!4m7!3m6!1s0x4cc92b9b100a0447:0xa8a8d83a743d2c93!8m2!3d45.6758193!4d-73.9343032!16s%2Fg%2F11n0817g1v!19sChIJRwQKEJsryUwRkyw9dDrYqKg?authuser=0&hl=en&rclk=1,GENERATION GOLF MIRABEL,4.3,-216,Indoor golf course,11695 Mnt Sainte-Marianne Suite 306,,,qc,can,,,,Open,â‹… Closes 11â€¯p.m.,https://lh5.googleusercontent.com/p/AF1QipMpJuIICDXngMKhbM2cFUNyVvOKVQNxmFCFrFw2=w92-h92-k-no,"""40$ flat fee/hour.""",https://ssl.gstatic.com/local/servicebusiness/default_user.png
https://www.google.ca/maps/place/Meilleure+Balle+-+Golf+int%C3%A9rieur+Longueuil/data=!4m7!3m6!1s0x4cc905310feeef4b:0xc6071d0e16bd6000!8m2!3d45.5232845!4d-73.4846062!16s%2Fg%2F11wnn6wws3!19sChIJS-_uDzEFyUwRAGC9Fg4dB8Y?authuser=0&hl=en&rclk=1,Meilleure Balle - Golf intÃ©rieur Longueuil,5,-4,Indoor golf course,550 Boulevard CurÃ©-Poirier O,,,qc,can,,,,Open,â‹… Closes 10â€¯p.m.,https://lh5.googleusercontent.com/p/AF1QipPPCaSj1yMo2J8wGtR0iSHmZvZFi2KRscstTqU1=w163-h92-k-no,Onsite services,
https://www.google.ca/maps/place/Zone+GolfIn+Sherbrooke/data=!4m7!3m6!1s0x4cb7b5d249475985:0xd2a5af7efd0dbbf9!8m2!3d45.396491!4d-71.9473373!16s%2Fg%2F11j3xm5l9t!19sChIJhVlHSdK1t0wR-bsN_X6vpdI?authuser=0&hl=en&rclk=1,Zone GolfIn Sherbrooke,4.7,-26,Indoor golf course,3025 Rue King Ouest #79,,,qc,can,,,,Closes soon,â‹… 6â€¯p.m. â‹… Opens 9â€¯a.m. Mon,https://lh5.googleusercontent.com/p/AF1QipONf5Ti0knXkJAkA_Ew0jLysndBaI-8tgCzIo1L=w80-h106-k-no,"""They also give discount for students and kids.""",https://ssl.gstatic.com/local/servicebusiness/default_user.png
https://www.google.ca/maps/place/GENERATION+GOLF+PIERREFONDS/data=!4m7!3m6!1s0x4cc93b242c9d7aab:0xf531e508c27d7754!8m2!3d45.5066467!4d-73.8226226!16s%2Fg%2F11k57g_40s!19sChIJq3qdLCQ7yUwRVHd9wgjlMfU?authuser=0&hl=en&rclk=1,GENERATION GOLF PIERREFONDS,4.3,-6,Indoor golf course,11841 Pierrefonds Blvd.,,,qc,can,,,,Open,â‹… Closes 3â€¯a.m.,https://lh5.googleusercontent.com/p/AF1QipNAU_rQd9Y592wZnsH95aqRYQcl3g3LLpUgbzoT=w138-h92-k-no,"""Great simulators.""",https://ssl.gstatic.com/local/servicebusiness/default_user.png
https://www.google.ca/maps/place/Golf+Virtuel+Agmm/data=!4m7!3m6!1s0x4cc7c8f9e4f45287:0x818ab069caa3b185!8m2!3d46.3410107!4d-72.5525024!16s%2Fg%2F1tj7v_7g!19sChIJh1L05PnIx0wRhbGjymmwioE?authuser=0&hl=en&rclk=1,Golf Virtuel Agmm,4.6,-31,Indoor golf course,1930 Rue Bellefeuille,,,qc,can,,,,Open,â‹… Closes 10â€¯p.m.,https://lh5.googleusercontent.com/p/AF1QipPlAxMXvbhlZOFcXzCtKxbPP-RqT89XQM1li-rF=w122-h92-k-no,,
https://www.google.ca/maps/place/GOLF+18+Repentigny/data=!4m7!3m6!1s0x4cc8e5e849e99c11:0x4e10a6ecdebc2168!8m2!3d45.7505836!4d-73.4429866!16s%2Fg%2F1td5qwqj!19sChIJEZzpSejlyEwRaCG83uymEE4?authuser=0&hl=en&rclk=1,GOLF 18 Repentigny,4.6,-101,Indoor golf course,591 Iberville Blvd,,,qc,can,,,,Open,â‹… Closes 12â€¯a.m.,https://lh5.googleusercontent.com/p/AF1QipOFJdHunHyZT3T5gId5-nsaXTi9Jac9yUKdEnB4=w138-h92-k-no,,
https://www.google.ca/maps/place/Golf+Virtuel+Nxt+Generation+%28sur+r%C3%A9servation+seulement%29+-+Simulateur+de+golf+%C3%A0+Saint-Henri+%28Montreal%29/data=!4m7!3m6!1s0x4cc9110dc22de24f:0x57c1c648237eabfb!8m2!3d45.469251!4d-73.5864466!16s%2Fg%2F11tc8yl2kq!19sChIJT-Itwg0RyUwR-6t-I0jGwVc?authuser=0&hl=en&rclk=1,Golf Virtuel Nxt Generation (sur rÃ©servation seulement) - Simulateur de golf Ã  Saint-Henri (Montreal),5,-4,Indoor golf course,4800 Rue Saint-Ambroise #112G,,,qc,can,,,,Closes soon,â‹… 6â€¯p.m. â‹… Opens 9â€¯a.m. Mon,https://lh5.googleusercontent.com/p/AF1QipOvJ5ZGVXVMNajXE_ABDKEujSKz3iHMKWOxo4iD=w80-h142-k-no,"""Great facility and staff was really nice""",https://ssl.gstatic.com/local/servicebusiness/default_user.png
https://www.google.ca/maps/place/INTERGOLF+2022+inc/data=!4m7!3m6!1s0x4cc9c943e684c8a5:0x811d3f4c7fcb47a9!8m2!3d45.4248761!4d-72.8121359!16s%2Fg%2F1thlmptx!19sChIJpciE5kPJyUwRqUfLf0w_HYE?authuser=0&hl=en&rclk=1,INTERGOLF 2022 inc,4.3,-47,Indoor golf course,1586 Rue Principale,,,qc,can,,,,Open,â‹… Closes 9â€¯p.m.,https://lh5.googleusercontent.com/p/AF1QipMuIC0w5cQ3K3s8UwrNrGBrZ8qg5M11xcO6plu6=w163-h92-k-no,Onsite services,
https://www.google.ca/maps/place/Golf+chez+Didi/data=!4m7!3m6!1s0x4cc957284ee630d9:0xe340ae1b6413645a!8m2!3d45.1627161!4d-74.1947387!16s%2Fg%2F11y9phgv47!19sChIJ2TDmTihXyUwRWmQTZBuuQOM?authuser=0&hl=en&rclk=1,Golf chez Didi,5,-4,Indoor golf course,17 Mnt du Lac,,,qc,can,,,,Open,â‹… Closes 10â€¯p.m.,https://lh5.googleusercontent.com/p/AF1QipOuuQMgI_AZdTrkI7dcyXsfB3r40SMSK6YoCS9E=w80-h106-k-no,,
https://www.google.ca/maps/place/Saison+Golf+Lachute/data=!4m7!3m6!1s0x4ccedbb854f165fb:0x2e36b87169143dad!8m2!3d45.638998!4d-74.3270396!16s%2Fg%2F11wtfvtc6n!19sChIJ-2XxVLjbzkwRrT0UaXG4Ni4?authuser=0&hl=en&rclk=1,Saison Golf Lachute,4.3,-23,Indoor golf course,505 Av. BÃ©thany,,,qc,can,,,,Open,â‹… Closes 8â€¯p.m.,https://lh5.googleusercontent.com/p/AF1QipOwI3tFQeVch1s7lWCY4VaIfDjfaYWNpKIaSaLG=w80-h100-k-no,"""Screen and equipment work well.""",https://ssl.gstatic.com/local/servicebusiness/default_user.png
https://www.google.ca/maps/place/Putting+Edge+Spheretech/data=!4m7!3m6!1s0x4cc917f844c948d5:0xffcd1150c4aa940c!8m2!3d45.4940192!4d-73.705914!16s%2Fg%2F1tgz52qt!19sChIJ1UjJRPgXyUwRDJSqxFARzf8?authuser=0&hl=en&rclk=1,Putting Edge Spheretech,4.2,-556,Indoor golf course,3500 Boulevard Cote Vertu Ouest Suite 140,,,qc,can,,,,Open,â‹… Closes 7â€¯p.m.,https://lh5.googleusercontent.com/p/AF1QipOh7wSRF5_iIT-POmsmJjV4b2wRb2pOxkEh_Ogn=w138-h92-k-no,"""Staff is helpful and friendly, they even have a little slide inside ðŸ¤©""",https://ssl.gstatic.com/local/servicebusiness/default_user.png
https://www.google.ca/maps/place/Le+Club+B2golf/data=!4m7!3m6!1s0x4cb897c59a61b3e1:0x2a1dbac8b0ae6b50!8m2!3d46.8344324!4d-71.2739032!16s%2Fg%2F11ckc95w0d!19sChIJ4bNhmsWXuEwRUGuusMi6HSo?authuser=0&hl=en&rclk=1,Le Club B2golf,4.9,-34,Indoor golf course,710 Rue Bouvier #155,,,qc,can,,,,Closed,â‹… Opens 9â€¯a.m. Tue,https://lh5.googleusercontent.com/p/AF1QipMmP5q1oxTlv6fcVQyUcWnlWXVMrYsUy8g7_FRB=w122-h92-k-no,,
https://www.google.ca/maps/place/Centre+De+Golf+Jacques+C%C3%B4t%C3%A9+Inc/data=!4m7!3m6!1s0x4cb8bc2e296cb447:0x315b5a0855d3da1b!8m2!3d46.8794605!4d-71.1837433!16s%2Fg%2F1tdkx8mm!19sChIJR7RsKS68uEwRG9rTVQhaWzE?authuser=0&hl=en&rclk=1,Centre De Golf Jacques CÃ´tÃ© Inc,4.3,-24,Indoor golf course,400 Bd Armand-Paris,,,qc,can,,,,Open,â‹… Closes 12â€¯a.m.,https://lh3.googleusercontent.com/p/AF1QipOuI8Mhc4qF1jRF9m3SzaMvQw2uNnEwWWC3KiJI=w80-h92-k-no-pi-0-ya269.82916-ro0-fo100,,
https://www.google.ca/maps/place/Golf+ME/data=!4m7!3m6!1s0x4cc7097ea2d8a3d9:0x46f4a00bccba6ed0!8m2!3d46.7570273!4d-72.2703446!16s%2Fg%2F11vr5ww20c!19sChIJ2aPYon4Jx0wR0G66zAug9EY?authuser=0&hl=en&rclk=1,Golf ME,5,-3,Indoor golf course,442 Rue St Paul,,,qc,can,,,,Open,â‹… Closes 10â€¯p.m.,https://lh5.googleusercontent.com/p/AF1QipOu2wuvJeWCwMlRUByV8gltdGbuvPS8QqdrcJgG=w80-h148-k-no,,
https://www.google.ca/maps/place/Putting+Edge+Centropolis/data=!4m7!3m6!1s0x4cc923c87322b28b:0x519065753eccc08d!8m2!3d45.5625194!4d-73.7448669!16s%2Fg%2F1v3kh3hn!19sChIJi7Iic8gjyUwRjcDMPnVlkFE?authuser=0&hl=en&rclk=1,Putting Edge Centropolis,4.1,-890,Indoor golf course,105 Prom. Du Centropolis,,,qc,can,,,,Open,â‹… Closes 7â€¯p.m.,https://lh5.googleusercontent.com/p/AF1QipMNru8S0k8x-iiT8Znq6XqZMjO7LGDzEYt3sKZp=w166-h92-k-no,Onsite services,
https://www.google.ca/maps/place/Golf+In+Joliette/data=!4m7!3m6!1s0x4cc8bdf1e36ba979:0x5d29087c608cedbe!8m2!3d46.013306!4d-73.423726!16s%2Fg%2F1td32nnt!19sChIJealr4_G9yEwRvu2MYHwIKV0?authuser=0&hl=en&rclk=1,Golf In Joliette,4.4,-7,Indoor golf course,945 Rue Nicoletti,,,qc,can,,,,Open,â‹… Closes 8â€¯p.m.,https://lh5.googleusercontent.com/p/AF1QipProudFNz0IFfqkrNUSHo7uW1ZEbKGOSpLHWyp-=w138-h92-k-no,,
"https://www.google.ca/maps/place/Nakhjavani+Golf+-+Cours+de+Golf+,+Golf+Int%C3%A9rieur/data=!4m7!3m6!1s0x4cc917359fb145c3:0xe7699cf34aa9addb!8m2!3d45.4704614!4d-73.708939!16s%2Fg%2F11h04my1np!19sChIJw0WxnzUXyUwR262pSvOcaec?authuser=0&hl=en&rclk=1","Nakhjavani Golf - Cours de Golf , Golf IntÃ©rieur",5,-160,Golf instructor,9428 De la CÃ´te-de-Liesse Rd,,,qc,can,,,,Closed,â‹… Opens 10â€¯a.m. Tue,https://lh5.googleusercontent.com/p/AF1QipOskVOKnv5u7jahlNN6fCz3GP-7VwrJBpEMIjH1=w80-h106-k-no,Onsite services,
https://www.google.ca/maps/place/Le+Veston+Vert/data=!4m7!3m6!1s0x4cc969d635d815d5:0xfd6579442a70e5f5!8m2!3d45.2528911!4d-73.7973581!16s%2Fg%2F11k3wtlfgj!19sChIJ1RXYNdZpyUwR9eVwKkR5Zf0?authuser=0&hl=en&rclk=1,Le Veston Vert,4.9,-18,Indoor golf course,265 Rue Saint-Joseph,,,qc,can,,,,Open,â‹… Closes 12â€¯a.m.,https://lh5.googleusercontent.com/p/AF1QipPN_zhl-wZ09yCRevw_qetGTVZysWlquogQR9da=w199-h92-k-no,,
https://www.google.ca/maps/place/Golf-O-Max+Victoriaville/data=!4m7!3m6!1s0x4cb8016aa60b5543:0xbc9c9e7fe3ec897a!8m2!3d46.0666936!4d-71.9675826!16s%2Fg%2F1tgnlpdv!19sChIJQ1ULpmoBuEwReons43-enLw?authuser=0&hl=en&rclk=1,Golf-O-Max Victoriaville,4,-4,Indoor golf course,450 Boul. des Bois-Francs N,,,qc,can,,,,,,https://lh5.googleusercontent.com/p/AF1QipMyo9Qyf7ROZwJwu12vY9ULZCVovmJUttkcu8Br=w138-h92-k-no,,
"https://www.google.ca/maps/place/Golf+O+Max,+Candiac/data=!4m7!3m6!1s0x4cc90fa7eea3e489:0x7cf74a4021ded1a!8m2!3d45.3927581!4d-73.5165354!16s%2Fg%2F11s647slbw!19sChIJieSj7qcPyUwRGu0dAqR0zwc?authuser=0&hl=en&rclk=1","Golf O Max, Candiac",4,-4,Indoor golf course,19 Bd Montcalm N,,,qc,can,,,,Open,â‹… Closes 3â€¯a.m.,https://lh5.googleusercontent.com/p/AF1QipNy6ynUob2nkIRL4_WB5fFpkAccNubb2wq8QLLp=w122-h92-k-no,Dine-in,
https://www.google.ca/maps/place/Woodstock+Indoor+Golf/data=!4m7!3m6!1s0x4ca493a69bd2852f:0x10a6581ed55f03e9!8m2!3d46.1658127!4d-67.5970005!16s%2Fg%2F11w8nztjcc!19sChIJL4XSm6aTpEwR6QNf1R5YphA?authuser=0&hl=en&rclk=1,Woodstock Indoor Golf,,,Golf driving range,337 Connell St,,,qc,can,,,,Open,â‹… Closes 10â€¯p.m.,https://maps.gstatic.com/tactile/pane/result-no-thumbnail-2x.png,,
https://www.google.ca/maps/place/Goplex+e-karting+%2B/data=!4m7!3m6!1s0x4cc90f2ef4b81239:0x71cd1aef43e38566!8m2!3d45.4434341!4d-73.4715676!16s%2Fg%2F11jlpccd_h!19sChIJORK49C4PyUwRZoXjQ-8azXE?authuser=0&hl=en&rclk=1,Goplex e-karting +,4.6,-771,Indoor golf course,8505 Taschereau Blvd,,,qc,can,,,,,,https://lh5.googleusercontent.com/p/AF1QipOuwj1LPiUmOAH8LqCjKMAcKxJzmNINxnzkiSf2=w137-h92-k-no,Onsite services,
https://www.google.ca/maps/place/Bar+Laitier+Mini+Golf+Fluo+S%27amuse/data=!4m7!3m6!1s0x4cb897593b1162d9:0xf9acc5f23f0292aa!8m2!3d46.8455401!4d-71.2653822!16s%2Fg%2F11fn0d4b9s!19sChIJ2WIRO1mXuEwRqpICP_LFrPk?authuser=0&hl=en&rclk=1,Bar Laitier Mini Golf Fluo S'amuse,4.5,-823,Miniature golf course,475 Boul de l'Atrium Local 105,,,qc,can,,,,Open,â‹… Closes 10â€¯p.m.,https://lh5.googleusercontent.com/p/AF1QipMfIcnn_iHuPUb1O7wjRL7TuU7d7faMtdVuKRoY=w122-h92-k-no,"""The courses are fun and the ambience is family friendly.""",https://ssl.gstatic.com/local/servicebusiness/default_user.png
https://www.google.ca/maps/place/Dooly%27s+Bromont/data=!4m7!3m6!1s0x4cc9da4b4355ba4f:0x9b69e5e8e6b97b6d!8m2!3d45.3053131!4d-72.6797637!16s%2Fg%2F1thcrzf7!19sChIJT7pVQ0vayUwRbXu55ujlaZs?authuser=0&hl=en&rclk=1,Dooly's Bromont,4.2,-231,Indoor golf course,1381 Rue Shefford,,,qc,can,,,,Open,â‹… Closes 11â€¯p.m.,https://lh5.googleusercontent.com/p/AF1QipM4aXUwt0ZeKKBB6lwSTQU_nkr7cqOr0XxbSSDn=w138-h92-k-no,Dine-in,
https://www.google.ca/maps/place/Jurassique+Golf+et+Amusements/data=!4m7!3m6!1s0x4cc905236d07ae6f:0xf6ae54a98884447!8m2!3d45.470006!4d-73.467158!16s%2Fg%2F11wbz871qj!19sChIJb64HbSMFyUwRR0SImErlag8?authuser=0&hl=en&rclk=1,Jurassique Golf et Amusements,4.5,-188,Miniature golf course,6633B Taschereau Blvd,,,qc,can,,,,Open,â‹… Closes 7â€¯p.m.,https://lh5.googleusercontent.com/p/AF1QipPVJpaQO1yagiz2sbdu-FUkqcWTpWGX13NLG9FV=w80-h106-k-no,"""Really great",https://ssl.gstatic.com/local/servicebusiness/default_user.png
https://www.google.ca/maps/place/GolfIn/data=!4m7!3m6!1s0x4cb9eaaa718cd30d:0x96144bbb9d82e600!8m2!3d46.1334363!4d-70.6830875!16s%2Fg%2F11b7wc5cdg!19sChIJDdOMcarquUwRAOaCnbtLFJY?authuser=0&hl=en&rclk=1,GolfIn,5,-3,Corporate office,9555 Av. 10e,,,qc,can,,,,Closed,â‹… Opens 8â€¯a.m. Mon,https://lh5.googleusercontent.com/p/AF1QipMjswnxvMqDq1fa9t2-M3wWMuEPArgHjBVkoJoD=w137-h92-k-no,,
https://www.google.ca/maps/place/Golf+en+Ville/data=!4m7!3m6!1s0x4cc91d8e1f944a0f:0x461793491087d4ea!8m2!3d45.5726795!4d-73.5485825!16s%2Fg%2F11x27v1rvj!19sChIJD0qUH44dyUwR6tSHEEmTF0Y?authuser=0&hl=en&rclk=1,Golf en Ville,,,Indoor golf course,5674 Sherbrooke St E,,,qc,can,,,,,,https://lh5.googleusercontent.com/p/AF1QipPEfycde-IxjFaN27foJq8MKD8KtLSm1T9RXPqf=w80-h100-k-no,,
https://www.google.ca/maps/place/Golf+Ex%C3%A9cutif+Montr%C3%A9al/data=!4m7!3m6!1s0x4cc911f56a005b83:0x87f4e97873df6dab!8m2!3d45.4539688!4d-73.5585014!16s%2Fg%2F11h6l72gmz!19sChIJg1sAavURyUwRq23fc3jp9Ic?authuser=0&hl=en&rclk=1,Golf ExÃ©cutif MontrÃ©al,4.1,-192,Golf course,999 Bd de la ForÃªt,,,qc,can,,,,,,https://lh5.googleusercontent.com/p/AF1QipNpSZOWagM8XgbrplMQV5ey_rncbZKD8lW8toTO=w143-h92-k-no,"""In the winter, itâ€™s an",https://ssl.gstatic.com/local/servicebusiness/default_user.png
https://www.google.ca/maps/place/Straight+Shooter+Mini+Golf/data=!4m7!3m6!1s0x4ccc220d7311bc03:0x860d7e8420425cbe!8m2!3d45.1292609!4d-74.8218457!16s%2Fg%2F11cn7th0b2!19sChIJA7wRcw0izEwRvlxCIIR-DYY?authuser=0&hl=en&rclk=1,Straight Shooter Mini Golf,4,-13,Miniature golf course,4631 St Andrews Rd,,,qc,can,,,,,,https://lh5.googleusercontent.com/p/AF1QipPT24T2PAqN5XiQHSQdMidNcDMw-zUh7ILAuk2K=w80-h142-k-no,,
https://www.google.ca/maps/place/Mini-golf+Le+Petit+G%C3%A9ant/data=!4m7!3m6!1s0x4ccf77d10e5afc07:0x7ec8eacdf1bfa64f!8m2!3d46.2123804!4d-74.5851922!16s%2Fg%2F11bxfjzymv!19sChIJB_xaDtF3z0wRT6a_8c3qyH4?authuser=0&hl=en&rclk=1,Mini-golf Le Petit GÃ©ant,4.1,-182,Miniature golf course,140 Chem. au Pied de la Montagne,,,qc,can,,,,,,https://lh5.googleusercontent.com/p/AF1QipNUvPA_WDCts6Rxbj--32YM9Nk9S9MmrGtjRrZU=w138-h92-k-no,"""It is fun but they said they open at 9am at they where not open at 9:30am""",https://ssl.gstatic.com/local/servicebusiness/default_user.png
https://www.google.ca/maps/place/Coffee+Bistro+Le+Virtuel/data=!4m7!3m6!1s0x4cc813c962f9c92f:0xe09f781455f322f7!8m2!3d45.9043293!4d-72.5298802!16s%2Fg%2F1hc7jv1q7!19sChIJL8n5YskTyEwR9yLzVRR4n-A?authuser=0&hl=en&rclk=1,Coffee Bistro Le Virtuel,4.4,-7,Indoor golf course,230 Boulevard Saint-Joseph O #400,,,qc,can,,,,,,https://lh5.googleusercontent.com/p/AF1QipMJnyBrK9mpqQLo7bpc7WeKwJdN5dLq5qzHZK3E=w122-h92-k-no,,
